1691444194.076,2023-08-07 21:36:34.076,0,1.109,0,3.499999999999659,0,21.438493198795634,597372170562,cold_to_warm_disk_process
1691444195.247,2023-08-07 21:36:35.247,0,3.758,0,10.25000000000027,0,21.3850227496044,597372702733,cold_to_warm_disk_process
1691444196.493,2023-08-07 21:36:36.493,1,4.427,0,31.25,0,21.800750559367984,597378344818,cold_to_warm_disk_process
1691444197.6,2023-08-07 21:36:37.600,1,1.947,0,41.00000000000037,0,21.99943964547711,597380461810,cold_to_warm_disk_process
1691444198.674,2023-08-07 21:36:38.674,1,1.319,0,14.249999999999474,0,22.039295847457293,597382529000,cold_to_warm_disk_process
1691444199.784,2023-08-07 21:36:39.784,1,1.282,0,14.000000000000057,0,22.04501777744455,597384700288,cold_to_warm_disk_process
1691444200.867,2023-08-07 21:36:40.867,1,2.041,0,23.000000000000398,0,22.094936683885074,597386961042,cold_to_warm_disk_process
1691444201.945,2023-08-07 21:36:41.945,1,2.229,0,7.499999999999929,0,22.234236082885115,597389229099,cold_to_warm_disk_process
1691444203.04,2023-08-07 21:36:43.040,1,2.219,0,41.24999999999979,0,22.31592156615143,597391327738,cold_to_warm_disk_process
1691444204.12,2023-08-07 21:36:44.120,1,2.381,0,18.000000000000327,0,22.2857334527704,597393532004,cold_to_warm_disk_process
1691444205.199,2023-08-07 21:36:45.199,1,2.056,0,23.749999999999716,0,22.296388081022528,597395781601,cold_to_warm_disk_process
1691444206.278,2023-08-07 21:36:46.278,1,2.803,0,26.74999999999983,0,22.43647671174495,597397969440,cold_to_warm_disk_process
1691444207.401,2023-08-07 21:36:47.401,1,3.053,0,46.499999999999986,0,22.300136931703832,597400209706,cold_to_warm_disk_process
1691444208.475,2023-08-07 21:36:48.475,1,2.396,0,23.25000000000017,0,22.245088019067836,597402456160,cold_to_warm_disk_process
1691444209.55,2023-08-07 21:36:49.550,1,2.844,0,25.249999999999773,0,22.19733949986386,597404674645,cold_to_warm_disk_process
1691444210.64,2023-08-07 21:36:50.640,1,2.532,0,37.25000000000023,0,22.213716058103238,597406923135,cold_to_warm_disk_process
1691444211.746,2023-08-07 21:36:51.746,1,2.396,0,37.24999999999987,0,22.219635296021085,597409174731,cold_to_warm_disk_process
1691444212.829,2023-08-07 21:36:52.829,1,2.37,0,38.750000000000284,0,22.22121375946585,597411400765,cold_to_warm_disk_process
1691444213.902,2023-08-07 21:36:53.902,1,2.422,0,52.75000000000034,0,22.221411067396442,597413621235,cold_to_warm_disk_process
1691444214.974,2023-08-07 21:36:54.974,1,2.49,0,62.24999999999916,0,22.229106076689646,597415820179,cold_to_warm_disk_process
1691444216.044,2023-08-07 21:36:56.044,1,2.093,0,48.00000000000004,0,22.246469174582003,597418116524,cold_to_warm_disk_process
1691444217.115,2023-08-07 21:36:57.115,1,4.086,0,42.2500000000003,0,22.46903252029312,597420297118,cold_to_warm_disk_process
1691444218.195,2023-08-07 21:36:58.195,1,2.401,0,67.24999999999994,0,22.310594252025364,597422519226,cold_to_warm_disk_process
1691444219.282,2023-08-07 21:36:59.282,1,2.542,0,59.50000000000024,0,22.599650370346986,597424816418,cold_to_warm_disk_process
1691444220.37,2023-08-07 21:37:00.370,1,2.714,0,63.4999999999998,0,22.29402038585539,597426927946,cold_to_warm_disk_process
1691444221.461,2023-08-07 21:37:01.461,1,2.901,0,59.750000000000725,0,22.251796488708067,597429157972,cold_to_warm_disk_process
1691444222.552,2023-08-07 21:37:02.552,1,2.579,0,60.49999999999969,0,22.250809949055093,597431353733,cold_to_warm_disk_process
1691444223.689,2023-08-07 21:37:03.689,1,3.708,0,54.00000000000027,0,22.47258406304383,597433562252,cold_to_warm_disk_process
1691444224.762,2023-08-07 21:37:04.762,1,3.422,0,62.499999999999645,0,22.67817892672378,597435814799,cold_to_warm_disk_process
1691444225.852,2023-08-07 21:37:05.852,1,2.37,0,45.99999999999973,0,22.739147077277625,597438033033,cold_to_warm_disk_process
1691444226.938,2023-08-07 21:37:06.938,1,2.344,0,37.0000000000001,0,22.707183192521242,597440268719,cold_to_warm_disk_process
1691444228.047,2023-08-07 21:37:08.047,1,4.282,0,50.000000000000355,0,23.01774587527771,597442526827,cold_to_warm_disk_process
1691444229.122,2023-08-07 21:37:09.122,1,2.558,0,71.99999999999953,0,22.971970435379678,597444272824,cold_to_warm_disk_process
1691444230.204,2023-08-07 21:37:10.204,1,2.787,0,60.25000000000027,0,23.082265568582265,597446536467,cold_to_warm_disk_process
1691444231.28,2023-08-07 21:37:11.280,1,1.983,0,57.500000000000284,0,23.031754738349953,597448799631,cold_to_warm_disk_process
1691444232.371,2023-08-07 21:37:12.371,1,2.056,0,60.250000000000625,0,23.061548235869793,597450922722,cold_to_warm_disk_process
1691444233.475,2023-08-07 21:37:13.475,1,2.417,0,36.74999999999997,0,23.027808579738053,597453267045,cold_to_warm_disk_process
1691444234.557,2023-08-07 21:37:14.557,1,2.125,0,30.750000000000455,0,23.058391308980273,597455520963,cold_to_warm_disk_process
1691444235.628,2023-08-07 21:37:15.628,1,2.114,0,31.499999999999417,0,23.061745543800388,597457771346,cold_to_warm_disk_process
1691444236.696,2023-08-07 21:37:16.696,1,2.015,0,29.750000000000654,0,23.04477706176922,597459969189,cold_to_warm_disk_process
1691444237.786,2023-08-07 21:37:17.786,1,2.015,0,33.000000000000185,0,23.065297086551098,597462068007,cold_to_warm_disk_process
1691444238.859,2023-08-07 21:37:18.859,1,4.573,0,38.4999999999998,0,23.13691986535707,597464270512,cold_to_warm_disk_process
1691444239.946,2023-08-07 21:37:19.946,1,1.978,0,74.49999999999974,0,23.01202394529046,597466420235,cold_to_warm_disk_process
1691444241.048,2023-08-07 21:37:21.048,1,2.558,0,59.250000000000114,0,23.00353970427487,597468741738,cold_to_warm_disk_process
1691444242.121,2023-08-07 21:37:22.121,1,2.151,0,37.5,0,22.969010816420756,597471056836,cold_to_warm_disk_process
1691444243.212,2023-08-07 21:37:23.212,1,1.932,0,38.55721393034828,0,22.97473274640801,597473692403,cold_to_warm_disk_process
1691444244.281,2023-08-07 21:37:24.281,1,2.062,0,32.16080402010007,0,22.925997687551053,597476141692,cold_to_warm_disk_process
1691444245.356,2023-08-07 21:37:25.356,1,2.009,0,39.750000000000085,0,22.92224883686975,597478432705,cold_to_warm_disk_process
1691444246.474,2023-08-07 21:37:26.474,1,2.098,0,30.49999999999926,0,22.927181535134622,597480658584,cold_to_warm_disk_process
1691444247.614,2023-08-07 21:37:27.614,1,1.962,0,42.24999999999994,0,22.936455007872585,597482846445,cold_to_warm_disk_process
1691444248.699,2023-08-07 21:37:28.699,1,1.994,0,49.10179640718583,0,22.933298080983068,597484912666,cold_to_warm_disk_process
1691444249.771,2023-08-07 21:37:29.771,1,4.044,0,52.154308617234555,0,23.368559375875552,597487168298,cold_to_warm_disk_process
1691444250.842,2023-08-07 21:37:30.842,1,2.03,0,75.25000000000048,0,22.96684042918421,597489449026,cold_to_warm_disk_process
1691444251.918,2023-08-07 21:37:31.918,1,2.046,0,68.75,0,22.947109636124715,597491666893,cold_to_warm_disk_process
1691444253.01,2023-08-07 21:37:33.010,1,2.437,0,64.24999999999983,0,23.0104454818457,597493791506,cold_to_warm_disk_process
1691444254.106,2023-08-07 21:37:34.106,1,1.999,0,50,0,22.98144121604824,597495999264,cold_to_warm_disk_process
1691444255.277,2023-08-07 21:37:35.277,1,1.978,0,33.499999999998664,0,22.949871947153046,597498241766,cold_to_warm_disk_process
1691444256.356,2023-08-07 21:37:36.356,1,2.015,0,31.750000000001677,0,22.936060392011395,597500443941,cold_to_warm_disk_process
1691444257.445,2023-08-07 21:37:37.445,1,2.198,0,40.749999999999176,0,22.941782321998648,597502604973,cold_to_warm_disk_process
1691444258.547,2023-08-07 21:37:38.547,1,2.396,0,31.25000000000071,0,22.945333864749358,597504791057,cold_to_warm_disk_process
1691444259.633,2023-08-07 21:37:39.633,1,1.958,0,29.999999999999716,0,22.960723883335767,597507067251,cold_to_warm_disk_process
1691444260.716,2023-08-07 21:37:40.716,1,2.015,0,48.25000000000017,0,24.082814084629316,597509298115,cold_to_warm_disk_process
1691444261.8,2023-08-07 21:37:41.800,1,2.62,0,74.50000000000045,0,22.966445813323023,597511654461,cold_to_warm_disk_process
1691444262.877,2023-08-07 21:37:42.877,1,2.261,0,69.49999999999932,0,22.99663392670405,597513754693,cold_to_warm_disk_process
1691444263.953,2023-08-07 21:37:43.953,1,2.605,0,51.00000000000051,0,22.987163146035492,597515685324,cold_to_warm_disk_process
1691444265.047,2023-08-07 21:37:45.047,1,2.114,0,55.49999999999926,0,22.993279691883934,597518017444,cold_to_warm_disk_process
1691444266.119,2023-08-07 21:37:46.119,1,2.255,0,60.00000000000014,0,22.98519006672954,597520098765,cold_to_warm_disk_process
1691444267.196,2023-08-07 21:37:47.196,1,2.083,0,47.50000000000014,0,23.012418561151645,597522258311,cold_to_warm_disk_process
1691444268.281,2023-08-07 21:37:48.281,1,1.973,0,53.75000000000014,0,23.047144756936362,597524522955,cold_to_warm_disk_process
1691444269.374,2023-08-07 21:37:49.374,1,2.051,0,56.24999999999929,0,23.01202394529046,597526674994,cold_to_warm_disk_process
1691444270.455,2023-08-07 21:37:50.455,1,2.458,0,54.750000000000654,0,23.156453350485968,597528966411,cold_to_warm_disk_process
1691444271.548,2023-08-07 21:37:51.548,1,2.077,0,57.499999999999574,0,22.968221584698377,597531201798,cold_to_warm_disk_process
1691444272.617,2023-08-07 21:37:52.617,1,2.688,0,39.99999999999986,0,23.002947780483087,597533458356,cold_to_warm_disk_process
1691444273.71,2023-08-07 21:37:53.710,1,1.962,0,37.50000000000071,0,22.96368350229469,597535538277,cold_to_warm_disk_process
1691444274.784,2023-08-07 21:37:54.784,1,1.932,0,35.249999999999915,0,22.940795782345674,597537534061,cold_to_warm_disk_process
1691444275.857,2023-08-07 21:37:55.857,1,2.067,0,27.250000000000085,0,22.929154614440574,597539932075,cold_to_warm_disk_process
1691444276.932,2023-08-07 21:37:56.932,1,1.988,0,33.74999999999915,0,22.933692696844258,597542138841,cold_to_warm_disk_process
1691444278.022,2023-08-07 21:37:58.022,1,2.177,0,55.000000000000426,0,22.922446144800343,597544326839,cold_to_warm_disk_process
1691444279.141,2023-08-07 21:37:59.141,1,2.261,0,36.99999999999974,0,22.92856269064879,597546625788,cold_to_warm_disk_process
1691444280.244,2023-08-07 21:38:00.244,1,2.349,0,38.25000000000003,0,22.92185422100856,597548723819,cold_to_warm_disk_process
1691444281.325,2023-08-07 21:38:01.325,1,3.821,0,41.25000000000014,0,22.97788967329753,597550952322,cold_to_warm_disk_process
1691444282.4,2023-08-07 21:38:02.400,1,3.982,0,63.750000000000284,0,23.31429969496194,597553208452,cold_to_warm_disk_process
1691444283.48,2023-08-07 21:38:03.480,1,4.08,0,81.24999999999929,0,23.183287229046883,597555439871,cold_to_warm_disk_process
1691444284.554,2023-08-07 21:38:04.554,1,3.956,0,76.49999999999935,0,23.309366996697065,597557656205,cold_to_warm_disk_process
1691444285.641,2023-08-07 21:38:05.641,1,2.527,0,61.250000000000426,0,23.359088595206995,597559763462,cold_to_warm_disk_process
1691444286.71,2023-08-07 21:38:06.710,1,2.266,0,64.50000000000031,0,23.3551424365951,597562018781,cold_to_warm_disk_process
1691444287.817,2023-08-07 21:38:07.817,1,2.861,0,77.74999999999963,0,23.45991294774102,597564165614,cold_to_warm_disk_process
1691444288.908,2023-08-07 21:38:08.908,1,2.798,0,61.5000000000002,0,23.490298369052645,597566460248,cold_to_warm_disk_process
1691444289.992,2023-08-07 21:38:09.992,1,2.72,0,58.00000000000054,0,23.54061189135436,597568680914,cold_to_warm_disk_process
1691444291.068,2023-08-07 21:38:11.068,1,2.281,0,50.24999999999906,0,23.550279979953515,597570878096,cold_to_warm_disk_process
1691444292.14,2023-08-07 21:38:12.140,1,2.219,0,53.000000000000114,0,23.658010110058363,597573151537,cold_to_warm_disk_process
1691444293.211,2023-08-07 21:38:13.211,1,4.23,0,89.00000000000006,0,23.907012718469208,597575340272,cold_to_warm_disk_process
1691444294.287,2023-08-07 21:38:14.287,1,2.735,0,86.74999999999997,0,23.831838396912524,597577520571,cold_to_warm_disk_process
1691444295.406,2023-08-07 21:38:15.406,1,2.292,0,62.25000000000023,0,23.81289683557541,597579698250,cold_to_warm_disk_process
1691444296.533,2023-08-07 21:38:16.533,1,2.402,0,78.50000000000037,0,23.83637647931621,597582117034,cold_to_warm_disk_process
1691444297.627,2023-08-07 21:38:17.627,1,2.313,0,52.75000000000034,0,23.812699527644813,597584387997,cold_to_warm_disk_process
1691444298.708,2023-08-07 21:38:18.708,1,2.025,0,89.53140578265165,0,23.81960530521564,597586582843,cold_to_warm_disk_process
1691444299.785,2023-08-07 21:38:19.785,1,1.999,0,85.70712136409244,0,23.77678948427653,597588788006,cold_to_warm_disk_process
1691444300.869,2023-08-07 21:38:20.869,1,2.146,0,80.2500000000002,0,23.671624357269415,597590828842,cold_to_warm_disk_process
1691444301.965,2023-08-07 21:38:21.965,1,2.276,0,82.00000000000003,0,23.69648515652438,597593336904,cold_to_warm_disk_process
1691444303.051,2023-08-07 21:38:23.051,1,2.485,0,72.74999999999991,0,23.790995655279367,597595429811,cold_to_warm_disk_process
1691444304.121,2023-08-07 21:38:24.121,1,2.922,0,64.99999999999986,0,24.009810150309182,597597560553,cold_to_warm_disk_process
1691444305.193,2023-08-07 21:38:25.193,1,2.328,0,87.5,0,23.96087778352163,597599702261,cold_to_warm_disk_process
1691444306.266,2023-08-07 21:38:26.266,1,2.177,0,92.00000000000017,0,23.9072100263998,597601938488,cold_to_warm_disk_process
1691444307.349,2023-08-07 21:38:27.349,1,2.161,0,72.74999999999991,0,23.892806547466368,597604085173,cold_to_warm_disk_process
1691444308.442,2023-08-07 21:38:28.442,1,2.448,0,79.50000000000017,0,23.773040633595226,597606369384,cold_to_warm_disk_process
1691444309.539,2023-08-07 21:38:29.539,1,2.083,0,81.74999999999955,0,23.762583313273694,597608593245,cold_to_warm_disk_process
1691444310.633,2023-08-07 21:38:30.633,1,1.988,0,74.25000000000068,0,23.75607215156406,597610859063,cold_to_warm_disk_process
1691444311.781,2023-08-07 21:38:31.781,1,1.994,0,76.74999999999983,0,23.77442178910939,597613002639,cold_to_warm_disk_process
1691444312.869,2023-08-07 21:38:32.869,1,2.375,0,80.2500000000002,0,23.70674516891532,597615324202,cold_to_warm_disk_process
1691444313.938,2023-08-07 21:38:33.938,1,2.056,0,66.99999999999946,0,23.709704787874244,597617395555,cold_to_warm_disk_process
1691444315.04,2023-08-07 21:38:35.040,1,2.177,0,94.7499999999998,0,24.133127606931033,597619637318,cold_to_warm_disk_process
1691444316.125,2023-08-07 21:38:36.125,1,2.558,0,79.24999999999969,0,23.734565587129207,597621811508,cold_to_warm_disk_process
1691444317.222,2023-08-07 21:38:37.222,1,2.423,0,78.06580259222343,0,23.686027836202847,597624091500,cold_to_warm_disk_process
1691444318.3,2023-08-07 21:38:38.300,1,2.192,0,76.93079237713171,0,23.7700810146363,597626309968,cold_to_warm_disk_process
1691444319.373,2023-08-07 21:38:39.373,1,2.15,0,72.50000000000014,0,23.654853183168846,597628540622,cold_to_warm_disk_process
1691444320.45,2023-08-07 21:38:40.450,1,2.474,0,64.74999999999937,0,23.684843988619278,597630785590,cold_to_warm_disk_process
1691444321.542,2023-08-07 21:38:41.542,1,2.636,0,64.75000000000009,0,23.683462833105114,597632996709,cold_to_warm_disk_process
1691444322.623,2023-08-07 21:38:42.623,1,2.474,0,66.49999999999991,0,23.688198223439393,597635270517,cold_to_warm_disk_process
1691444323.7,2023-08-07 21:38:43.700,1,2.308,0,68.00000000000068,0,23.601974657769397,597637522657,cold_to_warm_disk_process
1691444324.772,2023-08-07 21:38:44.772,1,2.282,0,71.49999999999963,0,23.608091203617835,597639600137,cold_to_warm_disk_process
1691444325.845,2023-08-07 21:38:45.845,1,2.584,0,71.49999999999963,0,24.781678774796674,597641917189,cold_to_warm_disk_process
1691444326.923,2023-08-07 21:38:46.923,1,2.307,0,74.0000000000002,0,23.71996480026518,597644086325,cold_to_warm_disk_process
1691444328.082,2023-08-07 21:38:48.082,1,2.699,0,89.00000000000006,0,23.74699598675669,597646451127,cold_to_warm_disk_process
1691444329.172,2023-08-07 21:38:49.172,1,2.803,0,83.75000000000057,0,23.751139453299185,597648728757,cold_to_warm_disk_process
1691444330.259,2023-08-07 21:38:50.259,1,2.5,0,78.49999999999895,0,23.762188697412505,597650893316,cold_to_warm_disk_process
1691444331.347,2023-08-07 21:38:51.347,1,2.636,0,70.75000000000102,0,23.816251070395523,597653106341,cold_to_warm_disk_process
1691444332.433,2023-08-07 21:38:52.433,1,3.395,0,82.50000000000028,0,23.91431311190122,597654763677,cold_to_warm_disk_process
1691444333.519,2023-08-07 21:38:53.519,1,3.125,0,80.49999999999926,0,23.999550137918245,597656996744,cold_to_warm_disk_process
1691444334.598,2023-08-07 21:38:54.598,1,1.988,0,77.49999999999986,0,24.00053667757122,597659224252,cold_to_warm_disk_process
1691444335.69,2023-08-07 21:38:55.690,1,2.391,0,100,0,24.005272067905498,597661554186,cold_to_warm_disk_process
1691444336.782,2023-08-07 21:38:56.782,1,2.287,0,99.24999999999997,0,24.221916175698766,597663766493,cold_to_warm_disk_process
1691444337.856,2023-08-07 21:38:57.856,1,3.411,0,94.00000000000048,0,24.568586209754116,597665875689,cold_to_warm_disk_process
1691444338.932,2023-08-07 21:38:58.932,1,2.051,0,86.5000000000002,0,24.68756289190288,597667986904,cold_to_warm_disk_process
1691444340.006,2023-08-07 21:39:00.006,1,2.192,0,82.75000000000006,0,24.787992628575715,597670233764,cold_to_warm_disk_process
1691444341.096,2023-08-07 21:39:01.096,1,2.542,0,86.74999999999926,0,24.741033341094113,597672426906,cold_to_warm_disk_process
1691444342.202,2023-08-07 21:39:02.202,1,3.572,0,83.75000000000057,0,25.42569186025863,597674609695,cold_to_warm_disk_process
1691444343.279,2023-08-07 21:39:03.279,1,3.022,0,84.00000000000034,0,24.175351504078353,597676835272,cold_to_warm_disk_process
1691444344.349,2023-08-07 21:39:04.349,1,3.178,0,82.99999999999983,0,24.57766237456148,597679062539,cold_to_warm_disk_process
1691444345.425,2023-08-07 21:39:05.425,1,2.631,0,82.00000000000074,0,24.406793706666246,597681319213,cold_to_warm_disk_process
1691444346.502,2023-08-07 21:39:06.502,1,2.798,0,73.50000000000065,0,24.553985422890086,597683505752,cold_to_warm_disk_process
1691444347.623,2023-08-07 21:39:07.623,1,2.563,0,62.24999999999952,0,24.518075379521804,597685527273,cold_to_warm_disk_process
1691444348.703,2023-08-07 21:39:08.703,1,2.37,0,71.99999999999989,0,24.54727695324986,597687785560,cold_to_warm_disk_process
1691444349.802,2023-08-07 21:39:09.802,1,2.375,0,80.00000000000043,0,24.60311509760823,597690009888,cold_to_warm_disk_process
1691444350.881,2023-08-07 21:39:10.881,1,2.292,0,81.49999999999977,0,24.57825429835327,597692323527,cold_to_warm_disk_process
1691444351.952,2023-08-07 21:39:11.952,1,3.224,0,90.4999999999994,0,24.458093768620937,597694549366,cold_to_warm_disk_process
1691444353.061,2023-08-07 21:39:13.061,1,2.531,0,90.25000000000105,0,25.307307101901657,597696745379,cold_to_warm_disk_process
1691444354.151,2023-08-07 21:39:14.151,1,2.292,0,90.99999999999966,0,25.662066761111397,597699063696,cold_to_warm_disk_process
1691444355.229,2023-08-07 21:39:15.229,1,2.882,0,79.50000000000017,0,25.75776110744995,597701058178,cold_to_warm_disk_process
1691444356.31,2023-08-07 21:39:16.310,1,2.261,0,85.5000000000004,0,25.47186191601785,597703342866,cold_to_warm_disk_process
1691444357.389,2023-08-07 21:39:17.389,1,2.589,0,65.25000000000034,0,25.35762062420337,597705662399,cold_to_warm_disk_process
1691444358.459,2023-08-07 21:39:18.459,1,2.761,0,72.99999999999969,0,25.23272470413676,597707720295,cold_to_warm_disk_process
1691444359.533,2023-08-07 21:39:19.533,1,2.448,0,74.74999999999952,0,25.229567777247237,597709997669,cold_to_warm_disk_process
1691444360.664,2023-08-07 21:39:20.664,1,2.36,0,83.99999999999963,0,25.172151169444106,597712192200,cold_to_warm_disk_process
1691444361.735,2023-08-07 21:39:21.735,1,2.093,0,75.9999999999998,0,25.232922012067355,597714258616,cold_to_warm_disk_process
1691444362.883,2023-08-07 21:39:22.883,1,2.683,0,81.25000000000071,0,25.301387863983805,597716618582,cold_to_warm_disk_process
1691444363.993,2023-08-07 21:39:23.993,1,2.307,0,68.75,0,25.340454834241612,597718722043,cold_to_warm_disk_process
1691444365.07,2023-08-07 21:39:25.070,1,2.318,0,83.2499999999996,0,25.362947938329434,597720956315,cold_to_warm_disk_process
1691444366.144,2023-08-07 21:39:26.144,1,3.951,0,86.75000000000068,0,25.83096234970068,597723199657,cold_to_warm_disk_process
1691444367.214,2023-08-07 21:39:27.214,1,2.297,0,87.24999999999952,0,24.998717498451136,597725384098,cold_to_warm_disk_process
1691444368.3,2023-08-07 21:39:28.300,1,2.406,0,83.75000000000057,0,24.684800580874548,597727567340,cold_to_warm_disk_process
1691444369.379,2023-08-07 21:39:29.379,1,2.678,0,68.99999999999977,0,24.522613461925488,597729826881,cold_to_warm_disk_process
1691444370.492,2023-08-07 21:39:30.492,1,2.662,0,74.25000000000068,0,24.245001203578376,597732076074,cold_to_warm_disk_process
1691444371.587,2023-08-07 21:39:31.587,1,2.401,0,64.24999999999983,0,24.17002418995229,597734394478,cold_to_warm_disk_process
1691444372.659,2023-08-07 21:39:32.659,1,2.396,0,66.25000000000014,0,24.009218226517394,597736584544,cold_to_warm_disk_process
1691444373.74,2023-08-07 21:39:33.740,1,2.349,0,75.24999999999977,0,24.09484986839561,597738749410,cold_to_warm_disk_process
1691444374.823,2023-08-07 21:39:34.823,1,2.985,0,87.5,0,23.951604310783665,597740965006,cold_to_warm_disk_process
1691444375.894,2023-08-07 21:39:35.894,1,2.349,0,79.75000000000065,0,23.880376147838884,597743209102,cold_to_warm_disk_process
1691444376.964,2023-08-07 21:39:36.964,1,4.05,0,88.74999999999957,0,23.981200500372914,597745463652,cold_to_warm_disk_process
1691444378.095,2023-08-07 21:39:38.095,1,2.255,0,85.75000000000017,0,24.630935515822124,597747706918,cold_to_warm_disk_process
1691444379.2,2023-08-07 21:39:39.200,1,2.985,0,64.74999999999937,0,23.955945085256758,597749717578,cold_to_warm_disk_process
1691444380.284,2023-08-07 21:39:40.284,1,2.396,0,69.99999999999957,0,24.021056702353093,597752048503,cold_to_warm_disk_process
1691444381.356,2023-08-07 21:39:41.356,1,2.344,0,66.00000000000108,0,24.138060305195907,597754173322,cold_to_warm_disk_process
1691444382.433,2023-08-07 21:39:42.433,1,2.406,0,63.24999999999932,0,24.292749722782357,597756524933,cold_to_warm_disk_process
1691444383.505,2023-08-07 21:39:43.505,1,2.803,0,63.24999999999932,0,24.292749722782357,597758704807,cold_to_warm_disk_process
1691444384.609,2023-08-07 21:39:44.609,1,2.313,0,58.499999999999375,0,24.025397476826182,597760789139,cold_to_warm_disk_process
1691444385.761,2023-08-07 21:39:45.761,1,2.172,0,62.25000000000023,0,23.953972005950806,597763213311,cold_to_warm_disk_process
1691444386.829,2023-08-07 21:39:46.829,1,2.177,0,55.000000000000426,0,23.868537672003185,597765402511,cold_to_warm_disk_process
1691444387.907,2023-08-07 21:39:47.907,1,2.364,0,54.74999999999994,0,23.854726116861542,597767660501,cold_to_warm_disk_process
1691444388.977,2023-08-07 21:39:48.977,1,2.265,0,54.750000000000654,0,24.266902383874417,597769835971,cold_to_warm_disk_process
1691444390.066,2023-08-07 21:39:50.066,1,2.819,0,63.999999999998636,0,24.43362758522716,597771817470,cold_to_warm_disk_process
1691444391.184,2023-08-07 21:39:51.184,1,3.266,0,63.000000000000966,0,24.404031395637915,597774010997,cold_to_warm_disk_process
1691444392.338,2023-08-07 21:39:52.338,1,2.887,0,69.99999999999957,0,24.505447671963726,597776530680,cold_to_warm_disk_process
1691444393.463,2023-08-07 21:39:53.463,1,3.24,0,55.00505561172899,0,23.810331832477676,597778855711,cold_to_warm_disk_process
1691444394.548,2023-08-07 21:39:54.548,1,2.427,0,55.00505561172899,0,23.810331832477676,597781043620,cold_to_warm_disk_process
1691444395.632,2023-08-07 21:39:55.632,1,2.355,0,47.50000000000014,0,23.865775360974858,597783298424,cold_to_warm_disk_process
1691444396.715,2023-08-07 21:39:56.715,1,2.292,0,37.5,0,23.837165711038587,597785505353,cold_to_warm_disk_process
1691444397.805,2023-08-07 21:39:57.805,1,2.339,0,43.24999999999975,0,23.813883375228386,597787686295,cold_to_warm_disk_process
1691444398.893,2023-08-07 21:39:58.893,1,2.646,0,59.99999999999943,0,23.814080683158977,597789892259,cold_to_warm_disk_process
1691444399.987,2023-08-07 21:39:59.987,1,2.464,0,59.5000000000006,0,23.79987451215614,597792103518,cold_to_warm_disk_process
1691444401.104,2023-08-07 21:40:01.104,1,2.369,0,54.2500000000004,0,23.81013452454708,597794450227,cold_to_warm_disk_process
1691444402.177,2023-08-07 21:40:02.177,1,2.6,0,63.25000000000003,0,23.782116798402594,597796703707,cold_to_warm_disk_process
1691444403.25,2023-08-07 21:40:03.250,1,3.692,0,63.749999999999574,0,23.618745831869965,597798947379,cold_to_warm_disk_process
1691444404.323,2023-08-07 21:40:04.323,1,2.526,0,75.49999999999955,0,24.360229035045837,597801207832,cold_to_warm_disk_process
1691444405.459,2023-08-07 21:40:05.459,1,3.873,0,76.25000000000028,0,24.37601366949343,597803315403,cold_to_warm_disk_process
1691444406.551,2023-08-07 21:40:06.551,1,2.36,0,59.99999999999943,0,23.583625020224062,597805557821,cold_to_warm_disk_process
1691444407.629,2023-08-07 21:40:07.629,1,2.922,0,48.25000000000088,0,23.602369273630586,597807817270,cold_to_warm_disk_process
1691444408.707,2023-08-07 21:40:08.707,1,2.391,0,46.25000000000057,0,23.625059685649006,597809960169,cold_to_warm_disk_process
1691444409.785,2023-08-07 21:40:09.785,1,2.516,0,61.99999999999832,0,23.58540079159942,597812233214,cold_to_warm_disk_process
1691444410.889,2023-08-07 21:40:10.889,1,2.432,0,55.2500000000002,0,23.5704053888742,597814333901,cold_to_warm_disk_process
1691444411.972,2023-08-07 21:40:11.972,1,2.51,0,57.75000000000006,0,23.549096132369947,597816603112,cold_to_warm_disk_process
1691444413.049,2023-08-07 21:40:13.049,1,2.396,0,53.75000000000014,0,23.529759955171638,597818877527,cold_to_warm_disk_process
1691444414.122,2023-08-07 21:40:14.122,1,2.865,0,39.50000000000031,0,23.54100650721555,597821065510,cold_to_warm_disk_process
1691444415.207,2023-08-07 21:40:15.207,1,2.411,0,54.999999999999716,0,23.608880435340218,597823299264,cold_to_warm_disk_process
1691444416.282,2023-08-07 21:40:16.282,1,3.224,0,44.250000000000256,0,23.588163102627746,597825490680,cold_to_warm_disk_process
1691444417.354,2023-08-07 21:40:17.354,1,2.584,0,61.249999999999716,0,24.18817651956703,597827616304,cold_to_warm_disk_process
1691444418.427,2023-08-07 21:40:18.427,1,3.026,0,43.75000000000071,0,23.614996981188664,597829900610,cold_to_warm_disk_process
1691444420.155,2023-08-07 21:40:20.155,1,2.787,0,47.99999999999969,0,23.65899664971134,597830352701,cold_to_warm_disk_process
1691444423.961,2023-08-07 21:40:23.961,1,2.38,0,43.249999999999744,0,23.807174905588155,597831617680,cold_to_warm_disk_process
1691444425.222,2023-08-07 21:40:25.222,1,2.589,0,46.50000000000034,0,23.8679457482114,597834032858,cold_to_warm_disk_process
1691444426.298,2023-08-07 21:40:26.298,1,3.52,0,45.7499999999996,0,23.869721519586758,597836144702,cold_to_warm_disk_process
1691444427.437,2023-08-07 21:40:27.437,1,2.969,0,75.74999999999932,0,24.114975277316297,597837849895,cold_to_warm_disk_process
1691444428.511,2023-08-07 21:40:28.511,1,3.037,0,74.00000000000091,0,24.297879728977826,597839944712,cold_to_warm_disk_process
1691444429.613,2023-08-07 21:40:29.613,1,3.385,0,74.75000000000023,0,24.522021538133703,597842122740,cold_to_warm_disk_process
1691444430.685,2023-08-07 21:40:30.685,1,3.562,0,69.74999999999909,0,24.680854422262648,597844411910,cold_to_warm_disk_process
1691444431.781,2023-08-07 21:40:31.781,1,2.891,0,86.74999999999997,0,24.588711618674804,597846471935,cold_to_warm_disk_process
1691444432.881,2023-08-07 21:40:32.881,1,2.61,0,86.5000000000002,0,24.678486727095507,597848713167,cold_to_warm_disk_process
1691444433.987,2023-08-07 21:40:33.987,1,2.958,0,86.25000000000043,0,24.61455895758274,597851033300,cold_to_warm_disk_process
1691444435.068,2023-08-07 21:40:35.068,1,3.152,0,93.49999999999952,0,24.76924837516919,597853315471,cold_to_warm_disk_process
1691444436.148,2023-08-07 21:40:36.148,1,2.526,0,83.5000000000008,0,25.171953861513508,597855552628,cold_to_warm_disk_process
1691444437.218,2023-08-07 21:40:37.218,1,2.537,0,83.74999999999915,0,24.671975565385875,597857693848,cold_to_warm_disk_process
1691444438.291,2023-08-07 21:40:38.291,1,2.474,0,79.50000000000017,0,24.673751336761228,597859954307,cold_to_warm_disk_process
1691444439.368,2023-08-07 21:40:39.368,1,3.328,0,88.74999999999957,0,24.68381404122157,597862161827,cold_to_warm_disk_process
1691444440.461,2023-08-07 21:40:40.461,1,2.771,0,89.75000000000009,0,23.98534396691541,597864340915,cold_to_warm_disk_process
1691444441.545,2023-08-07 21:40:41.545,1,3.047,0,76.24999999999957,0,23.996393211028725,597866578446,cold_to_warm_disk_process
1691444442.626,2023-08-07 21:40:42.626,1,2.328,0,78.75000000000085,0,24.001917833085386,597868810790,cold_to_warm_disk_process
1691444443.699,2023-08-07 21:40:43.699,1,2.386,0,72.24999999999966,0,24.036052105078312,597871034329,cold_to_warm_disk_process
1691444444.777,2023-08-07 21:40:44.777,1,2.386,0,69.00000000000048,0,24.133719530722818,597873395059,cold_to_warm_disk_process
1691444445.846,2023-08-07 21:40:45.846,1,2.396,0,66.24999999999943,0,24.09958525872989,597875531070,cold_to_warm_disk_process
1691444446.958,2023-08-07 21:40:46.958,1,2.406,0,77.74999999999963,0,24.129576064180323,597877745872,cold_to_warm_disk_process
1691444448.072,2023-08-07 21:40:48.072,1,2.334,0,77.00000000000102,0,24.137468381404123,597880003070,cold_to_warm_disk_process
1691444449.144,2023-08-07 21:40:49.144,1,2.343,0,73.49999999999994,0,24.21856194087865,597882262077,cold_to_warm_disk_process
1691444450.215,2023-08-07 21:40:50.215,1,3.915,0,58.499999999999375,0,24.290184719684625,597884470516,cold_to_warm_disk_process
1691444451.291,2023-08-07 21:40:51.291,1,2.318,0,81.49999999999977,0,25.244957795833646,597886763425,cold_to_warm_disk_process
1691444452.363,2023-08-07 21:40:52.363,1,3.484,0,85.00000000000014,0,24.481573412361737,597888969601,cold_to_warm_disk_process
1691444453.486,2023-08-07 21:40:53.486,1,2.542,0,72.50000000000014,0,24.58792238695242,597890980868,cold_to_warm_disk_process
1691444456.519,2023-08-07 21:40:56.519,1,2.161,0,79.00000000000063,0,24.55102580393116,597893058447,cold_to_warm_disk_process
1691444459.707,2023-08-07 21:40:59.707,1,2.219,0,76.50000000000006,0,24.268480847319175,597894465765,cold_to_warm_disk_process
1691444460.791,2023-08-07 21:41:00.791,1,3.068,0,75.75000000000003,0,24.268678155249773,597896674476,cold_to_warm_disk_process
1691444461.862,2023-08-07 21:41:01.862,1,2.448,0,68.50000000000023,0,24.287422408656294,597898670681,cold_to_warm_disk_process
1691444462.934,2023-08-07 21:41:02.934,1,2.213,0,73.49999999999994,0,23.93976583494797,597900709115,cold_to_warm_disk_process
1691444464.309,2023-08-07 21:41:04.309,1,2.334,0,47.749999999999915,0,23.879981531977695,597901310687,cold_to_warm_disk_process
1691444468.25,2023-08-07 21:41:08.250,1,2.474,0,64.78873239436678,0,23.542190354799118,597902623823,cold_to_warm_disk_process
1691444469.337,2023-08-07 21:41:09.337,1,2.323,0,63.749999999999574,0,23.534298037575322,597904981928,cold_to_warm_disk_process
1691444470.411,2023-08-07 21:41:10.411,1,2.14,0,60.75000000000017,0,23.55245036719006,597907166265,cold_to_warm_disk_process
1691444471.487,2023-08-07 21:41:11.487,1,3.104,0,64.00000000000006,0,23.80697759765756,597909451205,cold_to_warm_disk_process
1691444472.57,2023-08-07 21:41:12.570,1,3.692,0,77.74999999999963,0,24.282687018322015,597911595674,cold_to_warm_disk_process
1691444473.657,2023-08-07 21:41:13.657,1,2.437,0,73.50000000000065,0,24.854880017047407,597913877270,cold_to_warm_disk_process
1691444474.732,2023-08-07 21:41:14.732,1,3.188,0,79.74999999999994,0,24.825875751249946,597916080865,cold_to_warm_disk_process
1691444475.843,2023-08-07 21:41:15.843,1,2.495,0,79.50000000000017,0,24.978000165738663,597918365324,cold_to_warm_disk_process
1691444476.979,2023-08-07 21:41:16.979,1,2.474,0,62.74999999999977,0,24.327278610636476,597920805635,cold_to_warm_disk_process
1691444478.078,2023-08-07 21:41:18.078,1,2.615,0,63.49999999999909,0,24.379367904313547,597922936469,cold_to_warm_disk_process
1691444479.16,2023-08-07 21:41:19.160,1,2.506,0,64.57085828343345,0,24.246974282884327,597925221847,cold_to_warm_disk_process
1691444480.231,2023-08-07 21:41:20.231,1,2.292,0,45.140280561122296,0,23.69017130274534,597927421211,cold_to_warm_disk_process
1691444481.337,2023-08-07 21:41:21.337,1,2.328,0,39.99999999999986,0,23.70674516891532,597929567205,cold_to_warm_disk_process
1691444482.411,2023-08-07 21:41:22.411,1,2.678,0,64.99999999999986,0,23.44195792605688,597931885618,cold_to_warm_disk_process
1691444483.517,2023-08-07 21:41:23.517,1,2.631,0,60.250000000000625,0,23.33343856422965,597933904625,cold_to_warm_disk_process
1691444484.644,2023-08-07 21:41:24.644,1,2.339,0,61.74999999999997,0,23.316075466337296,597936247722,cold_to_warm_disk_process
1691444485.721,2023-08-07 21:41:25.721,1,2.355,0,60.00000000000014,0,23.382962854808987,597938527022,cold_to_warm_disk_process
1691444486.798,2023-08-07 21:41:26.798,1,2.192,0,59.250000000000114,0,23.36165359830473,597940833931,cold_to_warm_disk_process
1691444487.878,2023-08-07 21:41:27.878,1,2.156,0,60.74999999999946,0,23.36362667761068,597943088978,cold_to_warm_disk_process
1691444488.959,2023-08-07 21:41:28.959,1,3.277,0,49.75000000000094,0,23.389671324449214,597944963060,cold_to_warm_disk_process
1691444490.192,2023-08-07 21:41:30.192,1,2.756,0,65.24999999999892,0,24.314650903078398,597947322101,cold_to_warm_disk_process
1691444491.301,2023-08-07 21:41:31.301,1,2.661,0,63.25000000000074,0,23.455374865337337,597949516692,cold_to_warm_disk_process
1691444492.384,2023-08-07 21:41:32.384,1,2.464,0,56.49999999999977,0,23.414729431634775,597951827792,cold_to_warm_disk_process
1691444493.509,2023-08-07 21:41:33.509,1,2.161,0,50.499999999999545,0,23.409599425439307,597954135184,cold_to_warm_disk_process
1691444494.586,2023-08-07 21:41:34.586,1,2.542,0,52.250000000000085,0,23.375859769307567,597956164861,cold_to_warm_disk_process
1691444495.655,2023-08-07 21:41:35.655,1,2.385,0,44.50000000000074,0,23.36165359830473,597958398141,cold_to_warm_disk_process
1691444496.726,2023-08-07 21:41:36.726,1,2.464,0,42.99999999999997,0,23.35968051899878,597960620989,cold_to_warm_disk_process
1691444497.836,2023-08-07 21:41:37.836,1,2.355,0,35.249999999999204,0,23.33186010078489,597962865437,cold_to_warm_disk_process
1691444498.93,2023-08-07 21:41:38.930,1,2.411,0,40.00000000000057,0,23.32021893287979,597965099894,cold_to_warm_disk_process
1691444500.009,2023-08-07 21:41:40.009,1,2.527,0,36.999999999999034,0,23.319035085296218,597967284759,cold_to_warm_disk_process
1691444501.086,2023-08-07 21:41:41.086,1,2.495,0,45.25000000000006,0,23.747785218479073,597969566431,cold_to_warm_disk_process
1691444502.158,2023-08-07 21:41:42.158,1,3.25,0,60.249999999999915,0,23.38316016273958,597971894117,cold_to_warm_disk_process
1691444503.229,2023-08-07 21:41:43.229,1,2.182,0,45.000000000000284,0,23.3354116435356,597974170798,cold_to_warm_disk_process
1691444504.318,2023-08-07 21:41:44.318,1,2.015,0,35.99999999999994,0,23.379805927919467,597976176653,cold_to_warm_disk_process
1691444505.403,2023-08-07 21:41:45.403,1,2.114,0,30.749999999999744,0,23.319824317018597,597978276416,cold_to_warm_disk_process
1691444506.491,2023-08-07 21:41:46.491,1,2.454,0,20.250000000000767,0,23.36717822036139,597980614092,cold_to_warm_disk_process
1691444507.567,2023-08-07 21:41:47.567,1,1.988,0,31.25,0,23.36717822036139,597982970718,cold_to_warm_disk_process
1691444508.647,2023-08-07 21:41:48.647,1,2.125,0,31.000000000000227,0,23.347447427301894,597985123961,cold_to_warm_disk_process
1691444509.724,2023-08-07 21:41:49.724,1,2.041,0,33.00000000000054,0,23.3470528114407,597987286002,cold_to_warm_disk_process
1691444510.802,2023-08-07 21:41:50.802,1,1.973,0,33.24999999999889,0,23.312523923586586,597989544120,cold_to_warm_disk_process
1691444511.883,2023-08-07 21:41:51.883,1,2.109,0,40.7500000000006,0,23.73693328229635,597991776516,cold_to_warm_disk_process
1691444512.981,2023-08-07 21:41:52.981,1,3.961,0,72.49999999999943,0,23.382765546878392,597994179959,cold_to_warm_disk_process
1691444514.057,2023-08-07 21:41:54.057,1,3.614,0,42.250000000000654,0,23.515356476238207,597996390075,cold_to_warm_disk_process
1691444515.129,2023-08-07 21:41:55.129,1,2.479,0,61.74999999999926,0,23.665902427282163,597998530912,cold_to_warm_disk_process
1691444516.2,2023-08-07 21:41:56.200,1,2.521,0,49.75000000000023,0,23.636700853554107,598000752243,cold_to_warm_disk_process
1691444517.269,2023-08-07 21:41:57.269,1,4.071,0,57.00000000000003,0,23.644593170777906,598003064547,cold_to_warm_disk_process
1691444518.342,2023-08-07 21:41:58.342,1,3.292,0,57.500000000000284,0,23.51279147314047,598005365225,cold_to_warm_disk_process
1691444519.515,2023-08-07 21:41:59.515,1,2.552,0,55.60515873015822,0,23.989290125527305,598007547268,cold_to_warm_disk_process
1691444520.596,2023-08-07 21:42:00.596,1,2.87,0,69.75806451612931,0,23.99422282379218,598009485377,cold_to_warm_disk_process
1691444521.667,2023-08-07 21:42:01.667,1,2.255,0,64.74999999999937,0,24.0403928795514,598011752804,cold_to_warm_disk_process
1691444522.749,2023-08-07 21:42:02.749,1,2.255,0,62.75000000000048,0,24.3341843882073,598013879663,cold_to_warm_disk_process
1691444523.822,2023-08-07 21:42:03.822,1,2.526,0,69.50000000000003,0,24.571743136643633,598016134394,cold_to_warm_disk_process
1691444524.905,2023-08-07 21:42:04.905,1,2.177,0,87.24999999999952,0,24.96596438197237,598018293414,cold_to_warm_disk_process
1691444526.01,2023-08-07 21:42:06.010,1,2.219,0,63.50000000000051,0,24.78148146686608,598020442456,cold_to_warm_disk_process
1691444527.103,2023-08-07 21:42:07.103,1,2.307,0,78.49999999999966,0,24.82133766884626,598022792564,cold_to_warm_disk_process
1691444528.183,2023-08-07 21:42:08.183,1,2.198,0,75.75000000000074,0,24.777338000323585,598025055100,cold_to_warm_disk_process
1691444529.258,2023-08-07 21:42:09.258,1,2.344,0,77.24999999999937,0,24.8355438398491,598027327301,cold_to_warm_disk_process
1691444530.337,2023-08-07 21:42:10.337,1,2.505,0,72.74999999999991,0,25.15439345569056,598029462594,cold_to_warm_disk_process
1691444531.431,2023-08-07 21:42:11.431,1,2.844,0,66.74999999999969,0,24.86356156599358,598031712629,cold_to_warm_disk_process
1691444532.515,2023-08-07 21:42:12.515,1,3.296,0,73.49999999999994,0,24.290382027615216,598033948549,cold_to_warm_disk_process
1691444533.598,2023-08-07 21:42:13.598,1,2.485,0,62.5,0,24.27597854868179,598036113600,cold_to_warm_disk_process
1691444534.69,2023-08-07 21:42:14.690,1,2.725,0,64.00000000000006,0,24.100966414244056,598038412874,cold_to_warm_disk_process
1691444535.776,2023-08-07 21:42:15.776,1,2.109,0,61.250000000000426,0,24.082616776698725,598040477117,cold_to_warm_disk_process
1691444536.863,2023-08-07 21:42:16.863,1,2.119,0,71.75000000000011,0,24.077684078433848,598042746371,cold_to_warm_disk_process
1691444537.933,2023-08-07 21:42:17.933,1,2.271,0,66.74999999999969,0,24.062294059847442,598045030854,cold_to_warm_disk_process
1691444539.022,2023-08-07 21:42:19.022,1,2.156,0,50,0,24.033092486119386,598047210139,cold_to_warm_disk_process
1691444540.102,2023-08-07 21:42:20.102,1,2.109,0,67.7500000000002,0,24.0364467209395,598049415093,cold_to_warm_disk_process
1691444541.189,2023-08-07 21:42:21.189,1,2.313,0,69.50000000000003,0,23.972124335565546,598051588297,cold_to_warm_disk_process
1691444542.325,2023-08-07 21:42:22.325,1,3.765,0,65.25000000000034,0,23.77343524945642,598053806767,cold_to_warm_disk_process
1691444543.399,2023-08-07 21:42:23.399,1,2.63,0,63.000000000000256,0,23.892609239535773,598056103863,cold_to_warm_disk_process
1691444544.485,2023-08-07 21:42:24.485,1,2.579,0,64.24999999999983,0,23.793757966307698,598058365480,cold_to_warm_disk_process
1691444545.554,2023-08-07 21:42:25.554,1,2.187,0,76.74999999999912,0,23.764753700510237,598060602966,cold_to_warm_disk_process
1691444546.685,2023-08-07 21:42:26.685,1,2.506,0,54.24999999999969,0,23.762386005343096,598062756256,cold_to_warm_disk_process
1691444547.766,2023-08-07 21:42:27.766,1,2.046,0,45.25000000000006,0,23.772054093942252,598065030413,cold_to_warm_disk_process
1691444548.845,2023-08-07 21:42:28.845,1,2.077,0,51.75000000000054,0,23.720951339918155,598067307874,cold_to_warm_disk_process
1691444550.039,2023-08-07 21:42:30.039,1,2.396,0,67.24999999999994,0,23.722924419224107,598069513054,cold_to_warm_disk_process
1691444551.122,2023-08-07 21:42:31.122,1,1.937,0,67.7500000000002,0,23.73653866643516,598071806479,cold_to_warm_disk_process
1691444552.208,2023-08-07 21:42:32.208,1,2.88,0,72.7499999999992,0,23.7544936881193,598073796944,cold_to_warm_disk_process
1691444553.277,2023-08-07 21:42:33.277,1,2.61,0,68.75000000000142,0,23.59585811192095,598076056967,cold_to_warm_disk_process
1691444554.373,2023-08-07 21:42:34.373,1,2.724,0,75.74999999999932,0,23.51200224141809,598078255502,cold_to_warm_disk_process
1691444555.488,2023-08-07 21:42:35.488,1,2.875,0,53.999999999999204,0,23.42755444712345,598080555477,cold_to_warm_disk_process
1691444556.581,2023-08-07 21:42:36.581,1,2.213,0,51.50000000000005,0,23.42656790747047,598082725052,cold_to_warm_disk_process
1691444557.664,2023-08-07 21:42:37.664,1,2.203,0,71.99999999999989,0,23.41611058714894,598084991026,cold_to_warm_disk_process
1691444558.734,2023-08-07 21:42:38.734,1,2.151,0,66.7500000000004,0,23.402299032007292,598087077329,cold_to_warm_disk_process
1691444559.807,2023-08-07 21:42:39.807,1,2.437,0,63.000000000000256,0,23.414729431634775,598089384579,cold_to_warm_disk_process
1691444560.882,2023-08-07 21:42:40.882,1,2.14,0,60.74999999999946,0,23.422621748858575,598091623545,cold_to_warm_disk_process
1691444561.973,2023-08-07 21:42:41.973,1,2.751,0,59.5000000000006,0,23.42202982506679,598093800670,cold_to_warm_disk_process
1691444563.07,2023-08-07 21:42:43.070,1,2.448,0,70.00000000000028,0,23.43761715158379,598096088959,cold_to_warm_disk_process
1691444564.142,2023-08-07 21:42:44.142,1,4.261,0,75.74999999999932,0,23.821578384521587,598098225761,cold_to_warm_disk_process
1691444565.214,2023-08-07 21:42:45.214,1,2.167,0,87.99999999999955,0,23.489903753191456,598100451866,cold_to_warm_disk_process
1691444566.284,2023-08-07 21:42:46.284,1,2.192,0,75.75000000000003,0,23.42637059953988,598102597175,cold_to_warm_disk_process
1691444567.394,2023-08-07 21:42:47.394,1,2.187,0,70.75000000000102,0,23.527194952073906,598104686715,cold_to_warm_disk_process
1691444568.521,2023-08-07 21:42:48.521,1,2.302,0,56.24999999999929,0,23.44866639569711,598106868471,cold_to_warm_disk_process
1691444569.617,2023-08-07 21:42:49.617,1,2.433,0,57.2499999999998,0,23.417689050593697,598109144425,cold_to_warm_disk_process
1691444570.713,2023-08-07 21:42:50.713,1,2.282,0,63.50000000000122,0,23.441760618126285,598111400916,cold_to_warm_disk_process
1691444571.788,2023-08-07 21:42:51.788,1,2.651,0,57.2499999999998,0,23.442549849848664,598113687478,cold_to_warm_disk_process
1691444572.863,2023-08-07 21:42:52.863,1,2.334,0,67.24999999999994,0,23.474513734605047,598115784343,cold_to_warm_disk_process
1691444573.949,2023-08-07 21:42:53.949,1,2.448,0,62.999999999999545,0,23.430514066082374,598118037905,cold_to_warm_disk_process
1691444575.054,2023-08-07 21:42:55.054,1,2.558,0,66.00000000000037,0,23.628216612538523,598120235036,cold_to_warm_disk_process
1691444576.139,2023-08-07 21:42:56.139,1,2.422,0,68.25000000000045,0,23.90484233123266,598122507765,cold_to_warm_disk_process
1691444577.262,2023-08-07 21:42:57.262,1,2.427,0,80.74999999999974,0,24.034473641633554,598124824573,cold_to_warm_disk_process
1691444578.345,2023-08-07 21:42:58.345,1,3.317,0,74.25000000000068,0,24.37838136466057,598126886488,cold_to_warm_disk_process
1691444579.422,2023-08-07 21:42:59.422,1,4.097,0,81.00000000000023,0,24.379367904313547,598129188883,cold_to_warm_disk_process
1691444580.499,2023-08-07 21:43:00.499,1,3.115,0,76.99999999999889,0,24.35490172091977,598131348423,cold_to_warm_disk_process
1691444581.573,2023-08-07 21:43:01.573,1,2.866,0,75.50000000000097,0,23.668270122449304,598133520892,cold_to_warm_disk_process
1691444582.649,2023-08-07 21:43:02.649,1,3.022,0,67.7500000000002,0,23.625454301510196,598135761411,cold_to_warm_disk_process
1691444583.722,2023-08-07 21:43:03.722,1,2.292,0,66.50000000000063,0,23.640647012166006,598137847748,cold_to_warm_disk_process
1691444584.801,2023-08-07 21:43:04.801,1,2.417,0,62.999999999998835,0,23.61420774946628,598140034067,cold_to_warm_disk_process
1691444585.882,2023-08-07 21:43:05.882,1,2.192,0,60.00000000000085,0,23.58914964228072,598142186885,cold_to_warm_disk_process
1691444586.953,2023-08-07 21:43:06.953,1,2.177,0,58.74999999999986,0,23.59980427053285,598144428053,cold_to_warm_disk_process
1691444588.083,2023-08-07 21:43:08.083,1,2.177,0,64.75000000000009,0,23.600001578463445,598146613341,cold_to_warm_disk_process
1691444589.179,2023-08-07 21:43:09.179,1,2.119,0,61.74999999999997,0,23.57869232195919,598148914462,cold_to_warm_disk_process
1691444590.268,2023-08-07 21:43:10.268,1,2.292,0,67.24999999999994,0,23.59625272778214,598151074678,cold_to_warm_disk_process
1691444591.341,2023-08-07 21:43:11.341,1,2.187,0,65.99999999999895,0,23.59033348986429,598153351406,cold_to_warm_disk_process
1691444592.416,2023-08-07 21:43:12.416,1,3.084,0,72.25000000000037,0,24.126024521429613,598155538605,cold_to_warm_disk_process
1691444593.491,2023-08-07 21:43:13.491,1,4.194,0,65.74999999999989,0,24.48611149476542,598157630612,cold_to_warm_disk_process
1691444594.567,2023-08-07 21:43:14.567,1,2.334,0,69.50000000000003,0,24.145163390697324,598159857808,cold_to_warm_disk_process
1691444595.659,2023-08-07 21:43:15.659,1,2.73,0,70.24999999999935,0,24.202382690569866,598162107474,cold_to_warm_disk_process
1691444596.753,2023-08-07 21:43:16.753,1,2.109,0,71.50000000000034,0,24.245001203578376,598164327602,cold_to_warm_disk_process
1691444597.832,2023-08-07 21:43:17.832,1,2.093,0,57.75000000000006,0,24.27696508833476,598166384844,cold_to_warm_disk_process
1691444598.955,2023-08-07 21:43:18.955,1,2.093,0,59.499999999999886,0,24.273610853514647,598168491846,cold_to_warm_disk_process
1691444600.039,2023-08-07 21:43:20.039,1,1.958,0,59.00000000000034,0,24.20771000469593,598170660798,cold_to_warm_disk_process
1691444601.115,2023-08-07 21:43:21.115,1,1.968,0,79.2500000000004,0,24.234543883256844,598172842484,cold_to_warm_disk_process
1691444602.192,2023-08-07 21:43:22.192,1,2.104,0,73.74999999999972,0,23.51239685727928,598175132486,cold_to_warm_disk_process
1691444603.282,2023-08-07 21:43:23.282,1,1.957,0,71.49999999999963,0,23.51673763175237,598177561024,cold_to_warm_disk_process
1691444604.369,2023-08-07 21:43:24.369,1,2.261,0,71.50000000000105,0,23.275232724704136,598180469405,cold_to_warm_disk_process
1691444605.446,2023-08-07 21:43:25.446,1,2.453,0,34.5000000000006,0,23.252147696824526,598182706142,cold_to_warm_disk_process
1691444606.518,2023-08-07 21:43:26.518,1,1.994,0,37.249999999998806,0,23.250569233379768,598184838163,cold_to_warm_disk_process
1691444607.588,2023-08-07 21:43:27.588,1,2.527,0,40.7500000000013,0,23.29397697811066,598187219191,cold_to_warm_disk_process
1691444608.664,2023-08-07 21:43:28.664,1,1.973,0,44.74999999999909,0,23.27562734056533,598189374125,cold_to_warm_disk_process
1691444609.741,2023-08-07 21:43:29.741,1,1.958,0,45.49999999999984,0,23.28016542296901,598191532977,cold_to_warm_disk_process
1691444610.848,2023-08-07 21:43:30.848,1,2.015,0,32.99999999999983,0,23.292398514665898,598193839419,cold_to_warm_disk_process
1691444611.932,2023-08-07 21:43:31.932,1,2.36,0,62.000000000000455,0,23.822170308313375,598196157435,cold_to_warm_disk_process
1691444613.008,2023-08-07 21:43:33.008,1,2.213,0,58.75000000000057,0,24.187781903705837,598198416011,cold_to_warm_disk_process
1691444614.095,2023-08-07 21:43:34.095,1,2.699,0,50.99999999999909,0,24.077684078433848,598200644525,cold_to_warm_disk_process
1691444615.186,2023-08-07 21:43:35.186,1,2.036,0,37.750000000001194,0,23.27937619124663,598202787765,cold_to_warm_disk_process
1691444616.259,2023-08-07 21:43:36.259,1,2.568,0,37.249999999997385,0,23.301671987403864,598205026866,cold_to_warm_disk_process
1691444617.378,2023-08-07 21:43:37.378,1,2.297,0,39.50000000000102,0,23.25984270611773,598207304883,cold_to_warm_disk_process
1691444618.476,2023-08-07 21:43:38.476,1,2.427,0,39.749999999999375,0,23.316470082198485,598209540988,cold_to_warm_disk_process
1691444619.57,2023-08-07 21:43:39.570,1,2.474,0,51.249999999999574,0,23.322389320116333,598211665633,cold_to_warm_disk_process
1691444620.653,2023-08-07 21:43:40.653,1,2.083,0,37.50000000000142,0,23.27464080091235,598213760449,cold_to_warm_disk_process
1691444621.726,2023-08-07 21:43:41.726,1,1.957,0,42.499999999999716,0,23.292990438457682,598216025361,cold_to_warm_disk_process
1691444622.799,2023-08-07 21:43:42.799,1,1.983,0,44.249999999999545,0,23.27464080091235,598218225016,cold_to_warm_disk_process
1691444623.875,2023-08-07 21:43:43.875,1,2.948,0,37.50000000000142,0,23.30522353015457,598220436402,cold_to_warm_disk_process
1691444624.957,2023-08-07 21:43:44.957,1,2.266,0,62.74999999999977,0,23.311142768072422,598222647281,cold_to_warm_disk_process
1691444626.066,2023-08-07 21:43:46.066,1,2.443,0,40.49999999999869,0,23.354747820733905,598224852918,cold_to_warm_disk_process
1691444627.262,2023-08-07 21:43:47.262,1,2.015,0,42.50000000000256,0,23.301869295334456,598227321823,cold_to_warm_disk_process
1691444628.34,2023-08-07 21:43:48.340,1,1.983,0,57.24999999999909,0,23.303447758779217,598229628483,cold_to_warm_disk_process
1691444629.445,2023-08-07 21:43:49.445,1,2.219,0,53.49999999999966,0,23.321008164602166,598231899086,cold_to_warm_disk_process
1691444630.524,2023-08-07 21:43:50.524,1,2.391,0,31.24999999999929,0,23.321008164602166,598234035600,cold_to_warm_disk_process
1691444631.603,2023-08-07 21:43:51.603,1,2.025,0,29.999999999999716,0,23.321008164602166,598236153972,cold_to_warm_disk_process
1691444632.694,2023-08-07 21:43:52.694,1,2.437,0,31.000000000000227,0,23.30561814601576,598238420476,cold_to_warm_disk_process
1691444633.803,2023-08-07 21:43:53.803,1,1.962,0,34.74999999999966,0,23.29871236844494,598240767599,cold_to_warm_disk_process
1691444634.898,2023-08-07 21:43:54.898,1,4.22,0,30.000000000000426,0,23.416307895079534,598242906133,cold_to_warm_disk_process
1691444635.983,2023-08-07 21:43:55.983,1,2.004,0,64.25000000000125,0,23.351196277983195,598245036387,cold_to_warm_disk_process
1691444637.058,2023-08-07 21:43:57.058,1,2.219,0,55.749999999999034,0,23.348236659024273,598247348104,cold_to_warm_disk_process
1691444638.141,2023-08-07 21:43:58.141,1,1.957,0,32.749999999998636,0,23.333241256299058,598249715544,cold_to_warm_disk_process
1691444639.214,2023-08-07 21:43:59.214,1,2.146,0,36.25000000000114,0,23.313707771170154,598251880038,cold_to_warm_disk_process
1691444640.321,2023-08-07 21:44:00.321,1,3.084,0,40.00000000000199,0,23.38789555307386,598254083929,cold_to_warm_disk_process
1691444641.418,2023-08-07 21:44:01.418,1,2.845,0,52.250000000000796,0,23.61815390807818,598256249772,cold_to_warm_disk_process
1691444642.494,2023-08-07 21:44:02.494,1,2.453,0,34.00000000000176,0,23.936806215989044,598258631097,cold_to_warm_disk_process
1691444643.575,2023-08-07 21:44:03.575,1,1.512,0,14.499999999998181,0,23.976859725899825,598261112262,cold_to_warm_disk_process
1691444644.652,2023-08-07 21:44:04.652,1,1.177,0,12.749999999999773,0,23.956339701117948,598263398169,cold_to_warm_disk_process
1691444645.776,2023-08-07 21:44:05.776,1,3.588,0,18.500000000000227,0,24.3497717147243,598265477590,cold_to_warm_disk_process
1691444646.929,2023-08-07 21:44:06.929,1,1.34,0,42.499999999999716,0,24.02914632750749,598267814941,cold_to_warm_disk_process
1691444648.013,2023-08-07 21:44:08.013,1,1.79,0,15.749999999999886,0,24.003298988599546,598270148032,cold_to_warm_disk_process
1691444649.089,2023-08-07 21:44:09.089,1,2.307,0,22.750000000000625,0,23.987711662082546,598272355690,cold_to_warm_disk_process
1691444650.175,2023-08-07 21:44:10.175,1,1.476,0,15.24999999999892,0,23.997182442751104,598274658079,cold_to_warm_disk_process
1691444651.266,2023-08-07 21:44:11.266,1,1.266,0,11.750000000000682,0,23.997971674473483,598276812636,cold_to_warm_disk_process
1691444652.344,2023-08-07 21:44:12.344,1,1.314,0,11.749999999999261,0,24.00250975687717,598279036892,cold_to_warm_disk_process
1691444653.434,2023-08-07 21:44:13.434,1,2.104,0,16.24999999999943,0,24.03328979404998,598281327795,cold_to_warm_disk_process
1691444654.559,2023-08-07 21:44:14.559,1,1.843,0,12.249999999998806,0,24.017110543741197,598283461336,cold_to_warm_disk_process
1691444655.683,2023-08-07 21:44:15.683,1,1.371,0,14.500000000002444,0,24.01730785167179,598285716464,cold_to_warm_disk_process
1691444656.766,2023-08-07 21:44:16.766,1,4.841,0,23.999999999998067,0,24.44882029588297,598287939967,cold_to_warm_disk_process
1691444657.851,2023-08-07 21:44:17.851,1,3.447,0,76.2500000000017,0,24.126813753151993,598290264146,cold_to_warm_disk_process
1691444658.929,2023-08-07 21:44:18.929,1,2.386,0,57.00000000000074,0,24.335170927860275,598292473182,cold_to_warm_disk_process
1691444660.022,2023-08-07 21:44:20.022,1,2.036,0,66.24999999999801,0,24.402847548054346,598294737162,cold_to_warm_disk_process
1691444661.113,2023-08-07 21:44:21.113,1,2.025,0,73.49999999999994,0,24.236714270493387,598296824506,cold_to_warm_disk_process
1691444662.216,2023-08-07 21:44:22.216,1,2.125,0,58.75000000000057,0,24.201593458847483,598299081559,cold_to_warm_disk_process
1691444663.289,2023-08-07 21:44:23.289,1,3.157,0,53.000000000000114,0,24.201198842986297,598301408287,cold_to_warm_disk_process
1691444664.362,2023-08-07 21:44:24.362,1,3.328,0,54.09181636726467,0,24.405807167013272,598303739158,cold_to_warm_disk_process
1691444665.444,2023-08-07 21:44:25.444,1,2.411,0,39.750000000000796,0,24.129970680041513,598305973066,cold_to_warm_disk_process
1691444666.544,2023-08-07 21:44:26.544,1,2.135,0,34.99999999999943,0,24.085379087727052,598307975884,cold_to_warm_disk_process
1691444667.643,2023-08-07 21:44:27.643,1,4.23,0,40.250000000001755,0,24.48255995201471,598310382775,cold_to_warm_disk_process
1691444668.725,2023-08-07 21:44:28.725,1,2.093,0,52.99999999999869,0,24.07058099293243,598312726867,cold_to_warm_disk_process
1691444669.812,2023-08-07 21:44:29.812,1,2.355,0,40.500000000000114,0,24.067621373973505,598314988907,cold_to_warm_disk_process
1691444670.884,2023-08-07 21:44:30.884,1,1.983,0,50.25000000000119,0,24.23434657532625,598317215433,cold_to_warm_disk_process
1691444671.956,2023-08-07 21:44:31.956,1,2.109,0,35.74999999999733,0,24.182454589579773,598319301066,cold_to_warm_disk_process
1691444673.034,2023-08-07 21:44:33.034,1,2.088,0,36.75000000000068,0,24.175154196147762,598321569486,cold_to_warm_disk_process
1691444674.133,2023-08-07 21:44:34.133,1,2.057,0,53.000000000000114,0,24.138454921057097,598323870030,cold_to_warm_disk_process
1691444675.219,2023-08-07 21:44:35.219,1,1.999,0,57.25000000000051,0,24.109253347329044,598326099922,cold_to_warm_disk_process
1691444676.32,2023-08-07 21:44:36.320,1,2.088,0,56.25,0,24.109647963190234,598328286002,cold_to_warm_disk_process
1691444677.425,2023-08-07 21:44:37.425,1,2.495,0,57.24999999999909,0,24.02401632131202,598330381740,cold_to_warm_disk_process
1691444678.552,2023-08-07 21:44:38.552,1,3.619,0,73.0000000000004,0,24.98944402571317,598332721096,cold_to_warm_disk_process
1691444679.628,2023-08-07 21:44:39.628,1,2.292,0,49.65104685942218,0,23.96719163730067,598335012870,cold_to_warm_disk_process
1691444680.717,2023-08-07 21:44:40.717,1,2.109,0,39.81945837512595,0,24.01770246753298,598337336653,cold_to_warm_disk_process
1691444681.802,2023-08-07 21:44:41.802,1,2.036,0,39.00000000000006,0,23.96640240557829,598339627149,cold_to_warm_disk_process
1691444682.883,2023-08-07 21:44:42.883,1,2.051,0,34.499999999999886,0,23.965415865925316,598341874876,cold_to_warm_disk_process
1691444683.956,2023-08-07 21:44:43.956,1,2.015,0,38.74999999999886,0,23.986330506568383,598344068100,cold_to_warm_disk_process
1691444685.039,2023-08-07 21:44:45.039,1,2.03,0,32.25000000000051,0,23.986330506568383,598346151455,cold_to_warm_disk_process
1691444686.112,2023-08-07 21:44:46.112,1,2.051,0,34.24999999999869,0,23.974492030732684,598348410099,cold_to_warm_disk_process
1691444687.191,2023-08-07 21:44:47.191,1,1.973,0,37.25000000000023,0,23.976070494177442,598350479934,cold_to_warm_disk_process
1691444688.322,2023-08-07 21:44:48.322,1,2.03,0,35.00000000000085,0,24.029935559229866,598352746567,cold_to_warm_disk_process
1691444689.402,2023-08-07 21:44:49.402,1,2.286,0,75.49999999999955,0,24.046904041261037,598354975872,cold_to_warm_disk_process
1691444690.477,2023-08-07 21:44:50.477,1,3.204,0,79.74999999999852,0,24.06860791362648,598357282361,cold_to_warm_disk_process
1691444691.555,2023-08-07 21:44:51.555,1,2.104,0,58.75000000000057,0,23.999550137918245,598359542205,cold_to_warm_disk_process
1691444692.641,2023-08-07 21:44:52.641,1,2.187,0,42.250000000001364,0,23.971532411773758,598361546171,cold_to_warm_disk_process
1691444693.72,2023-08-07 21:44:53.720,1,2.015,0,34.24999999999869,0,23.979622036928152,598363898728,cold_to_warm_disk_process
1691444694.796,2023-08-07 21:44:54.796,1,2.088,0,38.50000000000051,0,24.461645311371647,598366210056,cold_to_warm_disk_process
1691444695.895,2023-08-07 21:44:55.895,1,2.292,0,38.24999999999932,0,24.334381696137893,598368421189,cold_to_warm_disk_process
1691444697.073,2023-08-07 21:44:57.073,1,2.282,0,34.99999999999943,0,24.134903378306387,598370903191,cold_to_warm_disk_process
1691444698.155,2023-08-07 21:44:58.155,1,2.5,0,45.25000000000006,0,24.068805221557074,598373064973,cold_to_warm_disk_process
1691444699.231,2023-08-07 21:44:59.231,1,2.401,0,40.25000000000034,0,24.03526287335593,598375511176,cold_to_warm_disk_process
1691444700.305,2023-08-07 21:45:00.305,1,2.37,0,45.75000000000102,0,24.174562272355978,598377789202,cold_to_warm_disk_process
1691444701.384,2023-08-07 21:45:01.384,1,3.277,0,64.74999999999795,0,24.089917170130736,598379920316,cold_to_warm_disk_process
1691444702.491,2023-08-07 21:45:02.491,1,2.871,0,40.500000000000114,0,24.149898781031602,598382224652,cold_to_warm_disk_process
1691444703.585,2023-08-07 21:45:03.585,1,2.834,0,44.50000000000074,0,24.149306857239818,598384477745,cold_to_warm_disk_process
1691444704.663,2023-08-07 21:45:04.663,1,3.328,0,38.49999999999909,0,24.259996606303595,598386645645,cold_to_warm_disk_process
1691444705.738,2023-08-07 21:45:05.738,1,3.229,0,40.749999999999886,0,24.301431271728536,598388911604,cold_to_warm_disk_process
1691444706.819,2023-08-07 21:45:06.819,1,2.109,0,35.99999999999852,0,24.422578341113844,598391057754,cold_to_warm_disk_process
1691444707.929,2023-08-07 21:45:07.929,1,1.874,0,19.50000000000216,0,24.40047985288721,598393321565,cold_to_warm_disk_process
1691444709.038,2023-08-07 21:45:09.038,1,1.57,0,28.249999999998465,0,24.411529097000525,598395433517,cold_to_warm_disk_process
1691444710.123,2023-08-07 21:45:10.123,1,1.717,0,22.500000000000853,0,24.436587204186086,598397755370,cold_to_warm_disk_process
1691444711.213,2023-08-07 21:45:11.213,1,1.973,0,38.50000000000051,0,24.83514922398791,598399973294,cold_to_warm_disk_process
1691444712.287,2023-08-07 21:45:12.287,1,2.391,0,41.74999999999898,0,24.42968142661526,598402168437,cold_to_warm_disk_process
1691444713.361,2023-08-07 21:45:13.361,1,2.678,0,22.24999999999966,0,24.386076373953774,598404377701,cold_to_warm_disk_process
1691444714.44,2023-08-07 21:45:14.440,1,2.453,0,26.00000000000051,0,24.37029173950618,598406361265,cold_to_warm_disk_process
1691444715.511,2023-08-07 21:45:15.511,1,2.229,0,25.749999999999318,0,24.373448666395696,598408634887,cold_to_warm_disk_process
1691444716.637,2023-08-07 21:45:16.637,1,2.077,0,24.500000000000455,0,24.373448666395696,598410903177,cold_to_warm_disk_process
1691444717.737,2023-08-07 21:45:17.737,1,2.13,0,27.50000000000057,0,24.407977554249815,598413197071,cold_to_warm_disk_process
1691444718.822,2023-08-07 21:45:18.822,1,2.255,0,25.499999999999545,0,24.40265024012375,598415409942,cold_to_warm_disk_process
1691444719.908,2023-08-07 21:45:19.908,1,2.422,0,21.000000000000796,0,24.411134481139335,598417677456,cold_to_warm_disk_process
1691444720.979,2023-08-07 21:45:20.979,1,3.047,0,29.000000000000625,0,24.426327191795146,598419960959,cold_to_warm_disk_process
1691444722.189,2023-08-07 21:45:22.189,1,2.547,0,45.249999999998636,0,25.507377343524944,598421592602,cold_to_warm_disk_process
1691444724.011,2023-08-07 21:45:24.011,1,2.161,0,23.999999999998067,0,24.50505305610254,598422890304,cold_to_warm_disk_process
1691444725.721,2023-08-07 21:45:25.721,1,1.937,0,16.500000000000625,0,24.54333079463796,598423712248,cold_to_warm_disk_process
1691444726.798,2023-08-07 21:45:26.798,1,1.58,0,28.249999999999886,0,24.542344254984986,598425743409,cold_to_warm_disk_process
1691444727.894,2023-08-07 21:45:27.894,1,1.429,0,16.250000000000853,0,24.51156421781217,598427540032,cold_to_warm_disk_process
1691444729.081,2023-08-07 21:45:29.081,1,1.659,0,15.749999999998465,0,24.525178465023224,598429666225,cold_to_warm_disk_process
1691444730.186,2023-08-07 21:45:30.186,1,1.602,0,21.25000000000057,0,24.577267758700295,598432099575,cold_to_warm_disk_process
1691444731.261,2023-08-07 21:45:31.261,1,2.402,0,22.24999999999966,0,24.55201234358414,598434398807,cold_to_warm_disk_process
1691444732.34,2023-08-07 21:45:32.340,1,2.495,0,41.24999999999801,0,24.541555023262603,598436504444,cold_to_warm_disk_process
1691444733.415,2023-08-07 21:45:33.415,1,3.156,0,57.500000000003126,0,25.209245060395958,598438762219,cold_to_warm_disk_process
1691444734.497,2023-08-07 21:45:34.497,1,2.798,0,70.25000000000006,0,25.31658057463962,598440874384,cold_to_warm_disk_process
1691444735.59,2023-08-07 21:45:35.590,1,2.714,0,72.25000000000108,0,25.257980119252917,598443210275,cold_to_warm_disk_process
1691444736.687,2023-08-07 21:45:36.687,1,2.37,0,73.74999999999972,0,25.51231004178982,598445504724,cold_to_warm_disk_process
1691444737.773,2023-08-07 21:45:37.773,1,3.095,0,72.49999999999943,0,25.520399666944215,598447730194,cold_to_warm_disk_process
1691444738.845,2023-08-07 21:45:38.845,1,2.411,0,65.25000000000176,0,25.62082940361705,598450044489,cold_to_warm_disk_process
1691444739.925,2023-08-07 21:45:39.925,1,2.427,0,73.74999999999972,0,25.632470571522152,598451940616,cold_to_warm_disk_process
1691444741.038,2023-08-07 21:45:41.038,1,3.162,0,73.0000000000004,0,25.945795565306952,598454174517,cold_to_warm_disk_process
1691444742.122,2023-08-07 21:45:42.122,1,2.463,0,73.99999999999949,0,24.78621685720036,598456499809,cold_to_warm_disk_process
1691444743.206,2023-08-07 21:45:43.206,1,2.98,0,77.50000000000057,0,24.793714558562968,598458640905,cold_to_warm_disk_process
1691444744.28,2023-08-07 21:45:44.280,1,2.506,0,68.25000000000045,0,24.837319611224455,598460955940,cold_to_warm_disk_process
1691444745.361,2023-08-07 21:45:45.361,1,2.401,0,64.4999999999996,0,24.71636984976974,598463185664,cold_to_warm_disk_process
1691444746.433,2023-08-07 21:45:46.433,1,2.287,0,54.74999999999852,0,24.66053170541137,598465453025,cold_to_warm_disk_process
1691444747.507,2023-08-07 21:45:47.507,1,2.798,0,65.25000000000034,0,24.665069787815053,598467416590,cold_to_warm_disk_process
1691444748.606,2023-08-07 21:45:48.606,1,2.427,0,61.50000000000091,0,24.692692898098343,598469713139,cold_to_warm_disk_process
1691444749.698,2023-08-07 21:45:49.698,1,2.443,0,65.50000000000011,0,24.66388594023148,598471954096,cold_to_warm_disk_process
1691444750.796,2023-08-07 21:45:50.796,1,2.381,0,53.999999999999204,0,24.57766237456148,598474079926,cold_to_warm_disk_process
1691444751.874,2023-08-07 21:45:51.874,1,3.873,0,47.750000000000625,0,25.146895754327947,598476376536,cold_to_warm_disk_process
1691444752.95,2023-08-07 21:45:52.950,1,3.223,0,68.75,0,24.638433217184733,598478598470,cold_to_warm_disk_process
1691444754.026,2023-08-07 21:45:54.026,1,2.453,0,43.75,0,24.643760531310797,598480884725,cold_to_warm_disk_process
1691444755.109,2023-08-07 21:45:55.109,1,3.11,0,46.999999999999886,0,24.655401699215897,598483149044,cold_to_warm_disk_process
1691444756.189,2023-08-07 21:45:56.189,1,1.696,0,40.24999999999892,0,24.61140203069322,598485442061,cold_to_warm_disk_process
1691444757.267,2023-08-07 21:45:57.267,1,1.491,0,23.25000000000159,0,24.586935847299447,598487659765,cold_to_warm_disk_process
1691444758.347,2023-08-07 21:45:58.347,1,1.649,0,20.000000000000284,0,24.61929434791702,598489905030,cold_to_warm_disk_process
1691444759.441,2023-08-07 21:45:59.441,1,2.735,0,40.75000000000131,0,24.65776939438304,598492258358,cold_to_warm_disk_process
1691444760.512,2023-08-07 21:46:00.512,1,2.453,0,30.999999999998806,0,24.675527108136585,598494492973,cold_to_warm_disk_process
1691444761.589,2023-08-07 21:46:01.589,1,2.537,0,22.49999999999943,0,24.648890537506265,598496639390,cold_to_warm_disk_process
1691444762.67,2023-08-07 21:46:02.670,1,4.376,0,31.749999999999545,0,25.206482749367627,598498917638,cold_to_warm_disk_process
1691444763.769,2023-08-07 21:46:03.769,1,2.009,0,46.25000000000057,0,24.734719487315076,598501204832,cold_to_warm_disk_process
1691444764.849,2023-08-07 21:46:04.849,1,2.396,0,25.99999999999909,0,24.72071062424283,598503471515,cold_to_warm_disk_process
1691444765.932,2023-08-07 21:46:05.932,1,2.339,0,32.75000000000148,0,24.76688068000205,598505727055,cold_to_warm_disk_process
1691444767.029,2023-08-07 21:46:07.029,1,2.432,0,16.499999999999204,0,24.68854943155585,598507965709,cold_to_warm_disk_process
1691444768.101,2023-08-07 21:46:08.101,1,2.292,0,19.499999999999318,0,24.658755934036012,598510225850,cold_to_warm_disk_process
1691444769.211,2023-08-07 21:46:09.211,1,2.302,0,24.250000000000682,0,24.708082916684752,598512534790,cold_to_warm_disk_process
1691444770.302,2023-08-07 21:46:10.302,1,2.402,0,21.999999999999886,0,24.761553365875987,598514774703,cold_to_warm_disk_process
1691444771.422,2023-08-07 21:46:11.422,1,2.703,0,22.49999999999943,0,24.722486395618184,598516878293,cold_to_warm_disk_process
1691444772.519,2023-08-07 21:46:12.519,1,2.63,0,32.24999999999909,0,24.68243288570741,598519269147,cold_to_warm_disk_process
1691444773.608,2023-08-07 21:46:13.608,1,2.834,0,42.24999999999994,0,25.753420332976862,598521495841,cold_to_warm_disk_process
1691444774.69,2023-08-07 21:46:14.690,1,2.922,0,31.499999999999773,0,24.712226383227247,598523805840,cold_to_warm_disk_process
1691444775.764,2023-08-07 21:46:15.764,1,2.349,0,26.74999999999983,0,24.84027923018338,598525965486,cold_to_warm_disk_process
1691444776.852,2023-08-07 21:46:16.852,1,2.386,0,21.000000000000796,0,24.77635146067061,598527751310,cold_to_warm_disk_process
1691444777.931,2023-08-07 21:46:17.931,1,1.733,0,21.750000000000114,0,24.753266432790998,598530030324,cold_to_warm_disk_process
1691444779.038,2023-08-07 21:46:19.038,1,2.166,0,24.00000000000091,0,24.734324871453882,598532283396,cold_to_warm_disk_process
1691444780.117,2023-08-07 21:46:20.117,1,2.177,0,21.49999999999892,0,24.7885845523675,598534635168,cold_to_warm_disk_process
1691444781.223,2023-08-07 21:46:21.223,1,1.759,0,20.49999999999983,0,24.851723090157883,598536974726,cold_to_warm_disk_process
1691444782.306,2023-08-07 21:46:22.306,1,2.36,0,30.750000000000455,0,24.75129335348505,598539147381,cold_to_warm_disk_process
1691444783.379,2023-08-07 21:46:23.379,1,2.286,0,29.999999999999716,0,24.756620667611116,598541491918,cold_to_warm_disk_process
1691444784.454,2023-08-07 21:46:24.454,1,3.277,0,49.99999999999858,0,25.985257151425944,598544297526,cold_to_warm_disk_process
1691444785.536,2023-08-07 21:46:25.536,1,2.787,0,24.00000000000091,0,24.877570429065827,598546578861,cold_to_warm_disk_process
1691444786.65,2023-08-07 21:46:26.650,1,2.192,0,31.24999999999858,0,24.848171547407176,598548775032,cold_to_warm_disk_process
1691444787.727,2023-08-07 21:46:27.727,1,2.041,0,29.000000000000625,0,24.823508056082808,598550833161,cold_to_warm_disk_process
1691444788.82,2023-08-07 21:46:28.820,1,2.041,0,25.499999999999545,0,24.79904187268903,598553152206,cold_to_warm_disk_process
1691444789.901,2023-08-07 21:46:29.901,1,2.088,0,26.500000000000057,0,24.796476869591295,598555470599,cold_to_warm_disk_process
1691444790.974,2023-08-07 21:46:30.974,1,2.25,0,21.000000000000796,0,24.87165119114798,598557797981,cold_to_warm_disk_process
1691444792.06,2023-08-07 21:46:32.060,1,2.307,0,26.999999999999602,0,24.78937378408988,598560024640,cold_to_warm_disk_process
1691444793.151,2023-08-07 21:46:33.151,1,1.607,0,23.749999999999716,0,24.801606875786767,598562182752,cold_to_warm_disk_process
1691444794.23,2023-08-07 21:46:34.230,1,2.161,0,17.00000000000159,0,24.82883537020887,598564378084,cold_to_warm_disk_process
1691444795.301,2023-08-07 21:46:35.301,1,3.998,0,25.499999999998124,0,24.8276515226253,598566697629,cold_to_warm_disk_process
1691444796.374,2023-08-07 21:46:36.374,1,2.531,0,53.50000000000108,0,24.937552039966697,598568932200,cold_to_warm_disk_process
1691444797.486,2023-08-07 21:46:37.486,1,2.761,0,28.750000000000853,0,24.859220791520496,598571675058,cold_to_warm_disk_process
1691444798.614,2023-08-07 21:46:38.614,1,2.714,0,23.999999999998067,0,24.777732616184775,598573756121,cold_to_warm_disk_process
1691444799.713,2023-08-07 21:46:39.713,1,2.479,0,39.50000000000102,0,24.901444688667816,598576076965,cold_to_warm_disk_process
1691444800.805,2023-08-07 21:46:40.805,1,2.406,0,49.75000000000023,0,24.77714069239299,598578457157,cold_to_warm_disk_process
1691444801.881,2023-08-07 21:46:41.881,1,2.547,0,45.7499999999996,0,24.820153821262693,598580622838,cold_to_warm_disk_process
1691444802.997,2023-08-07 21:46:42.997,1,2.396,0,43.250000000000455,0,24.78148146686608,598582748162,cold_to_warm_disk_process
1691444804.077,2023-08-07 21:46:44.077,1,2.396,0,44.75000000000051,0,24.760172210361823,598584962072,cold_to_warm_disk_process
1691444805.149,2023-08-07 21:46:45.149,1,2.844,0,45.7499999999996,0,24.782862622380243,598587117867,cold_to_warm_disk_process
1691444806.279,2023-08-07 21:46:46.279,1,4.645,0,43.250000000000455,0,24.827848830555897,598589438962,cold_to_warm_disk_process
1691444807.368,2023-08-07 21:46:47.368,1,2.339,0,59.74999999999824,0,24.902628536251388,598591764269,cold_to_warm_disk_process
1691444808.443,2023-08-07 21:46:48.443,1,2.6,0,30.500000000000682,0,24.815615738859005,598593842511,cold_to_warm_disk_process
1691444809.529,2023-08-07 21:46:49.529,1,2.5,0,27.000000000001023,0,24.788189936506306,598596081868,cold_to_warm_disk_process
1691444810.607,2023-08-07 21:46:50.607,1,2.24,0,25.499999999999545,0,24.82528382745816,598598364170,cold_to_warm_disk_process
1691444811.684,2023-08-07 21:46:51.684,1,2.245,0,25.500000000000966,0,24.815813046789604,598600536757,cold_to_warm_disk_process
1691444812.816,2023-08-07 21:46:52.816,1,2.067,0,26.99999999999818,0,24.80259341543974,598602785998,cold_to_warm_disk_process
1691444813.911,2023-08-07 21:46:53.911,1,2.025,0,24.750000000000227,0,24.809893808871752,598605107015,cold_to_warm_disk_process
1691444814.985,2023-08-07 21:46:54.985,1,2.375,0,26.250000000001705,0,24.814629199206035,598607363577,cold_to_warm_disk_process
1691444816.075,2023-08-07 21:46:56.075,1,2.104,0,26.500000000000057,0,24.842449617419923,598609669645,cold_to_warm_disk_process
1691444817.146,2023-08-07 21:46:57.146,1,4.319,0,22.999999999998977,0,24.83080844951482,598611977687,cold_to_warm_disk_process
1691444818.218,2023-08-07 21:46:58.218,1,2.219,0,50,0,24.86356156599358,598614286549,cold_to_warm_disk_process
1691444819.331,2023-08-07 21:46:59.331,1,2.422,0,22.500000000000853,0,24.898879685570083,598616548034,cold_to_warm_disk_process
1691444820.416,2023-08-07 21:47:00.416,1,2.213,0,23.25000000000017,0,24.83199229709839,598618695758,cold_to_warm_disk_process
1691444821.495,2023-08-07 21:47:01.495,1,2.51,0,23.00000000000182,0,24.79864725682784,598621011877,cold_to_warm_disk_process
1691444822.568,2023-08-07 21:47:02.568,1,2.151,0,19.499999999999318,0,24.786019549269763,598623233162,cold_to_warm_disk_process
1691444823.65,2023-08-07 21:47:03.650,1,1.696,0,23.25000000000017,0,24.788979168228686,598625517809,cold_to_warm_disk_process
1691444824.724,2023-08-07 21:47:04.724,1,1.434,0,18.249999999999034,0,24.787992628575715,598627777659,cold_to_warm_disk_process
1691444825.795,2023-08-07 21:47:05.795,1,1.633,0,11.499999999999488,0,24.79943648855022,598630058917,cold_to_warm_disk_process
1691444826.866,2023-08-07 21:47:06.866,1,1.481,0,27.750000000001762,0,24.79312263477118,598634013483,cold_to_warm_disk_process
1691444827.945,2023-08-07 21:47:07.945,1,4.024,0,20.749999999999602,0,24.97069977230665,598634452724,cold_to_warm_disk_process
1691444829.055,2023-08-07 21:47:09.055,1,2.401,0,44.74999999999909,0,24.818969973679124,598634972063,cold_to_warm_disk_process
1691444830.128,2023-08-07 21:47:10.128,1,2.762,0,24.499999999999034,0,24.814431891275436,598635496095,cold_to_warm_disk_process
1691444831.255,2023-08-07 21:47:11.255,1,1.481,0,20.50000000000125,0,24.838503458808024,598636046574,cold_to_warm_disk_process
1691444832.337,2023-08-07 21:47:12.337,1,2.261,0,22.25000000000108,0,24.811472272316514,598636495221,cold_to_warm_disk_process
1691444833.409,2023-08-07 21:47:13.409,1,2.276,0,4.4999999999987494,0,24.80575034232926,598636929851,cold_to_warm_disk_process
1691444834.486,2023-08-07 21:47:14.486,1,2.714,0,22.999999999997556,0,24.762934521390154,598637319200,cold_to_warm_disk_process
1691444835.56,2023-08-07 21:47:15.560,1,2.453,0,22.24999999999966,0,24.798055333036057,598637758366,cold_to_warm_disk_process
1691444836.634,2023-08-07 21:47:16.634,1,2.375,0,21.750000000000114,0,24.77753530825418,598638178059,cold_to_warm_disk_process
1691444837.708,2023-08-07 21:47:17.708,1,2.495,0,44.99999999999886,0,24.77516761308704,598638619789,cold_to_warm_disk_process
1691444838.78,2023-08-07 21:47:18.780,1,4.64,0,46.25000000000199,0,25.203523130408705,598639201784,cold_to_warm_disk_process
1691444839.854,2023-08-07 21:47:19.854,1,2.135,0,50.499999999999545,0,24.860799254965254,598639663959,cold_to_warm_disk_process
1691444840.927,2023-08-07 21:47:20.927,1,2.177,0,25,0,24.850539242574314,598640182213,cold_to_warm_disk_process
1691444841.997,2023-08-07 21:47:21.997,1,2.119,0,24.24999999999926,0,24.903023152112578,598640625905,cold_to_warm_disk_process
1691444843.076,2023-08-07 21:47:23.076,1,2.229,0,24.500000000001876,0,24.803974570953905,598641138814,cold_to_warm_disk_process
1691444844.153,2023-08-07 21:47:24.153,1,2.281,0,27.499999999999147,0,24.842646925350518,598641566525,cold_to_warm_disk_process
1691444845.226,2023-08-07 21:47:25.226,1,2.526,0,36.999999999999034,0,24.85310424567205,598641982977,cold_to_warm_disk_process
1691444846.303,2023-08-07 21:47:26.303,1,2.219,0,41.7500000000004,0,24.91624278346244,598642424555,cold_to_warm_disk_process
1691444847.376,2023-08-07 21:47:27.376,1,2.067,0,31.499999999999773,0,24.867507724605485,598642924067,cold_to_warm_disk_process
1691444848.45,2023-08-07 21:47:28.450,1,2.469,0,25.250000000002615,0,24.825086519527567,598643511556,cold_to_warm_disk_process
1691444849.521,2023-08-07 21:47:29.521,1,3.816,0,30.49999999999784,0,25.20431236213108,598644011401,cold_to_warm_disk_process
1691444850.621,2023-08-07 21:47:30.621,1,2.584,0,45.000000000001705,0,24.863166950132392,598644467806,cold_to_warm_disk_process
1691444851.695,2023-08-07 21:47:31.695,1,2.819,0,24.24999999999784,0,24.85981271531228,598644968070,cold_to_warm_disk_process
1691444852.763,2023-08-07 21:47:32.763,1,2.167,0,28.000000000001535,0,24.903812383834957,598645349653,cold_to_warm_disk_process
1691444853.839,2023-08-07 21:47:33.839,1,1.795,0,23.24999999999875,0,24.842646925350518,598645725281,cold_to_warm_disk_process
1691444854.97,2023-08-07 21:47:34.970,1,2.114,0,23.99999999999949,0,24.817786126095555,598646210796,cold_to_warm_disk_process
1691444856.046,2023-08-07 21:47:36.046,1,2.229,0,19.75000000000051,0,24.82173228470745,598646605888,cold_to_warm_disk_process
1691444857.131,2023-08-07 21:47:37.131,1,2.203,0,23.000000000000398,0,24.830216525723035,598647005911,cold_to_warm_disk_process
1691444858.21,2023-08-07 21:47:38.210,1,2.219,0,18.500000000000227,0,24.825875751249946,598647545812,cold_to_warm_disk_process
1691444859.298,2023-08-07 21:47:39.298,1,2.245,0,19.999999999998863,0,24.835741147779693,598647912877,cold_to_warm_disk_process
1691444860.378,2023-08-07 21:47:40.378,1,4.339,0,17.75000000000091,0,24.83317614468196,598648452402,cold_to_warm_disk_process
1691444861.453,2023-08-07 21:47:41.453,1,2.506,0,30.24999999999949,0,24.779903003421317,598648956266,cold_to_warm_disk_process
1691444862.532,2023-08-07 21:47:42.532,1,2.891,0,23.749999999998295,0,24.862377718410013,598649540429,cold_to_warm_disk_process
1691444863.607,2023-08-07 21:47:43.607,1,2.208,0,26.00000000000051,0,24.807131497843425,598649978064,cold_to_warm_disk_process
1691444864.688,2023-08-07 21:47:44.688,1,2.193,0,23.499999999999943,0,24.784835701686195,598650428111,cold_to_warm_disk_process
1691444865.766,2023-08-07 21:47:45.766,1,2.245,0,20.000000000000284,0,24.453752994147845,598650903892,cold_to_warm_disk_process
1691444866.845,2023-08-07 21:47:46.845,1,2.14,0,17.249999999999943,0,24.46421031446938,598651242835,cold_to_warm_disk_process
1691444867.924,2023-08-07 21:47:47.924,1,2.208,0,23.25000000000017,0,24.441717210381555,598651719345,cold_to_warm_disk_process
1691444869.008,2023-08-07 21:47:49.008,1,2.485,0,31.499999999999773,0,24.434416816949543,598652366525,cold_to_warm_disk_process
