1691443122.835,2023-08-07 21:18:42.835,0,3.282,0,46.749999999883585,0,31.838988836317288,595999094302,cold_to_warm_disk_process
1691443123.927,2023-08-07 21:18:43.927,0,2.803,0,59.49999999938882,0,31.909230459609095,595999659424,cold_to_warm_disk_process
1691443129.172,2023-08-07 21:18:49.172,0,1.093,0,8.249999999679858,0,31.88259388897877,596001527116,cold_to_warm_disk_process
1691443131.817,2023-08-07 21:18:51.817,0,1.088,0,8.250000000407454,0,31.870360797281887,596003511566,cold_to_warm_disk_process
1691443133.065,2023-08-07 21:18:53.065,1,1.879,0,18.499999999039574,0,31.882396581048177,596008143195,cold_to_warm_disk_process
1691443134.143,2023-08-07 21:18:54.143,1,2.067,0,25.750000000698492,0,32.23242084992364,596010243653,cold_to_warm_disk_process
1691443135.226,2023-08-07 21:18:55.226,1,2.453,0,46.25000000014552,0,32.09095106368706,596012205062,cold_to_warm_disk_process
1691443136.304,2023-08-07 21:18:56.304,1,1.701,0,22.999999999592546,0,32.177371937287646,596014503537,cold_to_warm_disk_process
1691443137.378,2023-08-07 21:18:57.378,1,1.445,0,21.749999999883585,0,32.14165920184996,596016673647,cold_to_warm_disk_process
1691443138.452,2023-08-07 21:18:58.452,1,2.187,0,28.750000000582077,0,32.20933582204403,596018918279,cold_to_warm_disk_process
1691443139.524,2023-08-07 21:18:59.524,1,2.344,0,23.249999999825377,0,32.32614211695625,596021164719,cold_to_warm_disk_process
1691443140.597,2023-08-07 21:19:00.597,1,2.161,0,21.99999999938882,0,32.373298712368445,596023311509,cold_to_warm_disk_process
1691443141.67,2023-08-07 21:19:01.670,1,1.984,0,21.00000000136788,0,32.30266247321545,596025584023,cold_to_warm_disk_process
1691443142.762,2023-08-07 21:19:02.762,1,2.13,0,25.49999999901047,0,32.28529937532309,596027726616,cold_to_warm_disk_process
1691443143.842,2023-08-07 21:19:03.842,1,2.282,0,24.00000000052387,0,32.26399011881884,596030002031,cold_to_warm_disk_process
1691443144.935,2023-08-07 21:19:04.935,1,2.563,0,30.499999999301508,0,32.80737615967736,596032164490,cold_to_warm_disk_process
1691443146.022,2023-08-07 21:19:06.022,1,2.975,0,42.75000000052387,0,32.530750440983226,596034479401,cold_to_warm_disk_process
1691443147.093,2023-08-07 21:19:07.093,1,2.271,0,23.75000000029104,0,32.57790703639542,596036715663,cold_to_warm_disk_process
1691443148.177,2023-08-07 21:19:08.177,1,2.605,0,28.749999999126885,0,32.59586205807956,596038938355,cold_to_warm_disk_process
1691443149.247,2023-08-07 21:19:09.247,1,2.192,0,26.250000001164153,0,32.51161157171551,596041173730,cold_to_warm_disk_process
1691443150.324,2023-08-07 21:19:10.324,1,2.234,0,21.249999999417923,0,32.50470579414469,596043322537,cold_to_warm_disk_process
1691443151.404,2023-08-07 21:19:11.404,1,1.439,0,26.250000000436557,0,32.5510731578345,596045546084,cold_to_warm_disk_process
1691443152.478,2023-08-07 21:19:12.478,1,2.657,0,39.00000000066939,0,32.49168347072543,596047866821,cold_to_warm_disk_process
1691443153.552,2023-08-07 21:19:13.552,1,2.651,0,40.25000000037835,0,32.494643089684345,596050033260,cold_to_warm_disk_process
1691443154.624,2023-08-07 21:19:14.624,1,2.427,0,39.99999999941792,0,32.43663455808943,596052240745,cold_to_warm_disk_process
1691443155.702,2023-08-07 21:19:15.702,1,2.511,0,56.499999999505235,0,33.504465078469366,596054298267,cold_to_warm_disk_process
1691443156.811,2023-08-07 21:19:16.811,1,2.834,0,86.0000000007858,0,32.652884050021505,596056518761,cold_to_warm_disk_process
1691443157.882,2023-08-07 21:19:17.882,1,2.448,0,85.24999999935972,0,32.532328904427985,596058731881,cold_to_warm_disk_process
1691443158.959,2023-08-07 21:19:18.959,1,2.751,0,59.99999999985448,0,32.517530809633364,596060867676,cold_to_warm_disk_process
1691443160.097,2023-08-07 21:19:20.097,1,2.453,0,63.25000000069849,0,32.48734269625233,596063162900,cold_to_warm_disk_process
1691443161.177,2023-08-07 21:19:21.177,1,3.568,0,63.249999999970896,0,32.52187158410646,596065291307,cold_to_warm_disk_process
1691443162.257,2023-08-07 21:19:22.257,1,3.318,0,42.25000000005821,0,32.887088563637725,596067825335,cold_to_warm_disk_process
1691443163.347,2023-08-07 21:19:23.347,1,2.423,0,57.49999999970896,0,32.92043360390828,596070786962,cold_to_warm_disk_process
1691443164.427,2023-08-07 21:19:24.427,1,2.412,0,40.99999999962165,0,32.89715126809807,596072802848,cold_to_warm_disk_process
1691443165.506,2023-08-07 21:19:25.506,1,2.699,0,40.750000000116415,0,32.796326915564045,596075104218,cold_to_warm_disk_process
1691443166.579,2023-08-07 21:19:26.579,1,3.38,0,75.24999999950523,0,33.90006747931226,596077258433,cold_to_warm_disk_process
1691443167.656,2023-08-07 21:19:27.656,1,2.479,0,63.249999999970896,0,32.77797727801871,596079483443,cold_to_warm_disk_process
1691443168.734,2023-08-07 21:19:28.734,1,2.37,0,63.99999999994179,0,32.818622711721275,596081696592,cold_to_warm_disk_process
1691443169.821,2023-08-07 21:19:29.821,1,2.792,0,64.74999999991269,0,32.782909976283584,596083890609,cold_to_warm_disk_process
1691443170.925,2023-08-07 21:19:30.925,1,2.192,0,57.25000000020373,0,32.75804917702862,596086205972,cold_to_warm_disk_process
1691443171.996,2023-08-07 21:19:31.996,1,2.365,0,59.49999999938882,0,32.6572248244946,596088280404,cold_to_warm_disk_process
1691443173.074,2023-08-07 21:19:33.074,1,2.402,0,66.50000000081491,0,32.64203211383878,596090563993,cold_to_warm_disk_process
1691443174.143,2023-08-07 21:19:34.143,1,2.49,0,77.49999999941792,0,32.63492902833737,596092773505,cold_to_warm_disk_process
1691443175.291,2023-08-07 21:19:35.291,1,2.401,0,74.00000000052387,0,32.62802325076654,596094938753,cold_to_warm_disk_process
1691443176.365,2023-08-07 21:19:36.365,1,2.437,0,55.49999999930151,0,32.6256555555994,596097137654,cold_to_warm_disk_process
1691443177.449,2023-08-07 21:19:37.449,1,2.735,0,71.24999999941792,0,32.70753834679631,596099304277,cold_to_warm_disk_process
1691443178.563,2023-08-07 21:19:38.563,1,2.526,0,65.00000000087311,0,32.748973012221256,596101511451,cold_to_warm_disk_process
1691443179.634,2023-08-07 21:19:39.634,1,2.36,0,65.24999999965075,0,32.736147996732576,596103692477,cold_to_warm_disk_process
1691443180.707,2023-08-07 21:19:40.707,1,2.767,0,72.25000000034925,0,32.74660531705411,596105925140,cold_to_warm_disk_process
1691443181.793,2023-08-07 21:19:41.793,1,2.219,0,64.24999999944703,0,32.74048877120567,596108231936,cold_to_warm_disk_process
1691443182.876,2023-08-07 21:19:42.876,1,2.109,0,48.50000000005821,0,32.67123368756684,596110367726,cold_to_warm_disk_process
1691443183.965,2023-08-07 21:19:43.965,1,2.297,0,53.250000000116415,0,32.67439061445636,596112543202,cold_to_warm_disk_process
1691443185.049,2023-08-07 21:19:45.049,1,2.292,0,51.75000000017462,0,32.69747564233597,596114739796,cold_to_warm_disk_process
1691443186.122,2023-08-07 21:19:46.122,1,2.167,0,33.24999999895226,0,32.67932331272123,596116867182,cold_to_warm_disk_process
1691443187.203,2023-08-07 21:19:47.203,1,2.208,0,35.25000000081491,0,32.67320676687279,596119082922,cold_to_warm_disk_process
1691443188.281,2023-08-07 21:19:48.281,1,2.114,0,38.75000000043656,0,32.84466735855981,596121315298,cold_to_warm_disk_process
1691443189.353,2023-08-07 21:19:49.353,1,2.792,0,52.749999999650754,0,32.71878489884023,596123438028,cold_to_warm_disk_process
1691443190.424,2023-08-07 21:19:50.424,1,2.192,0,62.000000000261934,0,32.73022875881473,596125671666,cold_to_warm_disk_process
1691443191.496,2023-08-07 21:19:51.496,1,2.193,0,45.49999999944703,0,32.67971792858242,596127930673,cold_to_warm_disk_process
1691443192.583,2023-08-07 21:19:52.583,1,1.937,0,26.000000000203727,0,32.719179514701416,596130092621,cold_to_warm_disk_process
1691443193.708,2023-08-07 21:19:53.708,1,1.523,0,-1.4999999999417923,0,32.751538015318985,596132429632,cold_to_warm_disk_process
1691443194.783,2023-08-07 21:19:54.783,1,2.057,0,-3.500000000349246,0,32.73101799053711,596134501712,cold_to_warm_disk_process
1691443195.853,2023-08-07 21:19:55.853,1,2.36,0,14.500000000407454,0,33.06940109150747,596136722909,cold_to_warm_disk_process
1691443196.929,2023-08-07 21:19:56.929,1,2.177,0,35.74999999909778,0,33.08202879906555,596138973608,cold_to_warm_disk_process
1691443198.005,2023-08-07 21:19:58.005,1,2.072,0,30.750000000261934,0,33.052037993615116,596140997131,cold_to_warm_disk_process
1691443199.084,2023-08-07 21:19:59.084,1,2.844,0,34.74999999962165,0,33.58615056173568,596143227902,cold_to_warm_disk_process
1691443200.158,2023-08-07 21:20:00.158,1,2.104,0,51.75000000017462,0,32.983572141698666,596145390733,cold_to_warm_disk_process
1691443201.236,2023-08-07 21:20:01.236,1,2.093,0,34.500000000116415,0,32.89103472224962,596147644542,cold_to_warm_disk_process
1691443202.314,2023-08-07 21:20:02.314,1,2.192,0,40.000000000873115,0,32.88116932571988,596149807994,cold_to_warm_disk_process
1691443203.401,2023-08-07 21:20:03.401,1,1.869,0,31.249999999272404,0,32.77501765905979,596152130448,cold_to_warm_disk_process
1691443204.486,2023-08-07 21:20:04.486,1,2.735,0,29.250000001047738,0,32.6921483282099,596154284851,cold_to_warm_disk_process
1691443205.558,2023-08-07 21:20:05.558,1,2.531,0,36.74999999930151,0,32.601189372205624,596156535889,cold_to_warm_disk_process
1691443206.635,2023-08-07 21:20:06.635,1,2.453,0,40.750000000116415,0,32.67833677306825,596158786526,cold_to_warm_disk_process
1691443207.716,2023-08-07 21:20:07.716,1,2.318,0,40.000000000873115,0,32.659987135522925,596160896236,cold_to_warm_disk_process
1691443208.791,2023-08-07 21:20:08.791,1,2.386,0,45.99999999918509,0,32.645978272450684,596163126037,cold_to_warm_disk_process
1691443209.878,2023-08-07 21:20:09.878,1,2.647,0,62.499999999272404,0,33.68835606978387,596165363021,cold_to_warm_disk_process
1691443210.95,2023-08-07 21:20:10.950,1,2.714,0,45.75000000113505,0,32.688991401320386,596167520196,cold_to_warm_disk_process
1691443212.029,2023-08-07 21:20:12.029,1,2.854,0,47.50000000058208,0,32.75331378669434,596169630640,cold_to_warm_disk_process
1691443213.125,2023-08-07 21:20:13.125,1,2.485,0,40.999999998894054,0,32.71858759090963,596171890971,cold_to_warm_disk_process
1691443214.223,2023-08-07 21:20:14.223,1,2.255,0,41.000000000349246,0,32.65663290070281,596174172013,cold_to_warm_disk_process
1691443215.311,2023-08-07 21:20:15.311,1,2.009,0,35.75000000055297,0,32.677152925484684,596176470357,cold_to_warm_disk_process
1691443216.392,2023-08-07 21:20:16.392,1,2.537,0,23.499999999330612,0,32.68248023961075,596178618895,cold_to_warm_disk_process
1691443217.471,2023-08-07 21:20:17.471,1,2.088,0,31.25000000145519,0,32.69530525509942,596180846609,cold_to_warm_disk_process
1691443218.549,2023-08-07 21:20:18.549,1,2.443,0,21.99999999938882,0,32.6844533189167,596182761493,cold_to_warm_disk_process
1691443219.625,2023-08-07 21:20:19.625,1,2.411,0,19.499999999970896,0,32.70082987715608,596185021424,cold_to_warm_disk_process
1691443220.702,2023-08-07 21:20:20.702,1,2.573,0,49.50000000098953,0,33.405811113171886,596187288963,cold_to_warm_disk_process
1691443221.782,2023-08-07 21:20:21.782,1,2.474,0,27.249999998457497,0,32.688991401320386,596189565513,cold_to_warm_disk_process
1691443222.866,2023-08-07 21:20:22.866,1,2.943,0,35.2500000015425,0,32.70635449921274,596191933272,cold_to_warm_disk_process
1691443224.015,2023-08-07 21:20:24.015,1,2.558,0,29.749999999330612,0,32.65465982139686,596194029242,cold_to_warm_disk_process
1691443225.087,2023-08-07 21:20:25.087,1,2.5,0,45.50000000017462,0,32.66847137653851,596196250777,cold_to_warm_disk_process
1691443226.163,2023-08-07 21:20:26.163,1,2.516,0,45.00000000043656,0,32.661565598967684,596198473595,cold_to_warm_disk_process
1691443227.238,2023-08-07 21:20:27.238,1,2.537,0,48.50000000005821,0,32.697278334405375,596200619508,cold_to_warm_disk_process
1691443228.312,2023-08-07 21:20:28.312,1,2.589,0,46.749999999883585,0,32.684256010986104,596202854658,cold_to_warm_disk_process
1691443229.402,2023-08-07 21:20:29.402,1,2.573,0,64.99999999941792,0,32.67952062065183,596205134923,cold_to_warm_disk_process
1691443230.48,2023-08-07 21:20:30.480,1,2.891,0,47.24999999962165,0,32.667287528954944,596207318948,cold_to_warm_disk_process
1691443231.551,2023-08-07 21:20:31.551,1,2.792,0,62.75000000023283,0,32.73101799053711,596209617407,cold_to_warm_disk_process
1691443232.622,2023-08-07 21:20:32.622,1,2.229,0,53.500000000349246,0,32.76929572907253,596211842814,cold_to_warm_disk_process
1691443233.706,2023-08-07 21:20:33.706,1,2.401,0,44.4999999992433,0,32.706946423004524,596214099488,cold_to_warm_disk_process
1691443234.838,2023-08-07 21:20:34.838,1,2.37,0,39.750000000640284,0,32.712471045061186,596216220460,cold_to_warm_disk_process
1691443235.91,2023-08-07 21:20:35.910,1,2.485,0,39.99999999941792,0,32.69491063923823,596218498714,cold_to_warm_disk_process
1691443236.981,2023-08-07 21:20:36.981,1,1.983,0,47.000000000116415,0,32.68820216959801,596220735141,cold_to_warm_disk_process
1691443238.057,2023-08-07 21:20:38.057,1,1.962,0,33.49999999991269,0,32.68326947133313,596222966186,cold_to_warm_disk_process
1691443239.134,2023-08-07 21:20:39.134,1,1.932,0,52.999999999883585,0,32.683072163402535,596225201587,cold_to_warm_disk_process
1691443240.22,2023-08-07 21:20:40.220,1,1.988,0,53.75000000058208,0,32.696883718544186,596227278675,cold_to_warm_disk_process
1691443241.292,2023-08-07 21:20:41.292,1,2.672,0,49.999999999272404,0,32.70102718508668,596229549217,cold_to_warm_disk_process
1691443242.363,2023-08-07 21:20:42.363,1,2.151,0,43.750000000727596,0,32.887088563637725,596231811785,cold_to_warm_disk_process
1691443243.441,2023-08-07 21:20:43.441,1,2.219,0,36.74999999930151,0,32.751340707388394,596233999686,cold_to_warm_disk_process
1691443244.516,2023-08-07 21:20:44.516,1,2.662,0,36.50000000052387,0,32.720560670215576,596236212973,cold_to_warm_disk_process
1691443245.607,2023-08-07 21:20:45.607,1,2.093,0,35.25000000008731,0,32.72273105745212,596238402439,cold_to_warm_disk_process
1691443246.701,2023-08-07 21:20:46.701,1,1.921,0,33.74999999941792,0,32.73496414914901,596240624182,cold_to_warm_disk_process
1691443247.773,2023-08-07 21:20:47.773,1,1.947,0,30.249999999796273,0,32.73496414914901,596242861492,cold_to_warm_disk_process
1691443248.847,2023-08-07 21:20:48.847,1,1.932,0,32.74999999994179,0,32.73496414914901,596245001721,cold_to_warm_disk_process
1691443249.927,2023-08-07 21:20:49.927,1,1.947,0,32.00000000069849,0,32.729636835022944,596247139948,cold_to_warm_disk_process
1691443251.03,2023-08-07 21:20:51.030,1,2.025,0,29.999999999563443,0,32.73042606674533,596249385655,cold_to_warm_disk_process
1691443252.105,2023-08-07 21:20:52.105,1,2.146,0,32.99999999944703,0,32.705565267490364,596251689153,cold_to_warm_disk_process
1691443253.18,2023-08-07 21:20:53.180,1,2.192,0,35.50000000032014,0,33.2446105338758,596253998279,cold_to_warm_disk_process
1691443254.249,2023-08-07 21:20:54.249,1,2.036,0,63.25000000069849,0,32.744434929817565,596256061652,cold_to_warm_disk_process
1691443255.323,2023-08-07 21:20:55.323,1,2.948,0,55.24999999979627,0,32.76120610391814,596258282496,cold_to_warm_disk_process
1691443256.396,2023-08-07 21:20:56.396,1,2.041,0,47.999999999592546,0,32.82237156240258,596260543647,cold_to_warm_disk_process
1691443257.472,2023-08-07 21:20:57.472,1,2.412,0,32.50000000043656,0,32.74956493601304,596262709322,cold_to_warm_disk_process
1691443258.543,2023-08-07 21:20:58.543,1,2.14,0,30.74999999953434,0,32.74956493601304,596264943528,cold_to_warm_disk_process
1691443259.618,2023-08-07 21:20:59.618,1,1.937,0,30.74999999953434,0,32.73654261259377,596267072546,cold_to_warm_disk_process
1691443260.7,2023-08-07 21:21:00.700,1,1.979,0,31.50000000023283,0,32.705170651629174,596269285199,cold_to_warm_disk_process
1691443261.788,2023-08-07 21:21:01.788,1,1.947,0,30.750000000261934,0,32.691359096487524,596271572815,cold_to_warm_disk_process
1691443262.867,2023-08-07 21:21:02.867,1,1.911,0,35.25000000008731,0,32.690175248903955,596273889408,cold_to_warm_disk_process
1691443263.99,2023-08-07 21:21:03.990,1,2.245,0,49.74999999976717,0,33.88566400037883,596276159415,cold_to_warm_disk_process
1691443265.079,2023-08-07 21:21:05.079,1,3.728,0,44.75000000020373,0,32.78823729040965,596278304590,cold_to_warm_disk_process
1691443266.156,2023-08-07 21:21:06.156,1,4.096,0,62.499999999272404,0,32.76219264357111,596280597373,cold_to_warm_disk_process
1691443267.228,2023-08-07 21:21:07.228,1,2.375,0,81.00000000049477,0,32.68780755373682,596282688627,cold_to_warm_disk_process
1691443268.298,2023-08-07 21:21:08.298,1,2.245,0,78.00000000061118,0,32.628812482488925,596284936386,cold_to_warm_disk_process
1691443269.369,2023-08-07 21:21:09.369,1,2.855,0,41.99999999909778,0,32.84703505372695,596287205096,cold_to_warm_disk_process
1691443270.457,2023-08-07 21:21:10.457,1,2.829,0,81.74999999973807,0,32.98179637032331,596289423395,cold_to_warm_disk_process
1691443271.531,2023-08-07 21:21:11.531,1,3.116,0,95.75000000040745,0,33.07729340873127,596291181945,cold_to_warm_disk_process
1691443272.605,2023-08-07 21:21:12.605,1,2.391,0,78.00000000061118,0,33.16430620612365,596293476618,cold_to_warm_disk_process
1691443273.683,2023-08-07 21:21:13.683,1,2.542,0,73.99999999906868,0,33.151481190634975,596295585083,cold_to_warm_disk_process
1691443274.758,2023-08-07 21:21:14.758,1,2.292,0,95.24999999994179,0,33.482761206103916,596297900622,cold_to_warm_disk_process
1691443275.851,2023-08-07 21:21:15.851,1,2.349,0,86.00000000005821,0,33.57569324141414,596299967221,cold_to_warm_disk_process
1691443276.935,2023-08-07 21:21:16.935,1,2.37,0,81.50000000023283,0,33.55359475318751,596302244658,cold_to_warm_disk_process
1691443278.026,2023-08-07 21:21:18.026,1,2.167,0,79.00000000008731,0,33.55438398490989,596304516562,cold_to_warm_disk_process
1691443279.095,2023-08-07 21:21:19.095,1,2.172,0,73.24999999982538,0,33.48118274265916,596306721773,cold_to_warm_disk_process
1691443280.165,2023-08-07 21:21:20.165,1,2.396,0,88.74999999970896,0,33.5460970518249,596308949379,cold_to_warm_disk_process
1691443281.269,2023-08-07 21:21:21.269,1,2.13,0,84.75000000034925,0,33.60450019928101,596310993809,cold_to_warm_disk_process
1691443282.367,2023-08-07 21:21:22.367,1,2.161,0,95.75000000040745,0,33.612195208574214,596313385112,cold_to_warm_disk_process
1691443283.549,2023-08-07 21:21:23.549,1,2.391,0,88.00000000046566,0,33.63745062369037,596315628271,cold_to_warm_disk_process
1691443284.632,2023-08-07 21:21:24.632,1,2.39,0,83.49999999991269,0,33.573128238316414,596317858794,cold_to_warm_disk_process
1691443285.708,2023-08-07 21:21:25.708,1,2.067,0,95.99999999991269,0,33.5853613300133,596320093955,cold_to_warm_disk_process
1691443286.807,2023-08-07 21:21:26.807,1,2.396,0,88.00000000046566,0,33.579442092095455,596322395902,cold_to_warm_disk_process
1691443287.879,2023-08-07 21:21:27.879,1,2.699,0,82.74999999994179,0,33.50347853881639,596324577443,cold_to_warm_disk_process
1691443288.952,2023-08-07 21:21:28.952,1,2.114,0,89.74999999991269,0,33.496967377106756,596326854347,cold_to_warm_disk_process
1691443290.027,2023-08-07 21:21:30.027,1,2.688,0,91.24999999985448,0,33.54057242976824,596328959958,cold_to_warm_disk_process
1691443291.129,2023-08-07 21:21:31.129,1,2.187,0,94.25000000046566,0,33.505057002261154,596331208415,cold_to_warm_disk_process
1691443292.289,2023-08-07 21:21:32.289,1,2.318,0,89.74999999918509,0,33.59937019308554,596333281541,cold_to_warm_disk_process
1691443293.369,2023-08-07 21:21:33.369,1,2.135,0,79.7500000007858,0,33.535639731503366,596335556683,cold_to_warm_disk_process
1691443294.442,2023-08-07 21:21:34.442,1,3.079,0,91.24999999839929,0,33.770633476841965,596337737750,cold_to_warm_disk_process
1691443295.515,2023-08-07 21:21:35.515,1,2.61,0,80.00000000029104,0,33.828444700506296,596340059840,cold_to_warm_disk_process
1691443296.588,2023-08-07 21:21:36.588,1,2.349,0,77.09163346654128,0,32.89636203637569,596342076571,cold_to_warm_disk_process
1691443297.67,2023-08-07 21:21:37.670,1,3.635,0,73.64457831354522,0,32.84723236165755,596344268778,cold_to_warm_disk_process
1691443298.745,2023-08-07 21:21:38.745,1,2.041,0,68.0000000000291,0,32.945886326955026,596346518948,cold_to_warm_disk_process
1691443299.826,2023-08-07 21:21:39.826,1,2.245,0,71.25000000014552,0,32.87465816401024,596348749982,cold_to_warm_disk_process
1691443300.896,2023-08-07 21:21:40.896,1,2.114,0,68.49999999976717,0,32.858084297840264,596350899935,cold_to_warm_disk_process
1691443301.976,2023-08-07 21:21:41.976,1,2.187,0,72.50000000058208,0,32.819017327582465,596353021594,cold_to_warm_disk_process
1691443303.071,2023-08-07 21:21:43.071,1,2.292,0,84.3127490038681,0,32.82099040688841,596355121398,cold_to_warm_disk_process
1691443304.141,2023-08-07 21:21:44.141,1,2.271,0,77.40963855363245,0,32.80540308037141,596357328866,cold_to_warm_disk_process
1691443305.212,2023-08-07 21:21:45.212,1,1.916,0,72.25000000034925,0,32.84782428544933,596359655747,cold_to_warm_disk_process
1691443306.29,2023-08-07 21:21:46.290,1,2.041,0,28.00000000061118,0,32.84348351097624,596361756885,cold_to_warm_disk_process
1691443307.371,2023-08-07 21:21:47.371,1,2.432,0,29.999999998835847,0,33.02283641988706,596363955695,cold_to_warm_disk_process
1691443308.454,2023-08-07 21:21:48.454,1,2.558,0,50.250000000960426,0,32.92931246078505,596366173584,cold_to_warm_disk_process
1691443309.525,2023-08-07 21:21:49.525,1,2.792,0,83.49999999991269,0,32.857295066117885,596368423846,cold_to_warm_disk_process
1691443310.628,2023-08-07 21:21:50.628,1,2.506,0,90.00000000014552,0,33.074728405633536,596370570235,cold_to_warm_disk_process
1691443311.698,2023-08-07 21:21:51.698,1,2.709,0,73.24999999982538,0,32.997778312701506,596372901053,cold_to_warm_disk_process
1691443312.775,2023-08-07 21:21:52.775,1,2.323,0,74.2500000000291,0,33.188969697448016,596375120781,cold_to_warm_disk_process
1691443313.91,2023-08-07 21:21:53.910,1,2.292,0,81.00000000049477,0,33.30025137030358,596377169448,cold_to_warm_disk_process
1691443314.982,2023-08-07 21:21:54.982,1,2.437,0,74.2500000000291,0,33.35056489260529,596379360958,cold_to_warm_disk_process
1691443316.059,2023-08-07 21:21:56.059,1,2.5,0,83.99999999965075,0,33.294726748246916,596381545074,cold_to_warm_disk_process
1691443317.141,2023-08-07 21:21:57.141,1,3.395,0,82.74999999994179,0,33.218960502898454,596383668290,cold_to_warm_disk_process
1691443318.221,2023-08-07 21:21:58.221,1,3.635,0,76.00000000020373,0,33.64435640126119,596385963181,cold_to_warm_disk_process
1691443319.295,2023-08-07 21:21:59.295,1,2.287,0,87.99999999973807,0,33.26868210140839,596388183053,cold_to_warm_disk_process
1691443320.366,2023-08-07 21:22:00.366,1,3.37,0,78.74999999985448,0,33.23632360079081,596390446805,cold_to_warm_disk_process
1691443321.448,2023-08-07 21:22:01.448,1,2.615,0,70.74999999967986,0,33.25783016522566,596392702861,cold_to_warm_disk_process
1691443322.602,2023-08-07 21:22:02.602,1,2.865,0,67.75000000052387,0,33.12740962310239,596394845831,cold_to_warm_disk_process
1691443323.697,2023-08-07 21:22:03.697,1,2.187,0,83.24999999967986,0,33.09939189695791,596397108493,cold_to_warm_disk_process
1691443324.79,2023-08-07 21:22:04.790,1,2.948,0,64.25000000017462,0,32.99817292856269,596399345942,cold_to_warm_disk_process
1691443325.863,2023-08-07 21:22:05.863,1,2.041,0,73.99999999906868,0,32.98653176065759,596401465844,cold_to_warm_disk_process
1691443326.932,2023-08-07 21:22:06.932,1,2.187,0,71.25000000087311,0,32.95910595830489,596403700024,cold_to_warm_disk_process
1691443328.027,2023-08-07 21:22:08.027,1,2.558,0,69.4999999999709,0,32.98534791307402,596405881416,cold_to_warm_disk_process
1691443329.107,2023-08-07 21:22:09.107,1,2.177,0,73.24999999982538,0,33.17515814230637,596408119482,cold_to_warm_disk_process
1691443330.176,2023-08-07 21:22:10.176,1,1.937,0,80.24999999979627,0,33.23928321974973,596410324098,cold_to_warm_disk_process
1691443331.253,2023-08-07 21:22:11.253,1,1.937,0,80.24999999979627,0,33.2601978603928,596412510980,cold_to_warm_disk_process
1691443332.326,2023-08-07 21:22:12.326,1,2.411,0,87.25000000049477,0,33.296699827552864,596414755717,cold_to_warm_disk_process
1691443333.409,2023-08-07 21:22:13.409,1,2.891,0,77.99999999988358,0,33.38627762804298,596416965460,cold_to_warm_disk_process
1691443334.499,2023-08-07 21:22:14.499,1,2.594,0,84.50000000011642,0,33.54668897561668,596419217272,cold_to_warm_disk_process
1691443335.569,2023-08-07 21:22:15.569,1,2.161,0,79.00000000008731,0,33.589110180694604,596421517788,cold_to_warm_disk_process
1691443336.647,2023-08-07 21:22:16.647,1,2.125,0,79.24999999959255,0,33.55320013732632,596423758340,cold_to_warm_disk_process
1691443337.72,2023-08-07 21:22:17.720,1,2.813,0,90.00000000014552,0,33.56326284178666,596425974978,cold_to_warm_disk_process
1691443338.811,2023-08-07 21:22:18.811,1,2.093,0,90.25000000037835,0,33.596805189987805,596427860213,cold_to_warm_disk_process
1691443339.892,2023-08-07 21:22:19.892,1,2.427,0,86.24999999956344,0,33.580034015887236,596430150124,cold_to_warm_disk_process
1691443340.967,2023-08-07 21:22:20.967,1,2.777,0,95.25000000066939,0,34.06245190619192,596432408243,cold_to_warm_disk_process
1691443342.041,2023-08-07 21:22:22.041,1,3.324,0,88.99999999994179,0,34.06738460445679,596434618909,cold_to_warm_disk_process
1691443343.118,2023-08-07 21:22:23.118,1,2.365,0,87.74999999950523,0,33.090118424219945,596437458226,cold_to_warm_disk_process
1691443344.201,2023-08-07 21:22:24.201,1,2.933,0,81.50000000023283,0,33.046118755697265,596439635996,cold_to_warm_disk_process
1691443345.274,2023-08-07 21:22:25.274,1,1.983,0,68.25000000098953,0,33.12681769931061,596441853383,cold_to_warm_disk_process
1691443346.348,2023-08-07 21:22:26.348,1,2.219,0,96.99999999938882,0,33.144772720994744,596444067402,cold_to_warm_disk_process
1691443347.425,2023-08-07 21:22:27.425,1,3.063,0,73.75000000101863,0,33.16470082198484,596446280265,cold_to_warm_disk_process
1691443348.501,2023-08-07 21:22:28.501,1,2.625,0,75.24999999950523,0,33.11636037898907,596448523719,cold_to_warm_disk_process
1691443349.704,2023-08-07 21:22:29.704,1,2.506,0,76.25000000043656,0,33.21580357600894,596449355612,cold_to_warm_disk_process
1691443350.846,2023-08-07 21:22:30.846,1,1.978,0,62.75000000023283,0,33.22152550599618,596450005560,cold_to_warm_disk_process
1691443352.648,2023-08-07 21:22:32.648,1,2.015,0,66.99999999982538,0,33.34977566088291,596451474331,cold_to_warm_disk_process
1691443353.795,2023-08-07 21:22:33.795,1,2.349,0,91.24999999985448,0,33.41370343039568,596453554030,cold_to_warm_disk_process
1691443354.87,2023-08-07 21:22:34.870,1,2.213,0,87.24999999976717,0,33.453559632375864,596455328041,cold_to_warm_disk_process
1691443355.969,2023-08-07 21:22:35.969,1,2.271,0,63.00000000046566,0,33.46500349235037,596457564599,cold_to_warm_disk_process
1691443357.047,2023-08-07 21:22:37.047,1,3.479,0,71.49999999965075,0,33.515317014652084,596459793244,cold_to_warm_disk_process
1691443358.118,2023-08-07 21:22:38.118,1,2.432,0,80.99999999976717,0,34.71198961371053,596461995507,cold_to_warm_disk_process
1691443359.206,2023-08-07 21:22:39.206,1,3.317,0,90.75000000011642,0,34.66483301829834,596464105689,cold_to_warm_disk_process
1691443360.322,2023-08-07 21:22:40.322,1,2.261,0,87.25000000049477,0,34.796437408005175,596466175433,cold_to_warm_disk_process
1691443361.392,2023-08-07 21:22:41.392,1,3.214,0,69.24999999901047,0,34.84615900651511,596468285745,cold_to_warm_disk_process
1691443362.465,2023-08-07 21:22:42.465,1,2.432,0,86.0000000007858,0,34.70291344890317,596470590395,cold_to_warm_disk_process
1691443363.542,2023-08-07 21:22:43.542,1,3.38,0,93.0000000000291,0,34.94362912422902,596472842444,cold_to_warm_disk_process
1691443364.644,2023-08-07 21:22:44.644,1,2.402,0,79.49999999982538,0,34.74355888260573,596475065549,cold_to_warm_disk_process
1691443365.801,2023-08-07 21:22:45.801,1,2.479,0,74.9999999992724,0,34.03542071970041,596477095652,cold_to_warm_disk_process
1691443366.877,2023-08-07 21:22:46.877,1,2.579,0,75.75000000069849,0,34.026936478684824,596479241995,cold_to_warm_disk_process
1691443367.949,2023-08-07 21:22:47.949,1,2.448,0,86.00000000005821,0,34.06087344274716,596481504391,cold_to_warm_disk_process
1691443369.024,2023-08-07 21:22:49.024,1,2.203,0,72.49999999985448,0,34.02299032007293,596483753304,cold_to_warm_disk_process
1691443370.104,2023-08-07 21:22:50.104,1,2.203,0,62.000000000261934,0,33.883098997281095,596485753001,cold_to_warm_disk_process
1691443371.178,2023-08-07 21:22:51.178,1,2.511,0,69.25000000046566,0,33.95886524262956,596488055543,cold_to_warm_disk_process
1691443372.255,2023-08-07 21:22:52.255,1,2.381,0,66.74999999959255,0,33.88408553693407,596490355201,cold_to_warm_disk_process
1691443373.332,2023-08-07 21:22:53.332,1,2.589,0,68.75,0,33.966560251922765,596492734187,cold_to_warm_disk_process
1691443374.404,2023-08-07 21:22:54.404,1,3.609,0,66.25000000058208,0,34.10980580953471,596495018408,cold_to_warm_disk_process
1691443375.483,2023-08-07 21:22:55.483,1,4.505,0,52.89132602158599,0,34.21082746999933,596496858391,cold_to_warm_disk_process
1691443376.563,2023-08-07 21:22:56.563,1,2.636,0,78.93681043138146,0,33.74439152207284,596499185507,cold_to_warm_disk_process
1691443377.636,2023-08-07 21:22:57.636,1,2.84,0,52.999999999883585,0,33.16410889819306,596501290207,cold_to_warm_disk_process
1691443378.712,2023-08-07 21:22:58.712,1,3.214,0,70.50000000017462,0,32.6962917947524,596503753044,cold_to_warm_disk_process
1691443379.787,2023-08-07 21:22:59.787,1,2.297,0,66.74999999959255,0,32.719574130562606,596506001064,cold_to_warm_disk_process
1691443380.866,2023-08-07 21:23:00.866,1,2.334,0,63.249999999970896,0,32.63374518075379,596508145458,cold_to_warm_disk_process
1691443381.952,2023-08-07 21:23:01.952,1,2.469,0,65.00000000087311,0,32.629601714211304,596510433051,cold_to_warm_disk_process
1691443383.039,2023-08-07 21:23:03.039,1,2.271,0,61.74999999857391,0,32.661565598967684,596512666508,cold_to_warm_disk_process
1691443384.121,2023-08-07 21:23:04.121,1,1.958,0,72.0000000015716,0,32.8452592823516,596514946401,cold_to_warm_disk_process
1691443385.202,2023-08-07 21:23:05.202,1,1.937,0,76.99999999967986,0,32.954173260040015,596517196165,cold_to_warm_disk_process
1691443386.292,2023-08-07 21:23:06.292,1,4.277,0,77.00000000040745,0,32.986137144796395,596519315414,cold_to_warm_disk_process
1691443387.362,2023-08-07 21:23:07.362,1,2.334,0,67.74999999906868,0,33.966165636061575,596521543907,cold_to_warm_disk_process
1691443388.435,2023-08-07 21:23:08.435,1,3.904,0,58.24999999967986,0,32.9819936782539,596523832836,cold_to_warm_disk_process
1691443389.506,2023-08-07 21:23:09.506,1,2.688,0,50.500000000465654,0,32.80757346760796,596526088113,cold_to_warm_disk_process
1691443390.626,2023-08-07 21:23:10.626,1,2.297,0,56.50000000023283,0,32.81566309276235,596528210413,cold_to_warm_disk_process
1691443391.723,2023-08-07 21:23:11.723,1,2.234,0,59.249999999883585,0,32.590929359814695,596530313557,cold_to_warm_disk_process
1691443392.864,2023-08-07 21:23:12.864,1,2.219,0,55.74999999953434,0,32.58935089636993,596532525667,cold_to_warm_disk_process
1691443393.937,2023-08-07 21:23:13.937,1,2.187,0,52.24999999991269,0,32.49898386415744,596534689385,cold_to_warm_disk_process
1691443395.015,2023-08-07 21:23:15.015,1,2.14,0,50.749999999970896,0,32.42716377742087,596536969454,cold_to_warm_disk_process
1691443396.092,2023-08-07 21:23:16.092,1,2.167,0,45.50000000017462,0,32.456759967010115,596539145179,cold_to_warm_disk_process
1691443397.176,2023-08-07 21:23:17.176,1,4.221,0,37.5,0,32.43900225325657,596541435502,cold_to_warm_disk_process
1691443398.253,2023-08-07 21:23:18.253,1,2.579,0,58.750000000873115,0,32.45478688770416,596543631979,cold_to_warm_disk_process
1691443399.324,2023-08-07 21:23:19.324,1,2.224,0,44.249999999738066,0,32.482015382126264,596545771172,cold_to_warm_disk_process
1691443400.409,2023-08-07 21:23:20.409,1,2.876,0,41.499999999359716,0,32.50786272103421,596548034736,cold_to_warm_disk_process
1691443401.491,2023-08-07 21:23:21.491,1,2.714,0,46.75000000061118,0,32.57376356985293,596550266862,cold_to_warm_disk_process
1691443402.572,2023-08-07 21:23:22.572,1,2.135,0,55.500000000029104,0,32.58106396328494,596552514067,cold_to_warm_disk_process
1691443403.654,2023-08-07 21:23:23.654,1,2.266,0,69.74999999947613,0,32.60276783565039,596554826807,cold_to_warm_disk_process
1691443404.725,2023-08-07 21:23:24.725,1,2.402,0,51.00000000020373,0,32.576920496742446,596557103794,cold_to_warm_disk_process
1691443405.813,2023-08-07 21:23:25.813,1,2.104,0,42.250000000058215,0,32.61204130838835,596559350431,cold_to_warm_disk_process
1691443406.896,2023-08-07 21:23:26.896,1,2.224,0,19.74999999947613,0,32.59586205807956,596561503732,cold_to_warm_disk_process
1691443407.986,2023-08-07 21:23:27.986,1,3.776,0,55.25000000052387,0,32.841115815809104,596563738300,cold_to_warm_disk_process
1691443409.066,2023-08-07 21:23:29.066,1,2.548,0,56.250000000727596,0,32.61046284494359,596565993107,cold_to_warm_disk_process
1691443410.136,2023-08-07 21:23:30.136,1,2.432,0,43.49999999976717,0,32.60020283255265,596568107512,cold_to_warm_disk_process
1691443411.207,2023-08-07 21:23:31.207,1,2.323,0,40.249999999650754,0,32.54101045337416,596570352721,cold_to_warm_disk_process
1691443412.279,2023-08-07 21:23:32.279,1,2.37,0,38.249999999970896,0,32.517136193772174,596572516916,cold_to_warm_disk_process
1691443413.349,2023-08-07 21:23:33.349,1,2.307,0,33.250000000407454,0,32.53509121545631,596574813632,cold_to_warm_disk_process
1691443414.432,2023-08-07 21:23:34.432,1,2.672,0,37.500000000727596,0,32.495629629337316,596577118794,cold_to_warm_disk_process
1691443415.504,2023-08-07 21:23:35.504,1,2.767,0,41.500000000087304,0,32.530750440983226,596579265676,cold_to_warm_disk_process
1691443416.588,2023-08-07 21:23:36.588,1,2.474,0,37.499999999272404,0,32.55265162127927,596581487676,cold_to_warm_disk_process
1691443417.672,2023-08-07 21:23:37.672,1,2.318,0,39.500000000407454,0,32.55284892920986,596583771713,cold_to_warm_disk_process
1691443418.798,2023-08-07 21:23:38.798,1,3.951,0,52.000000000407454,0,33.10866536969587,596586047898,cold_to_warm_disk_process
1691443419.877,2023-08-07 21:23:39.877,1,2.589,0,52.99999999915599,0,32.508849260687185,596588263217,cold_to_warm_disk_process
1691443420.953,2023-08-07 21:23:40.953,1,2.245,0,42.75000000052387,0,32.46701997940105,596590504352,cold_to_warm_disk_process
1691443422.029,2023-08-07 21:23:42.029,1,2.234,0,40.00000000014552,0,32.49701078485149,596592713257,cold_to_warm_disk_process
1691443423.109,2023-08-07 21:23:43.109,1,2.229,0,43.000000000029104,0,32.43426686292229,596594768152,cold_to_warm_disk_process
1691443424.185,2023-08-07 21:23:44.185,1,4.18,0,38.249999999970896,0,32.433872247061096,596596932400,cold_to_warm_disk_process
1691443425.255,2023-08-07 21:23:45.255,1,2.339,0,50.249999999505235,0,32.41966607605826,596599148491,cold_to_warm_disk_process
1691443426.332,2023-08-07 21:23:46.332,1,2.323,0,56.250000000727596,0,32.46879575077641,596601316516,cold_to_warm_disk_process
1691443427.439,2023-08-07 21:23:47.439,1,2.355,0,37.99999999901047,0,32.4453161070356,596603574800,cold_to_warm_disk_process
1691443428.518,2023-08-07 21:23:48.518,1,2.448,0,29.250000000320142,0,32.457154582871304,596605767619,cold_to_warm_disk_process
1691443429.589,2023-08-07 21:23:49.589,1,2.365,0,47.000000000116415,0,32.67912600479064,596608003048,cold_to_warm_disk_process
1691443430.664,2023-08-07 21:23:50.664,1,2.286,0,51.99999999967986,0,32.70714373093512,596610267385,cold_to_warm_disk_process
1691443431.76,2023-08-07 21:23:51.760,1,2.579,0,70.24999999994179,0,32.78685613489549,596612409634,cold_to_warm_disk_process
1691443432.846,2023-08-07 21:23:52.846,1,2.334,0,82.74999999994179,0,32.696094486821806,596614662381,cold_to_warm_disk_process
1691443433.95,2023-08-07 21:23:53.950,1,2.307,0,88.99999999994179,0,32.70221103267025,596617009902,cold_to_warm_disk_process
1691443435.032,2023-08-07 21:23:55.032,1,2.318,0,88.99999999994179,0,32.72667721606402,596619195588,cold_to_warm_disk_process
1691443436.109,2023-08-07 21:23:56.109,1,2.219,0,88.2499999999709,0,32.75430032634732,596621467380,cold_to_warm_disk_process
1691443437.186,2023-08-07 21:23:57.186,1,2.318,0,75.7499999999709,0,32.76988765286432,596623703995,cold_to_warm_disk_process
1691443438.257,2023-08-07 21:23:58.257,1,2.417,0,65.50000000061118,0,32.803824616926654,596625860180,cold_to_warm_disk_process
1691443439.329,2023-08-07 21:23:59.329,1,2.37,0,62.999999999738066,0,32.811125010358666,596628111582,cold_to_warm_disk_process
1691443440.405,2023-08-07 21:24:00.405,1,2.344,0,73.50000000005821,0,32.82296348619436,596630276770,cold_to_warm_disk_process
1691443441.486,2023-08-07 21:24:01.486,1,3.681,0,67.50000000101863,0,32.98712368444937,596632500131,cold_to_warm_disk_process
1691443442.556,2023-08-07 21:24:02.556,1,2.746,0,69.24999999973807,0,33.016325258177424,596634682267,cold_to_warm_disk_process
1691443443.639,2023-08-07 21:24:03.639,1,2.975,0,66.24999999985448,0,33.436985766205886,596636906908,cold_to_warm_disk_process
1691443444.724,2023-08-07 21:24:04.724,1,2.318,0,68.75,0,33.105311134875755,596639227771,cold_to_warm_disk_process
1691443445.8,2023-08-07 21:24:05.800,1,2.526,0,61.49999999979627,0,33.12425269621287,596641381140,cold_to_warm_disk_process
1691443446.879,2023-08-07 21:24:06.879,1,2.699,0,63.25000000069849,0,33.78306387646945,596643644254,cold_to_warm_disk_process
1691443448.062,2023-08-07 21:24:08.062,1,2.699,0,52.749999999650754,0,32.615000927347275,596645844759,cold_to_warm_disk_process
1691443449.143,2023-08-07 21:24:09.143,1,4.159,0,44.75000000020373,0,32.68583447443086,596648030597,cold_to_warm_disk_process
1691443450.235,2023-08-07 21:24:10.235,1,4.282,0,54.74999999933061,0,32.68761024580622,596650257160,cold_to_warm_disk_process
1691443451.373,2023-08-07 21:24:11.373,1,2.334,0,60.25000000081491,0,32.66413060206542,596652339208,cold_to_warm_disk_process
1691443452.448,2023-08-07 21:24:12.448,1,2.573,0,49.749999999039574,0,32.71819297504844,596654569331,cold_to_warm_disk_process
1691443453.524,2023-08-07 21:24:13.524,1,3.728,0,44.25000000046566,0,33.014746794732666,596656735252,cold_to_warm_disk_process
1691443454.6,2023-08-07 21:24:14.600,1,2.307,0,75,0,33.023428343678844,596658867546,cold_to_warm_disk_process
1691443455.711,2023-08-07 21:24:15.711,1,2.344,0,76.00000000020373,0,33.091302271803514,596661114680,cold_to_warm_disk_process
1691443456.788,2023-08-07 21:24:16.788,1,2.318,0,61.49999999979627,0,33.18285315159957,596663334734,cold_to_warm_disk_process
1691443457.862,2023-08-07 21:24:17.862,1,2.568,0,65.00000000014552,0,33.48078812679797,596665558328,cold_to_warm_disk_process
1691443458.949,2023-08-07 21:24:18.949,1,2.516,0,85.24999999935972,0,33.49164006298069,596667755127,cold_to_warm_disk_process
1691443460.048,2023-08-07 21:24:20.048,1,2.307,0,71.25000000014552,0,33.53070703323849,596669887627,cold_to_warm_disk_process
1691443461.131,2023-08-07 21:24:21.131,1,2.756,0,73.99999999979627,0,33.52695818255719,596672190513,cold_to_warm_disk_process
1691443462.285,2023-08-07 21:24:22.285,1,2.396,0,91.74999999959255,0,33.515317014652084,596674538543,cold_to_warm_disk_process
1691443463.363,2023-08-07 21:24:23.363,1,2.307,0,79.7500000007858,0,33.63863447127394,596676746635,cold_to_warm_disk_process
1691443464.435,2023-08-07 21:24:24.435,1,3.677,0,86.00000000005821,0,33.80575428848787,596678917156,cold_to_warm_disk_process
1691443465.506,2023-08-07 21:24:25.506,1,3.651,0,84.25000000061118,0,33.93282059579102,596681099855,cold_to_warm_disk_process
1691443466.576,2023-08-07 21:24:26.576,1,3.116,0,88.00000000046566,0,33.66586296569604,596683352878,cold_to_warm_disk_process
1691443467.702,2023-08-07 21:24:27.702,1,2.182,0,79.24999999959255,0,33.723871497290965,596685600439,cold_to_warm_disk_process
1691443468.79,2023-08-07 21:24:28.790,1,2.386,0,86.00000000005821,0,33.72880419555583,596688042430,cold_to_warm_disk_process
1691443469.871,2023-08-07 21:24:29.871,1,2.245,0,71.24999999941792,0,33.815619685017616,596690268505,cold_to_warm_disk_process
1691443470.939,2023-08-07 21:24:30.939,1,2.803,0,73.50000000005821,0,33.97622834052192,596692541911,cold_to_warm_disk_process
1691443472.033,2023-08-07 21:24:32.033,1,2.845,0,92.25000000005821,0,33.87185244523718,596694825804,cold_to_warm_disk_process
1691443473.113,2023-08-07 21:24:33.113,1,2.615,0,72.49999999985448,0,33.069598399438064,596697050902,cold_to_warm_disk_process
1691443474.185,2023-08-07 21:24:34.185,1,2.626,0,84.74999999962165,0,33.090513040081134,596699252533,cold_to_warm_disk_process
1691443475.265,2023-08-07 21:24:35.265,1,2.428,0,71.74999999988358,0,33.04335644466894,596701499550,cold_to_warm_disk_process
1691443476.365,2023-08-07 21:24:36.365,1,2.219,0,76.99999999967986,0,33.06545493289557,596703693996,cold_to_warm_disk_process
1691443477.453,2023-08-07 21:24:37.453,1,2.725,0,84.00000000110595,0,33.10511382694516,596705979688,cold_to_warm_disk_process
1691443478.544,2023-08-07 21:24:38.544,1,2.709,0,85.74999999982538,0,33.11754422657264,596708260960,cold_to_warm_disk_process
1691443479.626,2023-08-07 21:24:39.626,1,2.464,0,70.99999999991269,0,32.826120413083885,596710367505,cold_to_warm_disk_process
1691443480.704,2023-08-07 21:24:40.704,1,2.479,0,60.499999999592546,0,32.85196775199182,596712390907,cold_to_warm_disk_process
1691443481.781,2023-08-07 21:24:41.781,1,2.13,0,59.750000000349246,0,32.871501237120725,596714584059,cold_to_warm_disk_process
1691443482.856,2023-08-07 21:24:42.856,1,2.474,0,68.7499999992724,0,33.074531097702945,596716835615,cold_to_warm_disk_process
1691443483.938,2023-08-07 21:24:43.938,1,2.214,0,84.25000000061118,0,33.04631606362786,596718964405,cold_to_warm_disk_process
1691443485.022,2023-08-07 21:24:45.022,1,2.088,0,69.24999999973807,0,33.390223786654886,596721156373,cold_to_warm_disk_process
1691443486.1,2023-08-07 21:24:46.100,1,3.604,0,78.50000000034925,0,33.48868044402177,596723409600,cold_to_warm_disk_process
1691443487.171,2023-08-07 21:24:47.171,1,2.495,0,81.9999999999709,0,33.571155159010466,596725655045,cold_to_warm_disk_process
1691443488.243,2023-08-07 21:24:48.243,1,2.704,0,84.24999999988358,0,33.552016289742745,596727893485,cold_to_warm_disk_process
1691443489.319,2023-08-07 21:24:49.319,1,2.683,0,80.00000000029104,0,33.93183405613806,596730066458,cold_to_warm_disk_process
1691443490.396,2023-08-07 21:24:50.396,1,2.938,0,55.74999999953434,0,33.444483467568496,596732248313,cold_to_warm_disk_process
1691443491.472,2023-08-07 21:24:51.472,1,2.349,0,64.49999999967986,0,32.548310846806174,596734647933,cold_to_warm_disk_process
1691443492.543,2023-08-07 21:24:52.543,1,2.542,0,57.75000000066939,0,32.53686698683167,596736771874,cold_to_warm_disk_process
1691443493.632,2023-08-07 21:24:53.632,1,2.49,0,55.24999999979627,0,32.52719889823252,596739083703,cold_to_warm_disk_process
1691443494.714,2023-08-07 21:24:54.714,1,1.968,0,56.999999999970896,0,32.471558061804735,596741328437,cold_to_warm_disk_process
1691443495.788,2023-08-07 21:24:55.788,1,2.255,0,52.000000000407454,0,32.486750772460546,596743464470,cold_to_warm_disk_process
1691443496.864,2023-08-07 21:24:56.864,1,1.942,0,56.50000000023283,0,32.50154886725517,596745737970,cold_to_warm_disk_process
1691443497.933,2023-08-07 21:24:57.933,1,1.978,0,45.50000000017463,0,32.49839194036565,596747860303,cold_to_warm_disk_process
1691443499.01,2023-08-07 21:24:59.010,1,1.958,0,52.999999999883585,0,32.48280461384865,596750054431,cold_to_warm_disk_process
1691443500.077,2023-08-07 21:25:00.077,1,2.093,0,28.24999999938882,0,32.47057152215176,596752205362,cold_to_warm_disk_process
1691443501.154,2023-08-07 21:25:01.154,1,2.594,0,33.00000000017462,0,32.44610533875799,596754473200,cold_to_warm_disk_process
1691443502.229,2023-08-07 21:25:02.229,1,2.182,0,40.99999999962164,0,32.668668684469104,596756729672,cold_to_warm_disk_process
1691443503.299,2023-08-07 21:25:03.299,1,2.771,0,70.75000000113505,0,32.51871465721693,596758996882,cold_to_warm_disk_process
1691443504.374,2023-08-07 21:25:04.374,1,2.167,0,38.249999998515705,0,32.488329235905304,596761237557,cold_to_warm_disk_process
1691443505.518,2023-08-07 21:25:05.518,1,2.385,0,33.750000000873115,0,32.426177237767895,596763499395,cold_to_warm_disk_process
1691443506.595,2023-08-07 21:25:06.595,1,2.323,0,35.999999998603016,0,32.44373764359085,596765732999,cold_to_warm_disk_process
1691443507.666,2023-08-07 21:25:07.666,1,1.958,0,33.750000000873115,0,32.446697262549776,596767952302,cold_to_warm_disk_process
1691443508.8,2023-08-07 21:25:08.800,1,1.983,0,32.50000000043656,0,32.458930354246654,596770055924,cold_to_warm_disk_process
1691443509.885,2023-08-07 21:25:09.885,1,1.937,0,31.749999999738066,0,32.4573518908019,596772310870,cold_to_warm_disk_process
1691443510.985,2023-08-07 21:25:10.985,1,1.973,0,31.999999999970896,0,32.44649995461917,596774440886,cold_to_warm_disk_process
1691443512.071,2023-08-07 21:25:12.071,1,2.025,0,33.750000000873115,0,32.4770826838614,596776683651,cold_to_warm_disk_process
1691443513.141,2023-08-07 21:25:13.141,1,3.261,0,42.288557212308646,0,32.72943952709235,596778896155,cold_to_warm_disk_process
1691443514.217,2023-08-07 21:25:14.217,1,2.579,0,60.05025125636916,0,32.48319922970984,596781086951,cold_to_warm_disk_process
1691443515.299,2023-08-07 21:25:15.299,1,2.548,0,68.0000000000291,0,32.64854327554842,596783333977,cold_to_warm_disk_process
1691443516.377,2023-08-07 21:25:16.377,1,2.098,0,67.50000000029104,0,32.6333505648926,596785431635,cold_to_warm_disk_process
1691443517.462,2023-08-07 21:25:17.462,1,2.14,0,31.75000000046566,0,32.6333505648926,596787707938,cold_to_warm_disk_process
1691443518.534,2023-08-07 21:25:18.534,1,2.355,0,31.25,0,32.63295594903142,596789942045,cold_to_warm_disk_process
1691443519.603,2023-08-07 21:25:19.603,1,2.203,0,37.250000000494765,0,32.629996330072494,596792154086,cold_to_warm_disk_process
1691443520.68,2023-08-07 21:25:20.680,1,1.895,0,33.49999999918509,0,32.654067897605074,596794417572,cold_to_warm_disk_process
1691443521.764,2023-08-07 21:25:21.764,1,2.411,0,19.750000000203727,0,32.8880751032907,596796834817,cold_to_warm_disk_process
1691443522.866,2023-08-07 21:25:22.866,1,2.453,0,20.249999999214197,0,32.95950057416608,596799476282,cold_to_warm_disk_process
1691443523.943,2023-08-07 21:25:23.943,1,4.149,0,27.25000000136788,0,33.67257143533627,596802361693,cold_to_warm_disk_process
1691443525.026,2023-08-07 21:25:25.026,1,2.672,0,60.74999999909778,0,32.97370674516892,596804550224,cold_to_warm_disk_process
1691443526.099,2023-08-07 21:25:26.099,1,1.999,0,34.00000000037835,0,32.95910595830489,596806867544,cold_to_warm_disk_process
1691443527.184,2023-08-07 21:25:27.184,1,2.03,0,56.50000000023283,0,32.99679177304853,596809003974,cold_to_warm_disk_process
1691443528.258,2023-08-07 21:25:28.258,1,2.276,0,59.25000000061118,0,32.98298021790688,596811245301,cold_to_warm_disk_process
1691443529.331,2023-08-07 21:25:29.331,1,1.397,0,55.500000000029104,0,32.99501600167317,596813509860,cold_to_warm_disk_process
1691443530.402,2023-08-07 21:25:30.402,1,1.403,0,34.24999999915599,0,33.02954488952729,596815668401,cold_to_warm_disk_process
1691443531.478,2023-08-07 21:25:31.478,1,2.448,0,17.749999999796273,0,32.992648306506034,596817952369,cold_to_warm_disk_process
1691443532.551,2023-08-07 21:25:32.551,1,1.68,0,32.25000000020373,0,32.96206557726381,596820170823,cold_to_warm_disk_process
1691443533.625,2023-08-07 21:25:33.625,1,1.408,0,8.999999999650754,0,32.96206557726381,596822400893,cold_to_warm_disk_process
1691443534.698,2023-08-07 21:25:34.698,1,3.396,0,23.250000000552973,0,33.48887775195236,596824667442,cold_to_warm_disk_process
1691443535.776,2023-08-07 21:25:35.776,1,1.198,0,36.99999999953434,0,32.743448390164595,596826994065,cold_to_warm_disk_process
1691443536.912,2023-08-07 21:25:36.912,1,1.487,0,16.999999999825377,0,32.7393049236221,596829076648,cold_to_warm_disk_process
1691443538.014,2023-08-07 21:25:38.014,1,1.973,0,26.250000001164153,0,32.751735323249584,596831172737,cold_to_warm_disk_process
1691443539.087,2023-08-07 21:25:39.087,1,2.067,0,38.49999999947613,0,32.75568148186148,596833358186,cold_to_warm_disk_process
1691443540.16,2023-08-07 21:25:40.160,1,1.308,0,14.499999999679858,0,32.75804917702862,596835584545,cold_to_warm_disk_process
1691443541.235,2023-08-07 21:25:41.235,1,1.759,0,23.000000000320142,0,32.7704795766561,596837878772,cold_to_warm_disk_process
1691443542.321,2023-08-07 21:25:42.321,1,2.192,0,17.499999999563443,0,32.7629818752935,596840073079,cold_to_warm_disk_process
1691443543.399,2023-08-07 21:25:43.399,1,2.255,0,21.99999999938882,0,32.870712005398346,596842365791,cold_to_warm_disk_process
1691443544.478,2023-08-07 21:25:44.478,1,2.552,0,21.25000000014552,0,32.87959086227512,596844683144,cold_to_warm_disk_process
1691443545.55,2023-08-07 21:25:45.550,1,4.211,0,44.50000000069849,0,34.06541152515084,596846929018,cold_to_warm_disk_process
1691443546.623,2023-08-07 21:25:46.623,1,2.334,0,30.999999999039574,0,32.902478582224134,596849217826,cold_to_warm_disk_process
1691443547.702,2023-08-07 21:25:47.702,1,2.344,0,28.49999999962165,0,32.963841348639164,596851372929,cold_to_warm_disk_process
1691443548.782,2023-08-07 21:25:48.782,1,2.062,0,26.000000000203727,0,32.79277537281334,596853557814,cold_to_warm_disk_process
1691443549.855,2023-08-07 21:25:49.855,1,2.072,0,20.000000001164153,0,32.77896381767169,596855822718,cold_to_warm_disk_process
1691443550.93,2023-08-07 21:25:50.930,1,1.979,0,24.749999999039574,0,32.78330459214477,596857944351,cold_to_warm_disk_process
1691443552.025,2023-08-07 21:25:52.025,1,2.167,0,21.50000000037835,0,32.7825153604224,596860402516,cold_to_warm_disk_process
1691443553.144,2023-08-07 21:25:53.144,1,2.182,0,25.750000000698492,0,32.82769887652864,596862626567,cold_to_warm_disk_process
1691443554.231,2023-08-07 21:25:54.231,1,1.983,0,22.49999999839929,0,32.79474845211928,596864991874,cold_to_warm_disk_process
1691443555.303,2023-08-07 21:25:55.303,1,2.083,0,26.75000000090222,0,32.77028226872551,596867304642,cold_to_warm_disk_process
1691443556.381,2023-08-07 21:25:56.381,1,3.765,0,21.749999999883585,0,32.76515226253004,596869452284,cold_to_warm_disk_process
1691443557.459,2023-08-07 21:25:57.459,1,2.928,0,29.250000000320142,0,32.87051469746775,596871708447,cold_to_warm_disk_process
1691443558.657,2023-08-07 21:25:58.657,1,2.025,0,26.24999999970896,0,32.86577930713347,596872999914,cold_to_warm_disk_process
1691443560.745,2023-08-07 21:26:00.745,1,2.125,0,26.249999998981366,0,32.765941494252424,596873833260,cold_to_warm_disk_process
1691443561.825,2023-08-07 21:26:01.825,1,1.612,0,16.750000000320142,0,32.804021924857246,596875045605,cold_to_warm_disk_process
1691443564.087,2023-08-07 21:26:04.087,1,2.198,0,22.499999999126885,0,32.78113420490823,596877460447,cold_to_warm_disk_process
1691443567.445,2023-08-07 21:26:07.445,1,4.081,0,65.99999999962165,0,34.011349152167824,596878078085,cold_to_warm_disk_process
1691443568.533,2023-08-07 21:26:08.533,1,3.141,0,44.999999998981366,0,32.8685416181618,596879299512,cold_to_warm_disk_process
1691443569.609,2023-08-07 21:26:09.609,1,2.631,0,54.25000000104774,0,32.88195855744226,596881600820,cold_to_warm_disk_process
1691443570.68,2023-08-07 21:26:10.680,1,3.246,0,67.49999999956344,0,33.263946711074105,596883222023,cold_to_warm_disk_process
1691443571.755,2023-08-07 21:26:11.755,1,3.328,0,75.50000000046566,0,32.795932299702855,596885153242,cold_to_warm_disk_process
1691443572.936,2023-08-07 21:26:12.936,1,3.536,0,65.24999999965075,0,32.98909676375532,596887011233,cold_to_warm_disk_process
1691443574.125,2023-08-07 21:26:14.125,1,2.266,0,60.50000000032014,0,32.9271420735485,596888936900,cold_to_warm_disk_process
1691443575.211,2023-08-07 21:26:15.211,1,2.766,0,59.49999999938882,0,33.029150273666104,596891228621,cold_to_warm_disk_process
1691443576.285,2023-08-07 21:26:16.285,1,2.506,0,69.75000000020373,0,33.10195690005564,596893430457,cold_to_warm_disk_process
1691443577.364,2023-08-07 21:26:17.364,1,2.526,0,63.50000000020373,0,33.10807344590408,596895672021,cold_to_warm_disk_process
1691443578.452,2023-08-07 21:26:18.452,1,2.563,0,63.49999999947613,0,33.10846806176527,596897785555,cold_to_warm_disk_process
1691443579.597,2023-08-07 21:26:19.597,1,2.558,0,80.5000000000291,0,33.18541815469731,596900002130,cold_to_warm_disk_process
1691443580.669,2023-08-07 21:26:20.669,1,2.5,0,61.250000001018634,0,33.12129307725395,596902317536,cold_to_warm_disk_process
1691443581.744,2023-08-07 21:26:21.744,1,2.344,0,65.49999999988358,0,33.11754422657264,596904549718,cold_to_warm_disk_process
1691443582.82,2023-08-07 21:26:22.820,1,2.422,0,45.74999999967986,0,33.090118424219945,596906774896,cold_to_warm_disk_process
1691443583.908,2023-08-07 21:26:23.908,1,2.464,0,44.75000000020373,0,33.04927568258679,596909073152,cold_to_warm_disk_process
1691443584.99,2023-08-07 21:26:24.990,1,2.402,0,61.25000000029104,0,33.21501434428655,596911229648,cold_to_warm_disk_process
1691443586.068,2023-08-07 21:26:26.068,1,2.36,0,58.75000000014552,0,33.18502353883612,596913500058,cold_to_warm_disk_process
1691443587.168,2023-08-07 21:26:27.168,1,2.334,0,58.75000000014552,0,33.22981243908117,596915819275,cold_to_warm_disk_process
1691443588.25,2023-08-07 21:26:28.250,1,3.364,0,59.49999999938882,0,33.22231473771857,596918157331,cold_to_warm_disk_process
1691443589.336,2023-08-07 21:26:29.336,1,2.803,0,62.250000000494765,0,33.37364992048491,596920368141,cold_to_warm_disk_process
1691443590.429,2023-08-07 21:26:30.429,1,2.527,0,63.50000000020373,0,32.97410136103011,596922717944,cold_to_warm_disk_process
1691443591.518,2023-08-07 21:26:31.518,1,2.751,0,57.99999999944703,0,32.96798481518166,596924928868,cold_to_warm_disk_process
1691443592.613,2023-08-07 21:26:32.613,1,2.558,0,54.7500000007858,0,32.97331212930772,596927177309,cold_to_warm_disk_process
1691443593.689,2023-08-07 21:26:33.689,1,2.489,0,60.249999999359716,0,32.93562631456409,596929376481,cold_to_warm_disk_process
1691443594.773,2023-08-07 21:26:34.773,1,2.407,0,61.0000000007858,0,32.946675558677406,596931458528,cold_to_warm_disk_process
1691443595.856,2023-08-07 21:26:35.856,1,2.5,0,52.749999999650754,0,32.910568207378525,596933765185,cold_to_warm_disk_process
1691443596.937,2023-08-07 21:26:36.937,1,2.245,0,59.249999999883585,0,32.916882061157565,596936071322,cold_to_warm_disk_process
1691443598.026,2023-08-07 21:26:38.026,1,2.302,0,56.50000000023283,0,32.98002059894796,596938373749,cold_to_warm_disk_process
1691443599.098,2023-08-07 21:26:39.098,1,2.36,0,54.74999999933061,0,32.961868269333216,596940568797,cold_to_warm_disk_process
1691443600.188,2023-08-07 21:26:40.188,1,2.604,0,60.50000000032014,0,33.3817395456393,596942748077,cold_to_warm_disk_process
1691443601.282,2023-08-07 21:26:41.282,1,2.391,0,65.49999999988358,0,33.00389485854994,596945070358,cold_to_warm_disk_process
1691443602.356,2023-08-07 21:26:42.356,1,2.891,0,52.75000000037835,0,32.95614633934596,596947281153,cold_to_warm_disk_process
1691443603.434,2023-08-07 21:26:43.434,1,2.704,0,48.00000000032014,0,33.00606524578649,596949552005,cold_to_warm_disk_process
1691443604.508,2023-08-07 21:26:44.508,1,2.621,0,42.49999999883585,0,32.98416406549045,596951657613,cold_to_warm_disk_process
1691443605.581,2023-08-07 21:26:45.581,1,2.37,0,40.50000000061118,0,32.984755989282235,596953943330,cold_to_warm_disk_process
1691443606.66,2023-08-07 21:26:46.660,1,2.302,0,38.74999999970896,0,33.007841017161844,596956195124,cold_to_warm_disk_process
1691443607.745,2023-08-07 21:26:47.745,1,2.422,0,38.49999999947613,0,32.99659446511793,596958508949,cold_to_warm_disk_process
1691443608.82,2023-08-07 21:26:48.820,1,2.135,0,35.50000000104774,0,33.01060332819017,596960775012,cold_to_warm_disk_process
1691443609.902,2023-08-07 21:26:49.902,1,2.777,0,35.249999999359716,0,33.03506951158395,596963042587,cold_to_warm_disk_process
1691443610.985,2023-08-07 21:26:50.985,1,2.99,0,55.00000000029104,0,34.25660290989736,596965091632,cold_to_warm_disk_process
1691443612.069,2023-08-07 21:26:52.069,1,2.03,0,59.25000000061118,0,33.062495313936644,596967419883,cold_to_warm_disk_process
1691443613.143,2023-08-07 21:26:53.143,1,2.542,0,41.249999999126885,0,33.081436875273766,596969743866,cold_to_warm_disk_process
1691443614.216,2023-08-07 21:26:54.216,1,2.375,0,43.250000000261934,0,33.01750910576099,596972062086,cold_to_warm_disk_process
1691443615.3,2023-08-07 21:26:55.300,1,3.899,0,44.50000000069849,0,33.02717719436015,596974357479,cold_to_warm_disk_process
1691443616.38,2023-08-07 21:26:56.380,1,3.266,0,65.24999999965075,0,33.04355375259953,596976564837,cold_to_warm_disk_process
1691443617.472,2023-08-07 21:26:57.472,1,2.474,0,32.49999999970896,0,33.16864698059674,596978814653,cold_to_warm_disk_process
1691443618.575,2023-08-07 21:26:58.575,1,2.051,0,34.50000000084401,0,33.20968703016049,596981153017,cold_to_warm_disk_process
1691443619.648,2023-08-07 21:26:59.648,1,2.485,0,68.24999999953434,0,33.21521165221715,596983437444,cold_to_warm_disk_process
1691443620.731,2023-08-07 21:27:00.731,1,3.152,0,69.4999999999709,0,33.20731933499335,596985657373,cold_to_warm_disk_process
1691443621.819,2023-08-07 21:27:01.819,1,2.803,0,82.49999999970896,0,33.22961513115058,596988000995,cold_to_warm_disk_process
1691443622.893,2023-08-07 21:27:02.893,1,2.626,0,57.25000000020373,0,33.25171361937721,596990290812,cold_to_warm_disk_process
1691443623.978,2023-08-07 21:27:03.978,1,2.948,0,59.99999999985448,0,33.21797396324548,596992551104,cold_to_warm_disk_process
1691443625.056,2023-08-07 21:27:05.056,1,2.37,0,68.0000000000291,0,33.1467458003007,596994739591,cold_to_warm_disk_process
1691443626.148,2023-08-07 21:27:06.148,1,2.171,0,69.00000000023283,0,33.150297343051406,596996823549,cold_to_warm_disk_process
1691443627.228,2023-08-07 21:27:07.228,1,2.182,0,71.99999999938882,0,33.1702254440415,596999071125,cold_to_warm_disk_process
1691443628.304,2023-08-07 21:27:08.304,1,2.437,0,67.50000000029104,0,33.1623331268177,597001353768,cold_to_warm_disk_process
1691443629.446,2023-08-07 21:27:09.446,1,2.651,0,58.250000000407454,0,33.13411809274262,597003779465,cold_to_warm_disk_process
1691443630.519,2023-08-07 21:27:10.519,1,2.297,0,68.0000000000291,0,33.15661119683044,597006048058,cold_to_warm_disk_process
1691443631.604,2023-08-07 21:27:11.604,1,3.256,0,70.49999999944703,0,33.347013349854585,597008262815,cold_to_warm_disk_process
1691443632.679,2023-08-07 21:27:12.679,1,2.5,0,91.25000000058208,0,33.204754331895614,597010544775,cold_to_warm_disk_process
1691443633.751,2023-08-07 21:27:13.751,1,2.151,0,83.99999999965075,0,33.22547166460809,597012669866,cold_to_warm_disk_process
1691443634.827,2023-08-07 21:27:14.827,1,2.167,0,78.49999999962165,0,33.180485456432436,597014721229,cold_to_warm_disk_process
1691443635.898,2023-08-07 21:27:15.898,1,2.24,0,67.50000000029104,0,33.13924809893809,597016906277,cold_to_warm_disk_process
1691443636.971,2023-08-07 21:27:16.971,1,2.349,0,55.500000000029104,0,33.159570815789365,597019151392,cold_to_warm_disk_process
1691443638.063,2023-08-07 21:27:18.063,1,2.161,0,50.7499999992433,0,33.17732852954292,597021484353,cold_to_warm_disk_process
1691443639.14,2023-08-07 21:27:19.140,1,2.119,0,52.75000000037835,0,33.203570484312046,597023737642,cold_to_warm_disk_process
1691443640.212,2023-08-07 21:27:20.212,1,2.224,0,50.749999999970896,0,33.210278953952276,597026024141,cold_to_warm_disk_process
1691443641.325,2023-08-07 21:27:21.325,1,2.187,0,53.74999999985448,0,32.80816539139974,597028251324,cold_to_warm_disk_process
1691443642.439,2023-08-07 21:27:22.439,1,3.229,0,61.0000000007858,0,33.36556029533051,597030511987,cold_to_warm_disk_process
1691443643.521,2023-08-07 21:27:23.521,1,2.605,0,61.99999999953434,0,32.82237156240258,597032856847,cold_to_warm_disk_process
1691443644.596,2023-08-07 21:27:24.596,1,2.672,0,60.25000000008731,0,32.8215823306802,597035025446,cold_to_warm_disk_process
1691443645.669,2023-08-07 21:27:25.669,1,2.187,0,68.50000000049477,0,32.871698545051316,597037312001,cold_to_warm_disk_process
1691443646.765,2023-08-07 21:27:26.765,1,2.214,0,67.74999999979627,0,32.864200843688714,597039633849,cold_to_warm_disk_process
1691443647.842,2023-08-07 21:27:27.842,1,2.234,0,69.00000000023283,0,32.91333051840686,597041931053,cold_to_warm_disk_process
1691443648.915,2023-08-07 21:27:28.915,1,2.307,0,58.6241276170615,0,32.94430786351026,597044197214,cold_to_warm_disk_process
1691443649.987,2023-08-07 21:27:29.987,1,2.37,0,50.100300902941655,0,32.92181475942244,597046356308,cold_to_warm_disk_process
1691443651.07,2023-08-07 21:27:31.070,1,2.427,0,52.999999999883585,0,32.90326781394651,597048645095,cold_to_warm_disk_process
1691443652.15,2023-08-07 21:27:32.150,1,2.803,0,53.500000000349246,0,32.91885514046351,597050913882,cold_to_warm_disk_process
1691443653.228,2023-08-07 21:27:33.228,1,3.821,0,50.99999999947613,0,32.91293590254566,597053155141,cold_to_warm_disk_process
1691443654.308,2023-08-07 21:27:34.308,1,2.423,0,67.50000000029104,0,33.520447020847556,597055417592,cold_to_warm_disk_process
1691443655.387,2023-08-07 21:27:35.387,1,2.443,0,67.2500000007858,0,33.68953991736744,597057665349,cold_to_warm_disk_process
1691443656.46,2023-08-07 21:27:36.460,1,2.423,0,59.99999999985448,0,33.63922639506573,597059967027,cold_to_warm_disk_process
1691443657.537,2023-08-07 21:27:37.537,1,4.148,0,80.74999999953434,0,33.822525462588445,597062013577,cold_to_warm_disk_process
1691443658.642,2023-08-07 21:27:38.642,1,2.109,0,85.74999999982538,0,33.768857705466615,597064233593,cold_to_warm_disk_process
1691443659.721,2023-08-07 21:27:39.721,1,2.912,0,95.75000000040745,0,33.74656190930938,597066499094,cold_to_warm_disk_process
1691443660.796,2023-08-07 21:27:40.796,1,2.506,0,82.50000000043656,0,33.85804089009554,597068800819,cold_to_warm_disk_process
1691443661.87,2023-08-07 21:27:41.870,1,2.375,0,70.99999999991269,0,33.87303629282075,597070975328,cold_to_warm_disk_process
1691443662.954,2023-08-07 21:27:42.954,1,2.948,0,73.74999999956344,0,34.019044161461025,597073209327,cold_to_warm_disk_process
1691443664.139,2023-08-07 21:27:44.139,1,2.621,0,82.00000000069849,0,34.169392804574386,597075595503,cold_to_warm_disk_process
1691443665.227,2023-08-07 21:27:45.227,1,3.525,0,78.49999999962165,0,33.936174830611144,597077796558,cold_to_warm_disk_process
1691443666.304,2023-08-07 21:27:46.304,1,2.542,0,79.75000000005821,0,34.02871225006018,597079978670,cold_to_warm_disk_process
1691443667.384,2023-08-07 21:27:47.384,1,3.459,0,57.49999999970896,0,33.44586462308266,597082164094,cold_to_warm_disk_process
1691443668.459,2023-08-07 21:27:48.459,1,3.858,0,56.000000000494765,0,33.63883177920453,597084453658,cold_to_warm_disk_process
1691443669.532,2023-08-07 21:27:49.532,1,2.621,0,63.9999999992142,0,33.69920800596659,597086599056,cold_to_warm_disk_process
1691443670.606,2023-08-07 21:27:50.606,1,2.13,0,56.250000000727596,0,33.679477212907095,597088885394,cold_to_warm_disk_process
1691443671.684,2023-08-07 21:27:51.684,1,2.49,0,55.24999999979627,0,33.73965613173856,597091230573,cold_to_warm_disk_process
1691443672.759,2023-08-07 21:27:52.759,1,2.5,0,51.75000000017462,0,33.80891121537739,597093543324,cold_to_warm_disk_process
1691443673.834,2023-08-07 21:27:53.834,1,2.412,0,48.74999999956344,0,33.81187083433632,597095645593,cold_to_warm_disk_process
1691443674.914,2023-08-07 21:27:54.914,1,2.114,0,49.750000000494765,0,33.859619353540296,597097935825,cold_to_warm_disk_process
1691443675.986,2023-08-07 21:27:55.986,1,2.427,0,54.74999999933061,0,33.83495586221593,597100053021,cold_to_warm_disk_process
1691443677.057,2023-08-07 21:27:57.057,1,2.004,0,63.75000000043656,0,34.190702061078646,597102309679,cold_to_warm_disk_process
1691443678.128,2023-08-07 21:27:58.128,1,2.172,0,79.75000000005821,0,34.16722241733785,597104384229,cold_to_warm_disk_process
1691443679.214,2023-08-07 21:27:59.214,1,2.423,0,83.00000000017462,0,34.20214592105315,597106675658,cold_to_warm_disk_process
1691443680.292,2023-08-07 21:28:00.292,1,2.234,0,82.7499999992142,0,34.40221616267644,597108937705,cold_to_warm_disk_process
1691443681.363,2023-08-07 21:28:01.363,1,2.334,0,77.25000000064028,0,34.374987668254334,597111195569,cold_to_warm_disk_process
1691443682.44,2023-08-07 21:28:02.440,1,2.63,0,64.50000000040745,0,34.48330972215097,597113471415,cold_to_warm_disk_process
1691443683.521,2023-08-07 21:28:03.521,1,2.579,0,67.25000000005821,0,34.473247017690625,597115590049,cold_to_warm_disk_process
1691443684.612,2023-08-07 21:28:04.612,1,2.062,0,69.4999999992433,0,34.43062850468211,597117958579,cold_to_warm_disk_process
1691443685.695,2023-08-07 21:28:05.695,1,2.14,0,72.00000000011642,0,34.42786619365379,597120190428,cold_to_warm_disk_process
1691443686.768,2023-08-07 21:28:06.768,1,2.261,0,64.25000000017462,0,34.493569734541914,597122384643,cold_to_warm_disk_process
1691443688.104,2023-08-07 21:28:08.104,1,2.036,0,57.74999999994179,0,34.478771639747286,597124682111,cold_to_warm_disk_process
1691443692.794,2023-08-07 21:28:12.794,1,3.131,0,71.50000000037835,0,34.578412144697744,597125763260,cold_to_warm_disk_process
1691443693.871,2023-08-07 21:28:13.871,1,2.537,0,65.5923344944186,0,34.502251283488086,597128033119,cold_to_warm_disk_process
1691443694.953,2023-08-07 21:28:14.953,1,2.464,0,70.50000000017462,0,34.43023388882093,597130201578,cold_to_warm_disk_process
1691443696.041,2023-08-07 21:28:16.041,1,2.943,0,79.00000000008731,0,35.052937717778626,597132509535,cold_to_warm_disk_process
1691443697.127,2023-08-07 21:28:17.127,1,2.182,0,82.25000000020373,0,35.38342850152519,597134686167,cold_to_warm_disk_process
1691443698.202,2023-08-07 21:28:18.202,1,2.292,0,83.74999999941792,0,35.75140779208479,597136976889,cold_to_warm_disk_process
1691443699.288,2023-08-07 21:28:19.288,1,2.125,0,75.49999999973807,0,35.14054243896279,597139260366,cold_to_warm_disk_process
1691443700.407,2023-08-07 21:28:20.407,1,3.298,0,80.00000000101863,0,34.47640394458015,597141297402,cold_to_warm_disk_process
1691443701.479,2023-08-07 21:28:21.479,1,3.178,0,59.49999999938882,0,34.276925626748636,597143630912,cold_to_warm_disk_process
1691443702.559,2023-08-07 21:28:22.559,1,2.469,0,54.49999999982538,0,34.2512755957713,597146051824,cold_to_warm_disk_process
1691443703.633,2023-08-07 21:28:23.633,1,2.391,0,38.75000000043656,0,34.11098965711828,597148845431,cold_to_warm_disk_process
1691443704.723,2023-08-07 21:28:24.723,1,2.067,0,35.249999999359716,0,33.91979827237176,597151179589,cold_to_warm_disk_process
1691443705.8,2023-08-07 21:28:25.800,1,2.004,0,35.499999999592546,0,34.12026312985624,597153267957,cold_to_warm_disk_process
1691443706.874,2023-08-07 21:28:26.874,1,2.125,0,55.500000000029104,0,34.05238920173158,597155441750,cold_to_warm_disk_process
1691443707.947,2023-08-07 21:28:27.947,1,2.077,0,43.0000000007567,0,33.71440071662241,597157834184,cold_to_warm_disk_process
1691443709.023,2023-08-07 21:28:29.023,1,2.109,0,56.749999999738066,0,33.57885016830367,597160021211,cold_to_warm_disk_process
1691443710.107,2023-08-07 21:28:30.107,1,2.125,0,59.500000000116415,0,33.51946048119458,597162199808,cold_to_warm_disk_process
1691443711.185,2023-08-07 21:28:31.185,1,2.098,0,49.50000000026193,0,33.41094111936735,597164466788,cold_to_warm_disk_process
1691443712.258,2023-08-07 21:28:32.258,1,2.119,0,59.500000000116415,0,33.174171602653395,597166781369,cold_to_warm_disk_process
1691443713.333,2023-08-07 21:28:33.333,1,2.578,0,51.75000000017462,0,33.18305045953017,597169063611,cold_to_warm_disk_process
1691443714.416,2023-08-07 21:28:34.416,1,2.959,0,55.25000000052387,0,33.408178808339024,597171280767,cold_to_warm_disk_process
1691443715.509,2023-08-07 21:28:35.509,1,2.704,0,56.9999999992433,0,32.999159468215666,597173425848,cold_to_warm_disk_process
1691443716.603,2023-08-07 21:28:36.603,1,2.167,0,39.750000000640284,0,32.99718638890972,597175591791,cold_to_warm_disk_process
1691443717.693,2023-08-07 21:28:37.693,1,2.14,0,39.24999999944703,0,33.0567733839494,597177825619,cold_to_warm_disk_process
1691443718.772,2023-08-07 21:28:38.772,1,3.074,0,42.00000000055297,0,32.88353702088702,597179948200,cold_to_warm_disk_process
1691443719.849,2023-08-07 21:28:39.849,1,2.036,0,43.49999999976717,0,32.9078058963502,597182242574,cold_to_warm_disk_process
1691443720.936,2023-08-07 21:28:40.936,1,2.009,0,34.49999999938882,0,32.90326781394651,597184279935,cold_to_warm_disk_process
1691443722.021,2023-08-07 21:28:42.021,1,2.02,0,34.25000000061118,0,32.91313321047626,597186642649,cold_to_warm_disk_process
1691443723.1,2023-08-07 21:28:43.100,1,2.432,0,31.499999999505235,0,32.96601173587571,597188876346,cold_to_warm_disk_process
1691443724.178,2023-08-07 21:28:44.178,1,1.978,0,34.249999999883585,0,33.03921297812644,597191185063,cold_to_warm_disk_process
1691443725.257,2023-08-07 21:28:45.257,1,4.096,0,33.75000000014552,0,33.0995892048885,597193429075,cold_to_warm_disk_process
1691443726.334,2023-08-07 21:28:46.334,1,2.427,0,53.00000000061118,0,34.228979799614066,597195495255,cold_to_warm_disk_process
1691443727.408,2023-08-07 21:28:47.408,1,3.785,0,42.99999999930151,0,33.150494650982004,597197806398,cold_to_warm_disk_process
1691443728.484,2023-08-07 21:28:48.484,1,3.708,0,64.99999999941792,0,33.17831506919589,597200054947,cold_to_warm_disk_process
1691443729.559,2023-08-07 21:28:49.559,1,2.855,0,54.50000000055297,0,33.181274688154815,597202326522,cold_to_warm_disk_process
1691443730.636,2023-08-07 21:28:50.636,1,2.49,0,43.500000000494765,0,33.202978560520265,597204630002,cold_to_warm_disk_process
1691443731.723,2023-08-07 21:28:51.723,1,2.495,0,42.99999999930151,0,33.20672741120156,597206687396,cold_to_warm_disk_process
1691443732.801,2023-08-07 21:28:52.801,1,2.474,0,44.50000000069849,0,33.205148947756804,597209536723,cold_to_warm_disk_process
1691443733.879,2023-08-07 21:28:53.879,1,2.594,0,48.99999999906868,0,33.20810856671573,597211806489,cold_to_warm_disk_process
1691443734.957,2023-08-07 21:28:54.957,1,2.004,0,38.00000000046566,0,33.446061931013254,597214045527,cold_to_warm_disk_process
1691443736.099,2023-08-07 21:28:56.099,1,2.009,0,31.749999999738066,0,33.407784192477834,597216320319,cold_to_warm_disk_process
1691443737.221,2023-08-07 21:28:57.221,1,2.057,0,51.25000000043656,0,33.48572082506284,597218550301,cold_to_warm_disk_process
1691443738.292,2023-08-07 21:28:58.292,1,2.6,0,50.7499999992433,0,33.589307488625195,597220786605,cold_to_warm_disk_process
1691443739.377,2023-08-07 21:28:59.377,1,2.318,0,58.500000000640284,0,33.431461144149225,597223060110,cold_to_warm_disk_process
1691443740.527,2023-08-07 21:29:00.527,1,2.792,0,73.00000000032014,0,33.45494078789003,597225345048,cold_to_warm_disk_process
1691443741.603,2023-08-07 21:29:01.603,1,2.427,0,64.99999999941792,0,33.461649257530254,597227560895,cold_to_warm_disk_process
1691443742.691,2023-08-07 21:29:02.691,1,2.407,0,62.00000000098953,0,33.48828582816058,597229784706,cold_to_warm_disk_process
1691443743.775,2023-08-07 21:29:03.775,1,2.344,0,49.500000000261934,0,33.50920046880364,597231992355,cold_to_warm_disk_process
1691443744.854,2023-08-07 21:29:04.854,1,2.334,0,54.99999999883585,0,33.56780092419035,597234084932,cold_to_warm_disk_process
1691443745.928,2023-08-07 21:29:05.928,1,2.349,0,53.50000000107684,0,33.57273362245522,597236373029,cold_to_warm_disk_process
1691443747.006,2023-08-07 21:29:07.006,1,2.719,0,64.24999999944703,0,33.59917288515494,597238531917,cold_to_warm_disk_process
1691443748.108,2023-08-07 21:29:08.108,1,3.343,0,73.50000000005821,0,33.802005437806564,597240790877,cold_to_warm_disk_process
1691443749.183,2023-08-07 21:29:09.183,1,2.641,0,74.74999999976717,0,33.87639052764087,597242984306,cold_to_warm_disk_process
1691443750.253,2023-08-07 21:29:10.253,1,2.948,0,58.75000000014552,0,33.866722439041716,597245285116,cold_to_warm_disk_process
1691443751.343,2023-08-07 21:29:11.343,1,2.464,0,54.249999999592546,0,33.91604942169045,597247527021,cold_to_warm_disk_process
1691443752.44,2023-08-07 21:29:12.440,1,3.547,0,64.00000000066939,0,33.96281140124146,597249847321,cold_to_warm_disk_process
1691443753.511,2023-08-07 21:29:13.511,1,3.078,0,66.99999999982538,0,34.07646076926416,597252171127,cold_to_warm_disk_process
1691443754.582,2023-08-07 21:29:14.582,1,3.261,0,53.24999999938882,0,33.22330127737154,597254441247,cold_to_warm_disk_process
1691443755.653,2023-08-07 21:29:15.653,1,2.114,0,23.500000000785803,0,33.28525596757836,597256697160,cold_to_warm_disk_process
1691443756.749,2023-08-07 21:29:16.749,1,2.501,0,22.75000000008731,0,33.26769556175541,597259033307,cold_to_warm_disk_process
1691443757.835,2023-08-07 21:29:17.835,1,2.13,0,28.250000000116415,0,33.24697822904294,597261177005,cold_to_warm_disk_process
1691443758.922,2023-08-07 21:29:18.922,1,2.203,0,23.999999999796273,0,33.211462801535845,597263407523,cold_to_warm_disk_process
1691443759.995,2023-08-07 21:29:19.995,1,2.078,0,18.000000000029104,0,33.2757851869098,597265590228,cold_to_warm_disk_process
1691443761.072,2023-08-07 21:29:21.072,1,2.03,0,25,0,33.22251204564916,597267914903,cold_to_warm_disk_process
1691443762.159,2023-08-07 21:29:22.159,1,2.261,0,20.249999999941792,0,33.3896318628631,597270172875,cold_to_warm_disk_process
1691443763.243,2023-08-07 21:29:23.243,1,2.375,0,23.000000000320142,0,33.3933807135444,597273113623,cold_to_warm_disk_process
1691443764.319,2023-08-07 21:29:24.319,1,3.292,0,20.249999999941792,0,33.39081571044667,597273521648,cold_to_warm_disk_process
1691443765.394,2023-08-07 21:29:25.394,1,2.699,0,45.24999999994179,0,33.255659777989116,597273983634,cold_to_warm_disk_process
1691443766.462,2023-08-07 21:29:26.462,1,2.819,0,24.500000000261934,0,33.26197363176816,597274402033,cold_to_warm_disk_process
1691443767.538,2023-08-07 21:29:27.538,1,3.188,0,28.49999999962165,0,33.33359641057413,597274832133,cold_to_warm_disk_process
1691443768.613,2023-08-07 21:29:28.613,1,2.495,0,25.25000000023283,0,33.24362399422283,597275365908,cold_to_warm_disk_process
1691443769.686,2023-08-07 21:29:29.686,1,2.282,0,24.250000000029104,0,33.29610790376108,597275791308,cold_to_warm_disk_process
1691443770.76,2023-08-07 21:29:30.760,1,1.649,0,20.750000000407454,0,33.23178551838713,597276210364,cold_to_warm_disk_process
1691443771.839,2023-08-07 21:29:31.839,1,2.344,0,21.25000000014552,0,33.19192931640694,597276590445,cold_to_warm_disk_process
1691443772.916,2023-08-07 21:29:32.916,1,2.349,0,21.99999999938882,0,33.21481703635596,597277008629,cold_to_warm_disk_process
1691443774.003,2023-08-07 21:29:34.003,1,2.349,0,19.00000000023283,0,33.19883509397777,597277517421,cold_to_warm_disk_process
1691443775.078,2023-08-07 21:29:35.078,1,3.006,0,21.249999999417923,0,33.27065518071433,597277926016,cold_to_warm_disk_process
1691443776.151,2023-08-07 21:29:36.151,1,2.834,0,40.499999999883585,0,34.207473235179215,597278579675,cold_to_warm_disk_process
1691443777.225,2023-08-07 21:29:37.225,1,2.334,0,65.00000000087311,0,33.27499595518743,597279092851,cold_to_warm_disk_process
1691443778.299,2023-08-07 21:29:38.299,1,2.798,0,63.249999999970896,0,33.30636791615203,597279567142,cold_to_warm_disk_process
1691443779.376,2023-08-07 21:29:39.376,1,2.266,0,63.50000000020373,0,33.24599168938997,597280050890,cold_to_warm_disk_process
1691443780.451,2023-08-07 21:29:40.451,1,2.427,0,61.74999999930151,0,33.23869129595795,597280619148,cold_to_warm_disk_process
1691443781.527,2023-08-07 21:29:41.527,1,2.74,0,54.50000000055297,0,33.22290666151035,597281071675,cold_to_warm_disk_process
1691443782.595,2023-08-07 21:29:42.595,1,2.292,0,61.74999999930151,0,33.217776655314886,597281534151,cold_to_warm_disk_process
1691443783.668,2023-08-07 21:29:43.668,1,2.187,0,56.75000000046566,0,33.19903240190836,597282101107,cold_to_warm_disk_process
1691443784.739,2023-08-07 21:29:44.739,1,2.229,0,58.00000000017462,0,33.23612629286021,597282554774,cold_to_warm_disk_process
1691443785.819,2023-08-07 21:29:45.819,1,1.633,0,40.499999999883585,0,33.285650583439555,597282979214,cold_to_warm_disk_process
1691443786.898,2023-08-07 21:29:46.898,1,2.166,0,40.99999999962165,0,34.343221091428546,597283465247,cold_to_warm_disk_process
1691443787.983,2023-08-07 21:29:47.983,1,2.437,0,37.000000000261934,0,33.302619065470715,597283904665,cold_to_warm_disk_process
1691443789.115,2023-08-07 21:29:49.115,1,2.99,0,22.75000000008731,0,33.35924644155147,597284498832,cold_to_warm_disk_process
1691443790.187,2023-08-07 21:29:50.187,1,2.396,0,27.749999999650754,0,33.30794637959678,597284982272,cold_to_warm_disk_process
1691443791.267,2023-08-07 21:29:51.267,1,2.292,0,38.74999999970896,0,33.24421591801461,597285454560,cold_to_warm_disk_process
1691443792.339,2023-08-07 21:29:52.339,1,2.245,0,38.25000000069849,0,33.25447593040555,597285977021,cold_to_warm_disk_process
1691443793.418,2023-08-07 21:29:53.418,1,2.078,0,23.500000000058208,0,33.23099628666474,597286508196,cold_to_warm_disk_process
1691443794.504,2023-08-07 21:29:54.504,1,1.387,0,23.500000000058208,0,33.23099628666474,597287082089,cold_to_warm_disk_process
1691443795.58,2023-08-07 21:29:55.580,1,2.402,0,33.999999999650754,0,33.262565555559945,597287539549,cold_to_warm_disk_process
1691443796.655,2023-08-07 21:29:56.655,1,2.699,0,18.75,0,33.23158821045653,597288013967,cold_to_warm_disk_process
1691443797.727,2023-08-07 21:29:57.727,1,3.141,0,45.25000000066939,0,33.30104060202596,597288495434,cold_to_warm_disk_process
1691443798.801,2023-08-07 21:29:58.801,1,2.077,0,29.499999999825377,0,33.34326449917328,597289012668,cold_to_warm_disk_process
1691443799.874,2023-08-07 21:29:59.874,1,2.505,0,23.999999999796273,0,33.22468243288571,597289596486,cold_to_warm_disk_process
1691443800.949,2023-08-07 21:30:00.949,1,2.422,0,48.99999999979627,0,33.21284395705001,597290044275,cold_to_warm_disk_process
1691443802.023,2023-08-07 21:30:02.023,1,2.396,0,38.50000000093132,0,33.22369589323274,597290484902,cold_to_warm_disk_process
1691443803.111,2023-08-07 21:30:03.111,1,2.49,0,43.999999999505235,0,33.204359716034425,597290915410,cold_to_warm_disk_process
1691443804.195,2023-08-07 21:30:04.195,1,2.464,0,54.75000000005821,0,33.20021624949193,597291385164,cold_to_warm_disk_process
1691443805.279,2023-08-07 21:30:05.279,1,2.203,0,56.25,0,33.21363318877239,597291906168,cold_to_warm_disk_process
1691443806.357,2023-08-07 21:30:06.357,1,2.307,0,27.50000000014552,0,33.35155143225827,597292324332,cold_to_warm_disk_process
1691443807.429,2023-08-07 21:30:07.429,1,2.937,0,49.74999999976717,0,33.24421591801461,597292885992,cold_to_warm_disk_process
1691443808.507,2023-08-07 21:30:08.507,1,3.364,0,61.50000000052387,0,33.28328288827241,597293345637,cold_to_warm_disk_process
1691443809.599,2023-08-07 21:30:09.599,1,4.227,0,51.75000000017462,0,33.32195524266902,597293882719,cold_to_warm_disk_process
1691443810.678,2023-08-07 21:30:10.678,1,4.154,0,69.24999999973807,0,33.25270015903019,597294440846,cold_to_warm_disk_process
1691443811.761,2023-08-07 21:30:11.761,1,3.542,0,71.74999999988358,0,33.32747986472568,597294868082,cold_to_warm_disk_process
1691443812.835,2023-08-07 21:30:12.835,1,2.396,0,47.24999999962165,0,33.68973722529803,597295247682,cold_to_warm_disk_process
1691443813.916,2023-08-07 21:30:13.916,1,2.537,0,73.75000000029104,0,33.72584457659691,597295690449,cold_to_warm_disk_process
1691443814.994,2023-08-07 21:30:14.994,1,2.479,0,75.24999999950523,0,33.813646605711675,597296223671,cold_to_warm_disk_process
1691443816.077,2023-08-07 21:30:16.077,1,2.271,0,74.50000000026193,0,33.73827497622439,597296663087,cold_to_warm_disk_process
1691443817.153,2023-08-07 21:30:17.153,1,2.224,0,45.24999999994179,0,33.959457166421345,597297147048,cold_to_warm_disk_process
1691443818.229,2023-08-07 21:30:18.229,1,2.683,0,34.500000000116415,0,34.10467580333924,597297580657,cold_to_warm_disk_process
1691443819.305,2023-08-07 21:30:19.305,1,2.792,0,47.75000000008731,0,34.26410061125997,597297993332,cold_to_warm_disk_process
1691443820.392,2023-08-07 21:30:20.392,1,2.558,0,83.49999999991269,0,33.86810359455588,597298611946,cold_to_warm_disk_process
1691443821.469,2023-08-07 21:30:21.469,1,2.579,0,65.00000000014552,0,33.683423371519,597299147243,cold_to_warm_disk_process
1691443822.541,2023-08-07 21:30:22.541,1,2.672,0,65.00000000014552,0,33.683423371519,597299613781,cold_to_warm_disk_process
1691443823.615,2023-08-07 21:30:23.615,1,2.292,0,78.24999999938882,0,33.71400610076121,597300128787,cold_to_warm_disk_process
1691443824.683,2023-08-07 21:30:24.683,1,2.36,0,73.50000000005821,0,33.82548508154737,597300642670,cold_to_warm_disk_process
1691443825.78,2023-08-07 21:30:25.780,1,2.433,0,78.99999999935972,0,33.84718895391281,597301192150,cold_to_warm_disk_process
1691443826.86,2023-08-07 21:30:26.860,1,2.276,0,94.75000000020373,0,34.043313036924204,597301691194,cold_to_warm_disk_process
1691443827.938,2023-08-07 21:30:27.938,1,2.673,0,88.00000000046566,0,34.275544471234475,597302127258,cold_to_warm_disk_process
1691443829.012,2023-08-07 21:30:29.012,1,2.787,0,90.99999999962165,0,34.48429626180395,597302604856,cold_to_warm_disk_process
1691443830.083,2023-08-07 21:30:30.083,1,2.683,0,77.75000000037835,0,34.29349949291861,597303139521,cold_to_warm_disk_process
1691443831.157,2023-08-07 21:30:31.157,1,2.177,0,91.75000000032014,0,34.31046797494979,597303712014,cold_to_warm_disk_process
1691443832.235,2023-08-07 21:30:32.235,1,3.333,0,77.49999999941792,0,34.31086259081098,597304116300,cold_to_warm_disk_process
1691443833.313,2023-08-07 21:30:33.313,1,2.339,0,88.75000000043656,0,34.35269187209711,597304621447,cold_to_warm_disk_process
1691443834.397,2023-08-07 21:30:34.397,1,2.73,0,86.99999999953434,0,34.44562390740734,597305090525,cold_to_warm_disk_process
1691443835.5,2023-08-07 21:30:35.500,1,2.714,0,84.24999999988358,0,34.47798240802491,597305495020,cold_to_warm_disk_process
1691443836.586,2023-08-07 21:30:36.586,1,3.229,0,87.5000000007276,0,34.61451949599662,597306051871,cold_to_warm_disk_process
1691443837.663,2023-08-07 21:30:37.663,1,2.349,0,98.49999999933061,0,34.757370437747376,597306607663,cold_to_warm_disk_process
1691443838.736,2023-08-07 21:30:38.736,1,2.402,0,94.4999999999709,0,34.92074140428,597307060982,cold_to_warm_disk_process
1691443839.831,2023-08-07 21:30:39.831,1,2.276,0,86.00000000005821,0,35.001637655823934,597307621652,cold_to_warm_disk_process
1691443840.909,2023-08-07 21:30:40.909,1,2.412,0,80.24999999979627,0,34.37104150964244,597308111446,cold_to_warm_disk_process
1691443841.996,2023-08-07 21:30:41.996,1,2.396,0,75.49999999973807,0,34.389983070979554,597308635623,cold_to_warm_disk_process
1691443843.084,2023-08-07 21:30:43.084,1,2.177,0,82.50000000043656,0,34.350521484860565,597309053943,cold_to_warm_disk_process
1691443844.163,2023-08-07 21:30:44.163,1,2.245,0,69.4999999992433,0,34.32723914905036,597309533032,cold_to_warm_disk_process
1691443845.243,2023-08-07 21:30:45.243,1,2.36,0,81.2500000007276,0,33.581020555540206,597309956336,cold_to_warm_disk_process
1691443846.318,2023-08-07 21:30:46.318,1,2.402,0,68.75,0,33.611405976851835,597310466415,cold_to_warm_disk_process
1691443847.393,2023-08-07 21:30:47.393,1,2.443,0,75,0,33.582204403123775,597311023883,cold_to_warm_disk_process
1691443848.465,2023-08-07 21:30:48.465,1,2.651,0,66.74999999959255,0,33.59187249172294,597311512553,cold_to_warm_disk_process
1691443849.538,2023-08-07 21:30:49.538,1,2.401,0,47.999999999592546,0,33.587729025180444,597311965010,cold_to_warm_disk_process
1691443850.63,2023-08-07 21:30:50.630,1,2.057,0,71.75000000061118,0,33.6088409737541,597312421647,cold_to_warm_disk_process
1691443851.712,2023-08-07 21:30:51.712,1,2.036,0,66.49999999935972,0,33.571155159010466,597313049224,cold_to_warm_disk_process
1691443852.782,2023-08-07 21:30:52.782,1,2.009,0,65.00000000014552,0,33.47999889507559,597313540037,cold_to_warm_disk_process
1691443853.858,2023-08-07 21:30:53.858,1,2.219,0,61.49999999979627,0,33.52182817636172,597314039730,cold_to_warm_disk_process
