1691338027.259,2023-08-06 16:07:07.259,0,60.61,26175096,0.9375000001455049,0,11.512415927852674,502225351368,null_state
1691338027.798,2023-08-06 16:07:07.798,0,77.98,26175168,2.8125000004365432,0,11.496078218126469,502225615792,null_state
1691338028.324,2023-08-06 16:07:08.324,0,80.57,26175204,2.8125000004365432,0,11.496078218126469,502226003091,null_state
1691338028.851,2023-08-06 16:07:08.851,0,71.63,26175240,1.4374999998835847,0,11.479642969834735,502226271888,null_state
1691338029.379,2023-08-06 16:07:09.379,0,61.34,26175276,1.4374999998835847,0,11.479642969834735,502226517375,null_state
1691338029.905,2023-08-06 16:07:09.905,0,77.36,26175312,1.2500000004365575,0,11.464670800025946,502226818963,null_state
1691338030.432,2023-08-06 16:07:10.432,0,84.96,26175348,1.2500000004365575,0,11.464670800025946,502227101546,null_state
1691338030.96,2023-08-06 16:07:10.960,0,84.64,26175420,1.1250000003201563,0,11.464231876481062,502227358200,null_state
1691338031.49,2023-08-06 16:07:11.490,0,59.0,26175456,1.1250000003201563,0,11.464231876481062,502227646009,null_state
1691338032.018,2023-08-06 16:07:12.018,0,62.71,26175492,0.9375000001455192,0,11.51512262304612,502227891301,null_state
1691338032.546,2023-08-06 16:07:12.546,0,93.92,26175528,0.9375000001455192,0,11.51512262304612,502228182154,null_state
1691338033.074,2023-08-06 16:07:13.074,0,83.93,26175564,1.187499998923144,0,11.510611464390378,502228451011,null_state
1691338033.602,2023-08-06 16:07:13.602,0,66.21,26175600,1.187499998923144,0,11.510611464390378,502228710484,null_state
1691338034.133,2023-08-06 16:07:14.133,0,65.78,26175636,1.0624999995343387,0,11.539714533880264,502229025401,null_state
1691338034.66,2023-08-06 16:07:14.660,0,97.66,26175672,1.0624999995343387,0,11.539714533880264,502229470212,null_state
1691338035.188,2023-08-06 16:07:15.188,0,81.28,26175744,1.5624999992724042,0,11.53631287640742,502229738698,null_state
1691338035.716,2023-08-06 16:07:15.716,0,80.99,26175780,1.5624999992724042,0,11.53631287640742,502230026480,null_state
1691338036.242,2023-08-06 16:07:16.242,0,56.53,26175816,0.8125000007566854,0,11.519463089212186,502230292271,null_state
1691338036.771,2023-08-06 16:07:16.771,0,66.37,26175852,0.7500000006984777,0,11.583375234275442,502230592628,null_state
1691338037.299,2023-08-06 16:07:17.299,0,85.51,26175888,0.7500000006984777,0,11.583375234275442,502230832112,null_state
1691338037.828,2023-08-06 16:07:17.828,0,73.08,26175924,1.4999999984865866,0,11.519682550984628,502231101853,null_state
1691338038.356,2023-08-06 16:07:18.356,0,61.4,26175960,1.4999999984865866,0,11.519682550984628,502231365966,null_state
1691338038.882,2023-08-06 16:07:18.882,0,68.12,26175996,0.8125000000290896,0,11.528351290996069,502231658005,null_state
1691338039.409,2023-08-06 16:07:19.409,0,83.5,26176068,0.8125000000290896,0,11.528351290996069,502231916992,null_state
1691338039.937,2023-08-06 16:07:19.937,0,78.31,26176104,1.5625000007275958,0,11.55382104891998,502232182734,null_state
1691338040.469,2023-08-06 16:07:20.469,0,62.65,26176140,1.5625000007275958,0,11.55382104891998,502232462177,null_state
1691338041.005,2023-08-06 16:07:21.005,0,104.66,26176176,0.6875000006402843,0,11.540421688480354,502232747227,null_state
1691338041.537,2023-08-06 16:07:21.537,0,85.8,26176212,0.6875000006402843,0,11.540421688480354,502233025827,null_state
1691338042.063,2023-08-06 16:07:22.063,0,86.38,26176284,1.374999999825377,0,11.531911448637898,502233302443,null_state
1691338042.589,2023-08-06 16:07:22.589,0,66.36,26176320,1.374999999825377,0,11.531911448637898,502233582510,null_state
1691338043.116,2023-08-06 16:07:23.116,0,65.41,26176356,0.9999999987485353,0,11.50768530742449,502233849852,null_state
1691338043.643,2023-08-06 16:07:23.643,0,92.98,26176392,0.9999999987485353,0,11.50768530742449,502234103251,null_state
1691338044.172,2023-08-06 16:07:24.172,0,97.47,26176428,0.6249999991268851,0,11.549163582415943,502234368199,null_state
1691338044.699,2023-08-06 16:07:24.699,0,83.71,26176464,0.6249999991268851,0,11.549163582415943,502234810711,null_state
1691338045.228,2023-08-06 16:07:25.228,0,65.41,26176500,1.7500000009022045,0,11.516829547942887,502235099856,null_state
1691338045.755,2023-08-06 16:07:25.755,0,63.24,26176536,1.7500000009022045,0,11.516829547942887,502235392862,null_state
1691338046.28,2023-08-06 16:07:26.280,0,84.26,26176572,1.187500000378364,0,11.530131369816983,502235661717,null_state
1691338046.808,2023-08-06 16:07:26.808,0,74.22,26176644,1.3125000012223609,0,11.540129072783765,502235966418,null_state
1691338047.339,2023-08-06 16:07:27.339,0,57.5,26176644,1.3125000012223609,0,11.540129072783765,502236220092,null_state
1691338047.869,2023-08-06 16:07:27.869,0,56.45,26176716,0.8750000008149073,0,11.540945958270076,502236494535,null_state
1691338048.396,2023-08-06 16:07:28.396,0,95.46,26176752,0.8750000008149073,0,11.540945958270076,502236755781,null_state
1691338048.926,2023-08-06 16:07:28.926,0,77.32,26176788,0.8125000000290896,0,11.51175754253535,502237060687,null_state
1691338049.456,2023-08-06 16:07:29.456,0,69.05,26176824,0.8125000000290896,0,11.51175754253535,502237345894,null_state
1691338049.983,2023-08-06 16:07:29.983,0,95.1,26176860,0.7499999992433004,0,11.522157592084941,502237613481,null_state
1691338050.515,2023-08-06 16:07:30.515,0,90.1,26176896,0.7499999992433004,0,11.522157592084941,502237878242,null_state
1691338051.041,2023-08-06 16:07:31.041,0,92.48,26176968,1.7500000009022187,0,11.560112286396636,502238178643,null_state
1691338051.568,2023-08-06 16:07:31.568,0,68.81,26177004,1.7500000009022187,0,11.560112286396636,502238440923,null_state
1691338052.097,2023-08-06 16:07:32.097,0,96.08,26177040,1.4375000006111947,0,11.549736621488428,502238922104,null_state
1691338052.624,2023-08-06 16:07:32.624,0,95.05,26177076,1.4375000006111947,0,11.549736621488428,502239198289,null_state
1691338053.149,2023-08-06 16:07:33.149,0,59.81,26177112,1.5624999978172127,0,11.536288491766038,502239461440,null_state
1691338053.677,2023-08-06 16:07:33.677,0,73.81,26177148,1.5624999978172127,0,11.536288491766038,502239733842,null_state
1691338054.204,2023-08-06 16:07:34.204,0,102.99,26177220,0.7499999992433004,0,11.51401312186322,502239994542,null_state
1691338054.733,2023-08-06 16:07:34.733,0,96.24,26177256,0.7499999992433004,0,11.51401312186322,502240430998,null_state
1691338055.263,2023-08-06 16:07:35.263,0,77.69,26177292,2.2499999991850927,0,11.51307431317,502240721642,null_state
1691338055.794,2023-08-06 16:07:35.794,0,61.65,26177328,1.1250000003201421,0,11.527412482302847,502241016519,null_state
1691338056.336,2023-08-06 16:07:36.336,0,57.32,26177364,1.1250000003201421,0,11.527412482302847,502241238947,null_state
1691338056.863,2023-08-06 16:07:36.863,0,85.03,26177400,0.4375000004074536,0,11.53030206230666,502241521006,null_state
1691338057.39,2023-08-06 16:07:37.390,0,82.5,26177472,0.4375000004074536,0,11.53030206230666,502241881468,null_state
1691338057.92,2023-08-06 16:07:37.920,0,71.76,26177472,1.375000000552987,0,11.507087883710621,502242139689,null_state
1691338058.448,2023-08-06 16:07:38.448,0,62.13,26177508,1.375000000552987,0,11.507087883710621,502242407284,null_state
1691338058.979,2023-08-06 16:07:38.979,0,84.77,26177580,0.4999999997380655,0,11.53527652914867,502242680099,null_state
1691338059.508,2023-08-06 16:07:39.508,0,80.42,26177616,0.4999999997380655,0,11.53527652914867,502242941336,null_state
1691338060.035,2023-08-06 16:07:40.035,0,64.32,26177652,1.187499998923144,0,11.542104228735738,502243220942,null_state
1691338060.565,2023-08-06 16:07:40.565,0,67.87,26177688,1.187499998923144,0,11.542104228735738,502243472537,null_state
1691338061.093,2023-08-06 16:07:41.093,0,85.84,26177724,1.500000000669388,0,11.514866584311605,502243764492,null_state
1691338061.622,2023-08-06 16:07:41.622,0,84.9,26177760,1.500000000669388,0,11.514866584311605,502244026834,null_state
1691338062.157,2023-08-06 16:07:42.157,0,59.81,26177796,1.3124999997671694,0,11.513220621018293,502244295846,null_state
1691338062.682,2023-08-06 16:07:42.682,0,65.95,26177832,1.3124999997671694,0,11.513220621018293,502244569235,null_state
1691338063.215,2023-08-06 16:07:43.215,0,83.86,26177868,0.4375000004074536,0,11.502918110034232,502244872167,null_state
1691338063.742,2023-08-06 16:07:43.742,0,87.63,26177904,0.4375000004074536,0,11.502918110034232,502245135038,null_state
1691338064.27,2023-08-06 16:07:44.270,0,74.65,26177976,0.31249999956344254,0,11.515976085494502,502245484221,null_state
1691338064.814,2023-08-06 16:07:44.814,0,60.33,26178012,1.8750000002910525,0,11.488482402335853,502245931715,null_state
1691338065.345,2023-08-06 16:07:45.345,0,91.3,26178048,1.8750000002910525,0,11.488482402335853,502246200402,null_state
1691338065.871,2023-08-06 16:07:45.871,0,81.94,26178084,2.062500001193257,0,11.495541756016058,502246502734,null_state
1691338066.397,2023-08-06 16:07:46.397,0,66.67,26178120,2.062500001193257,0,11.495541756016058,502246747790,null_state
1691338066.925,2023-08-06 16:07:46.925,0,59.62,26178156,0.18750000017462298,0,11.463317452429223,502247058010,null_state
1691338067.457,2023-08-06 16:07:47.457,0,86.96,26178228,0.18750000017462298,0,11.463317452429223,502247325507,null_state
1691338067.986,2023-08-06 16:07:47.986,0,83.38,26178264,1.8750000017462298,0,11.48610489980107,502247581484,null_state
1691338068.513,2023-08-06 16:07:48.513,0,67.95,26178300,1.8750000017462298,0,11.48610489980107,502247852532,null_state
1691338069.041,2023-08-06 16:07:49.041,0,85.31,26178336,0.8125000000290896,0,11.51156246540429,502248140270,null_state
1691338069.568,2023-08-06 16:07:49.568,0,88.76,26178408,0.8125000000290896,0,11.51156246540429,502248394158,null_state
1691338070.096,2023-08-06 16:07:50.096,0,86.64,26178408,0.5000000004656613,0,11.5416043435874,502248678773,null_state
1691338070.627,2023-08-06 16:07:50.627,0,67.82,26178480,0.5000000004656613,0,11.5416043435874,502248911065,null_state
1691338071.156,2023-08-06 16:07:51.156,0,98.13,26178516,1.7499999987194315,0,11.512940197642395,502249200058,null_state
1691338071.685,2023-08-06 16:07:51.685,0,87.27,26178552,1.7499999987194315,0,11.512940197642395,502249463695,null_state
1691338072.211,2023-08-06 16:07:52.211,0,81.47,26178588,-20.937500002037254,0,11.518329203387905,502249729232,null_state
1691338072.739,2023-08-06 16:07:52.739,0,67.07,26178624,-20.937500002037254,0,11.518329203387905,502249997324,null_state
1691338073.276,2023-08-06 16:07:53.276,0,93.81,26178660,22.684262949395674,0,11.541555574304635,502250283582,null_state
1691338073.804,2023-08-06 16:07:53.804,0,84.67,26178732,0.8534136535957373,0,11.50983115586614,502250584232,null_state
1691338074.333,2023-08-06 16:07:54.333,0,93.09,26178768,0.8534136535957373,0,11.50983115586614,502250834453,null_state
1691338074.867,2023-08-06 16:07:54.867,0,63.46,26178804,1.6250000007858034,0,11.505063958475882,502251306986,null_state
1691338075.394,2023-08-06 16:07:55.394,0,73.21,26178840,1.6250000007858034,0,11.505063958475882,502251562472,null_state
1691338075.923,2023-08-06 16:07:55.923,0,78.64,26178876,0.8125000000290754,0,11.510465156542082,502251875862,null_state
1691338076.451,2023-08-06 16:07:56.451,0,94.96,26178948,0.8125000000290754,0,11.510465156542082,502252139278,null_state
1691338076.977,2023-08-06 16:07:56.977,0,78.65,26178984,1.437499999155989,0,11.54364046114283,502252427291,null_state
1691338077.506,2023-08-06 16:07:57.506,0,71.2,26179020,1.437499999155989,0,11.54364046114283,502252688177,null_state
1691338078.033,2023-08-06 16:07:58.033,0,76.94,26179056,1.3749999983701855,0,11.581497616888997,502252952502,null_state
1691338078.562,2023-08-06 16:07:58.562,0,94.71,26179092,1.3749999983701855,0,11.581497616888997,502253212429,null_state
1691338079.089,2023-08-06 16:07:59.089,0,88.74,26179128,1.3749999983701855,0,11.581497616888997,502253507691,null_state
1691338079.616,2023-08-06 16:07:59.616,0,74.42,26179200,0.9999999994761168,0,11.553845433561362,502253788267,null_state
1691338080.144,2023-08-06 16:08:00.144,0,92.07,26179236,1.125000001047752,0,11.557710399220472,502254066627,null_state
1691338080.673,2023-08-06 16:08:00.673,0,95.1,26179272,1.125000001047752,0,11.557710399220472,502254325635,null_state
1691338081.202,2023-08-06 16:08:01.202,0,77.69,26179308,1.3125000012223609,0,11.554162433899332,502254606728,null_state
1691338081.728,2023-08-06 16:08:01.728,0,72.4,26179344,1.3125000012223609,0,11.554162433899332,502254858380,null_state
1691338082.256,2023-08-06 16:08:02.256,0,94.83,26179380,0.9375000001455192,0,11.537312646704098,502255284562,null_state
1691338082.784,2023-08-06 16:08:02.784,0,83.31,26179452,0.374999999621636,0,11.564599060410998,502255559101,null_state
1691338083.315,2023-08-06 16:08:03.315,0,79.73,26179488,0.374999999621636,0,11.564599060410998,502255842618,null_state
1691338083.843,2023-08-06 16:08:03.843,0,72.01,26179524,1.6250000007858034,0,11.539738918521646,502256140112,null_state
1691338084.372,2023-08-06 16:08:04.372,0,60.56,26179560,1.6250000007858034,0,11.539738918521646,502256421251,null_state
1691338084.902,2023-08-06 16:08:04.902,0,78.03,26179596,1.0625000002619345,0,11.482057049331592,502256860803,null_state
1691338085.44,2023-08-06 16:08:05.440,0,92.61,26179668,1.0625000002619345,0,11.482057049331592,502257146137,null_state
1691338085.968,2023-08-06 16:08:05.968,0,81.0,26179704,1.0625000002619345,0,11.508989885738448,502257439073,null_state
1691338086.499,2023-08-06 16:08:06.499,0,68.59,26179740,1.0625000002619345,0,11.508989885738448,502257701926,null_state
1691338087.025,2023-08-06 16:08:07.025,0,73.1,26179776,1.6249999986030161,0,11.485580630011349,502257955123,null_state
1691338087.555,2023-08-06 16:08:07.555,0,95.7,26179812,1.6249999986030161,0,11.485580630011349,502258341718,null_state
1691338088.081,2023-08-06 16:08:08.081,0,90.34,26179884,3.0624999992141966,0,11.484702782921582,502258609569,null_state
1691338088.61,2023-08-06 16:08:08.610,0,66.63,26179920,3.0624999992141966,0,11.484702782921582,502258865190,null_state
1691338089.136,2023-08-06 16:08:09.136,0,72.06,26179956,0.25000000023281643,0,11.470388998430117,502259153981,null_state
1691338089.668,2023-08-06 16:08:09.668,0,65.86,26179992,0.25000000023281643,0,11.470388998430117,502259415726,null_state
1691338090.231,2023-08-06 16:08:10.231,0,84.05,26180028,1.4374999998835705,0,11.468864958343717,502259711477,null_to_cold_process
1691338090.482,2023-08-06 16:08:10.482,0,84.97,26180028,1.4374999998835705,0,11.468864958343717,502259845616,null_to_cold_process
1691338090.741,2023-08-06 16:08:10.741,0,86.65,26180064,1.4374999998835705,0,11.468864958343717,502259967604,null_to_cold_process
1691338091.005,2023-08-06 16:08:11.005,0,73.24,26180100,1.1250000003201421,0,11.460208410652967,502260105577,null_to_cold_process
1691338091.336,2023-08-06 16:08:11.336,0,61.72,26180100,1.1250000003201421,0,11.460208410652967,502260261914,null_to_cold_process
1691338091.589,2023-08-06 16:08:11.589,0,67.41,26180136,1.1250000003201421,0,11.460208410652967,502260385920,null_to_cold_process
1691338091.826,2023-08-06 16:08:11.826,0,61.28,26180136,0.9375000001455192,0,11.449198745068816,502260517243,null_to_cold_process
1691338092.062,2023-08-06 16:08:12.062,0,74.42,26180172,0.9375000001455192,0,11.449198745068816,502260639210,null_to_cold_process
1691338092.308,2023-08-06 16:08:12.308,0,84.04,26180172,0.9375000001455192,0,11.449198745068816,502260752525,null_to_cold_process
1691338092.545,2023-08-06 16:08:12.545,0,85.99,26180208,0.9375000001455192,0,11.449198745068816,502260889303,null_to_cold_process
1691338092.779,2023-08-06 16:08:12.779,0,64.2,26180208,1.125000001047738,0,11.457416369214684,502261030360,null_to_cold_process
1691338093.024,2023-08-06 16:08:13.024,0,69.6,26180244,1.125000001047738,0,11.457416369214684,502261154597,null_to_cold_process
1691338098.22,2023-08-06 16:08:18.220,0,68.95,26180640,2.0000000011350636,0,11.575803803126208,502261616167,null_to_cold_process
1691338098.526,2023-08-06 16:08:18.526,0,74.19,26180676,0.9320175432894757,0,11.575803803126208,502262294950,null_to_cold_process
1691338098.787,2023-08-06 16:08:18.787,0,80.07,26180676,0.8620689672735011,0,11.554784242254584,502262540157,null_to_cold_process
1691338099.045,2023-08-06 16:08:19.045,0,70.72,26180712,0.8620689672735011,0,11.554784242254584,502264183589,null_to_cold_process
1691338114.467,2023-08-06 16:08:34.467,1,66.76,26181936,1.1875000003783356,0,11.530387408551498,502289817758,cold_state
1691338115.018,2023-08-06 16:08:35.018,1,71.99,26181972,2.562500000203727,0,11.50839246202458,502290992424,cold_state
1691338115.565,2023-08-06 16:08:35.565,1,90.59,26182008,2.562500000203727,0,11.50839246202458,502292020008,cold_state
1691338116.118,2023-08-06 16:08:36.118,1,94.49,26182044,0.6250000005820766,0,11.495785602429882,502293131488,cold_state
1691338116.667,2023-08-06 16:08:36.667,1,70.01,26182116,0.6250000005820766,0,11.495785602429882,502294262685,cold_state
1691338117.213,2023-08-06 16:08:37.213,1,80.31,26182152,1.1250000003201421,0,11.503296071975658,502295481426,cold_state
1691338117.77,2023-08-06 16:08:37.770,1,85.52,26182188,0.43749999967985786,0,11.531765140789604,502296661471,cold_state
1691338118.317,2023-08-06 16:08:38.317,1,75.91,26182224,0.43749999967985786,0,11.531765140789604,502297758589,cold_state
1691338118.897,2023-08-06 16:08:38.897,1,67.3,26182260,1.187500000378364,0,11.543920884518728,502298795899,cold_state
1691338120.519,2023-08-06 16:08:40.519,1,67.36,26182404,1.6875000001164153,0,11.5465910027501,502299698685,cold_state
1691338121.956,2023-08-06 16:08:41.956,1,88.75,26182548,23.125000001164153,0,11.519219242798362,502299934542,cold_state
1691338122.886,2023-08-06 16:08:42.886,1,62.97,26182584,23.125000001164153,0,11.519219242798362,502300129770,cold_state
1691338124.039,2023-08-06 16:08:44.039,1,86.79,26182692,0.8750000000873257,0,11.554418472633849,502300359917,cold_state
1691338124.932,2023-08-06 16:08:44.932,1,62.52,26182728,0.7500000006984777,0,11.554954934744261,502301052909,cold_state
1691338125.501,2023-08-06 16:08:45.501,1,101.85,26182800,0.7500000006984777,0,11.554954934744261,502302218810,cold_state
1691338126.061,2023-08-06 16:08:46.061,1,86.47,26182836,2.2500000006402985,0,11.56787879467693,502303245989,cold_state
1691338126.61,2023-08-06 16:08:46.610,1,68.19,26182908,2.2500000006402985,0,11.56787879467693,502304362485,cold_state
1691338127.158,2023-08-06 16:08:47.158,1,64.42,26182944,0.749999999970882,0,11.557600668334251,502305536207,cold_state
1691338127.706,2023-08-06 16:08:47.706,1,67.81,26182980,0.749999999970882,0,11.557600668334251,502306687935,cold_state
1691338128.256,2023-08-06 16:08:48.256,1,84.22,26183016,1.500000000669388,0,11.531972410241355,502307879275,cold_state
1691338128.804,2023-08-06 16:08:48.804,1,62.98,26183052,1.187500000378364,0,11.55871016951715,502309229263,cold_state
1691338129.352,2023-08-06 16:08:49.352,1,69.46,26183088,1.187500000378364,0,11.55871016951715,502310267395,cold_state
1691338129.898,2023-08-06 16:08:49.898,1,73.3,26183124,1.500000000669388,0,11.58243642558222,502311644389,cold_state
1691338130.453,2023-08-06 16:08:50.453,1,88.23,26183196,1.500000000669388,0,11.58243642558222,502312870039,cold_state
1691338131.004,2023-08-06 16:08:51.004,1,81.75,26183232,1.062499998806743,0,11.563769982603997,502314053321,cold_state
1691338131.55,2023-08-06 16:08:51.550,1,73.48,26183268,1.062499998806743,0,11.563769982603997,502315211884,cold_state
1691338132.097,2023-08-06 16:08:52.097,1,66.58,26183304,0.5624999990686916,0,11.558880862006827,502316299107,cold_state
1691338132.646,2023-08-06 16:08:52.646,1,96.12,26183340,0.5624999990686916,0,11.558880862006827,502317490400,cold_state
1691338133.191,2023-08-06 16:08:53.191,1,77.85,26183412,1.4999999984866008,0,11.567330140245828,502318636972,cold_state
1691338133.738,2023-08-06 16:08:53.738,1,64.95,26183448,1.4999999984866008,0,11.567330140245828,502319821312,cold_state
1691338134.289,2023-08-06 16:08:54.289,1,79.33,26183484,1.4999999999417923,0,11.560148863358712,502320971342,cold_state
1691338134.836,2023-08-06 16:08:54.836,1,84.85,26183520,1.125000001047738,0,11.526388327364787,502322154060,cold_state
1691338135.388,2023-08-06 16:08:55.388,1,66.88,26183592,1.125000001047738,0,11.526388327364787,502323281219,cold_state
1691338135.946,2023-08-06 16:08:55.946,1,64.65,26183628,1.6250000000582077,0,11.55951486268277,502324474783,cold_state
1691338136.495,2023-08-06 16:08:56.495,1,94.99,26183664,1.6250000000582077,0,11.55951486268277,502325612059,cold_state
1691338137.048,2023-08-06 16:08:57.048,1,89.25,26183700,1.0000000009313368,0,11.52916817648238,502326828031,cold_state
1691338137.596,2023-08-06 16:08:57.596,1,67.68,26183736,1.0000000009313368,0,11.52916817648238,502327896792,cold_state
1691338138.145,2023-08-06 16:08:58.145,1,59.46,26183772,0.6875000006402701,0,11.539141494807778,502329028746,cold_state
1691338138.692,2023-08-06 16:08:58.692,1,68.05,26183808,0.6875000006402701,0,11.539141494807778,502330374037,cold_state
1691338139.239,2023-08-06 16:08:59.239,1,87.2,26183880,2.0624999990104698,0,11.50880700092808,502331551822,cold_state
1691338139.785,2023-08-06 16:08:59.785,1,84.44,26183916,0.18750000090221874,0,11.556430205547896,502332744513,cold_state
1691338140.333,2023-08-06 16:09:00.333,1,62.87,26183952,0.18750000090221874,0,11.556430205547896,502333771013,cold_state
1691338140.882,2023-08-06 16:09:00.882,1,62.05,26183988,2.187499999126885,0,11.561904557538243,502335021501,cold_state
1691338141.429,2023-08-06 16:09:01.429,1,84.48,26184024,2.187499999126885,0,11.561904557538243,502336160774,cold_state
1691338141.983,2023-08-06 16:09:01.983,1,74.71,26184096,0.8750000000873115,0,11.547554196084704,502337333485,cold_state
1691338142.538,2023-08-06 16:09:02.538,1,63.92,26184096,0.8750000000873115,0,11.547554196084704,502338533169,cold_state
1691338143.085,2023-08-06 16:09:03.085,1,108.73,26184168,0.8750000008149215,0,11.529680253951408,502339695478,cold_state
1691338143.633,2023-08-06 16:09:03.633,1,88.78,26184204,0.8750000008149215,0,11.529680253951408,502341102400,cold_state
1691338144.181,2023-08-06 16:09:04.181,1,74.19,26184276,1.0624999995343245,0,11.533423296403607,502342279315,cold_state
1691338144.732,2023-08-06 16:09:04.732,1,68.46,26184276,1.0624999995343245,0,11.533423296403607,502343301982,cold_state
1691338145.292,2023-08-06 16:09:05.292,1,60.58,26184312,1.1875000003783498,0,11.510635849031758,502344434145,cold_state
1691338145.843,2023-08-06 16:09:05.843,1,81.92,26184384,1.749999999447013,0,11.560575594582904,502345575810,cold_state
1691338146.397,2023-08-06 16:09:06.397,1,63.19,26184420,1.749999999447013,0,11.560575594582904,502346623810,cold_state
1691338146.945,2023-08-06 16:09:06.945,1,63.53,26184456,1.749999999447013,0,11.560575594582904,502347753021,cold_state
1691338147.493,2023-08-06 16:09:07.493,1,86.61,26184492,-20.9374999991269,0,11.553357740733714,502348988218,cold_state
1691338148.038,2023-08-06 16:09:08.038,1,100.26,26184564,24.18749999997091,0,11.542640690846152,502350094429,cold_state
1691338148.596,2023-08-06 16:09:08.596,1,69.97,26184600,24.18749999997091,0,11.542640690846152,502351270326,cold_state
1691338149.178,2023-08-06 16:09:09.178,1,69.16,26184636,1.812499999505249,0,11.543884307556654,502352409303,cold_state
1691338149.727,2023-08-06 16:09:09.727,1,91.53,26184672,1.812499999505249,0,11.543884307556654,502353567006,cold_state
1691338150.274,2023-08-06 16:09:10.274,1,87.23,26184708,1.56249999927239,0,11.576193957388327,502354747947,cold_state
1691338150.829,2023-08-06 16:09:10.829,1,62.63,26184744,0.6874999984574828,0,11.676073448490614,502355836629,cold_state
1691338151.375,2023-08-06 16:09:11.375,1,93.76,26184816,0.6874999984574828,0,11.676073448490614,502356975606,cold_state
1691338151.921,2023-08-06 16:09:11.921,1,82.41,26184852,0.8125000000291038,0,11.578498305998963,502358092185,cold_state
1691338152.467,2023-08-06 16:09:12.467,1,76.66,26184888,0.8125000000291038,0,11.578498305998963,502359351411,cold_state
1691338153.021,2023-08-06 16:09:13.021,1,67.76,26184924,2.0625000011932713,0,11.571438952318761,502360483438,cold_state
1691338153.571,2023-08-06 16:09:13.571,1,93.69,26184996,2.0625000011932713,0,11.571438952318761,502362215556,cold_state
1691338154.116,2023-08-06 16:09:14.116,1,87.53,26185032,0.37500000034923175,0,11.560697517789816,502363187715,cold_state
1691338154.665,2023-08-06 16:09:14.665,1,72.88,26185068,0.37500000034923175,0,11.560697517789816,502364239228,cold_state
1691338155.213,2023-08-06 16:09:15.213,1,60.9,26185104,1.5625000014552057,0,11.548992889926266,502365395694,cold_state
1691338155.762,2023-08-06 16:09:15.762,1,57.73,26185140,1.5625000014552057,0,11.531838294713753,502366782833,cold_state
1691338156.308,2023-08-06 16:09:16.308,1,96.87,26185176,1.8125000002328449,0,11.531838294713753,502367952285,cold_state
1691338156.858,2023-08-06 16:09:16.858,1,96.74,26185248,1.2500000004365575,0,11.536824953876451,502369061911,cold_state
1691338157.472,2023-08-06 16:09:17.472,1,100.0,26185320,1.2500000004365575,0,11.536824953876451,502370121969,cold_state
1691338158.025,2023-08-06 16:09:18.025,1,94.53,26185356,0.9374999994179376,0,11.5420188824909,502371286877,cold_state
1691338158.577,2023-08-06 16:09:18.577,1,94.14,26185428,0.9374999994179376,0,11.5420188824909,502372587296,cold_state
1691338159.151,2023-08-06 16:09:19.151,1,64.37,26185464,1.2499999997089475,0,11.529814369479013,502373791896,cold_state
1691338159.726,2023-08-06 16:09:19.726,1,73.29,26185500,1.2499999997089475,0,11.529814369479013,502374946969,cold_state
1691338160.274,2023-08-06 16:09:20.274,1,90.76,26185536,1.456673306309085,0,11.515488392666857,502376143847,cold_state
1691338160.82,2023-08-06 16:09:20.820,1,82.58,26185608,0.8534136550567979,0,11.507026922107165,502377306805,cold_state
1691338161.368,2023-08-06 16:09:21.368,1,63.87,26185644,0.8534136550567979,0,11.507026922107165,502378311981,cold_state
1691338161.915,2023-08-06 16:09:21.915,1,68.1,26185680,1.6249999986030161,0,11.502735225223864,502379493919,cold_state
1691338162.462,2023-08-06 16:09:22.462,1,84.02,26185716,1.6249999986030161,0,11.502735225223864,502380623943,cold_state
1691338163.008,2023-08-06 16:09:23.008,1,87.47,26185752,0.31249999956342833,0,11.548249158364102,502381828116,cold_state
1691338163.575,2023-08-06 16:09:23.575,1,69.48,26185824,0.31249999956342833,0,11.548249158364102,502382920710,cold_state
1691338164.122,2023-08-06 16:09:24.122,1,62.15,26185824,-19.74999999802094,0,11.550748584105799,502384053499,cold_state
1691338164.669,2023-08-06 16:09:24.669,1,94.28,26185896,-19.74999999802094,0,11.550748584105799,502385250375,cold_state
1691338165.218,2023-08-06 16:09:25.218,1,81.82,26185932,23.31249999915599,0,11.562818981590084,502386444755,cold_state
1691338165.77,2023-08-06 16:09:25.770,1,71.2,26186004,1.0000000002037268,0,11.58221696380978,502387560311,cold_state
1691338166.325,2023-08-06 16:09:26.325,1,62.99,26186004,1.0000000002037268,0,11.58221696380978,502388690747,cold_state
1691338166.876,2023-08-06 16:09:26.876,1,61.58,26186040,1.0000000002037268,0,11.55169958511971,502389876378,cold_state
1691338167.427,2023-08-06 16:09:27.427,1,101.74,26186112,1.0000000002037268,0,11.55169958511971,502391094938,cold_state
1691338167.984,2023-08-06 16:09:27.984,1,110.26,26186184,0.9375000001455334,0,11.56787879467693,502392472814,cold_state
1691338168.556,2023-08-06 16:09:28.556,1,102.55,26186220,0.9375000001455334,0,11.56787879467693,502393596636,cold_state
1691338169.125,2023-08-06 16:09:29.125,1,106.33,26186292,0.7499999999708962,0,11.562441019648656,502394869047,cold_state
1691338169.672,2023-08-06 16:09:29.672,1,88.21,26186328,0.7499999999708962,0,11.562441019648656,502395942131,cold_state
1691338170.222,2023-08-06 16:09:30.222,1,69.72,26186364,0.8125000007566996,0,11.546822656843233,502397095301,cold_state
1691338170.767,2023-08-06 16:09:30.767,1,58.85,26186436,1.9374999996216502,0,11.55301635575436,502398248122,cold_state
1691338171.319,2023-08-06 16:09:31.319,1,60.93,26186436,1.9374999996216502,0,11.55301635575436,502399295727,cold_state
1691338171.867,2023-08-06 16:09:31.867,1,83.31,26186508,0.8124999993014939,0,11.551199699971372,502400341520,cold_state
1691338172.413,2023-08-06 16:09:32.413,1,63.04,26186544,0.8124999993014939,0,11.551199699971372,502401487540,cold_state
1691338172.96,2023-08-06 16:09:32.960,1,64.2,26186580,1.6249999993305977,0,11.573499454515572,502402667906,cold_state
1691338173.509,2023-08-06 16:09:33.509,1,75.38,26186616,1.6249999993305977,0,11.573499454515572,502403825759,cold_state
1691338174.056,2023-08-06 16:09:34.056,1,87.45,26186652,0.4999999997380655,0,11.560770671713962,502404987311,cold_state
1691338174.612,2023-08-06 16:09:34.612,1,67.43,26186724,0.4999999997380655,0,11.560770671713962,502406051343,cold_state
1691338175.159,2023-08-06 16:09:35.159,1,68.45,26186760,2.125000001251479,0,11.563123789607364,502407256233,cold_state
1691338175.706,2023-08-06 16:09:35.706,1,94.91,26186796,2.125000001251479,0,11.563123789607364,502408396223,cold_state
1691338176.253,2023-08-06 16:09:36.253,1,89.53,26186832,0.9374999994179234,0,11.574535801774324,502409450533,cold_state
1691338176.806,2023-08-06 16:09:36.806,1,59.44,26186868,1.6249999993305977,0,11.565867061762884,502410626967,cold_state
1691338177.355,2023-08-06 16:09:37.355,1,71.03,26186940,1.6249999993305977,0,11.565867061762884,502411804668,cold_state
1691338177.903,2023-08-06 16:09:37.903,1,58.41,26186940,0.749999999970882,0,11.563428597624643,502412927285,cold_state
1691338178.459,2023-08-06 16:09:38.459,1,93.46,26187012,0.749999999970882,0,11.563428597624643,502414069495,cold_state
1691338179.011,2023-08-06 16:09:39.011,1,67.39,26187048,1.0000000002037268,0,11.546261810091437,502415364363,cold_state
1691338179.56,2023-08-06 16:09:39.560,1,66.03,26187084,1.0000000002037268,0,11.546261810091437,502416550361,cold_state
1691338180.109,2023-08-06 16:09:40.109,1,79.92,26187120,0.7499999992433004,0,11.557564091372177,502417659246,cold_state
1691338180.655,2023-08-06 16:09:40.655,1,102.72,26187192,0.7499999992433004,0,11.557564091372177,502418714297,cold_state
1691338181.201,2023-08-06 16:09:41.201,1,98.66,26187228,1.687500000844011,0,11.540433880801045,502419855384,cold_state
1691338181.755,2023-08-06 16:09:41.755,1,100.65,26187300,1.687500000844011,0,11.540433880801045,502421018370,cold_state
1691338182.303,2023-08-06 16:09:42.303,1,93.45,26187336,0.9375000001455334,0,11.569780796704757,502422193800,cold_state
1691338182.909,2023-08-06 16:09:42.909,1,82.92,26187408,1.750000000902233,0,11.547078695577747,502423307315,cold_state
1691338183.456,2023-08-06 16:09:43.456,1,63.78,26187444,1.750000000902233,0,11.547078695577747,502424294810,cold_state
1691338184.027,2023-08-06 16:09:44.027,1,65.21,26187480,1.124999997409759,0,11.535788606617698,502425448454,cold_to_null_process
1691338184.312,2023-08-06 16:09:44.312,1,71.95,26187480,1.124999997409759,0,11.535788606617698,502426029888,cold_to_null_process
1691338184.682,2023-08-06 16:09:44.682,1,102.47,26187516,1.124999997409759,0,11.535788606617698,502428043203,cold_to_null_process
1691338305.493,2023-08-06 16:11:45.493,0,98.7,26197920,1.4999999999417923,0,11.526022557744051,502528584819,warm_disk_state
1691338306.024,2023-08-06 16:11:46.024,0,85.66,26197992,1.062500000989516,0,11.534459643662359,502528846689,warm_disk_state
1691338306.56,2023-08-06 16:11:46.560,0,80.78,26198028,1.062500000989516,0,11.534459643662359,502529126505,warm_disk_state
1691338307.087,2023-08-06 16:11:47.087,0,63.05,26198064,1.1250000003201421,0,11.603882717678037,502529389001,warm_disk_state
1691338307.623,2023-08-06 16:11:47.623,0,102.11,26198100,1.1250000003201421,0,11.603882717678037,502529652763,warm_disk_state
1691338308.157,2023-08-06 16:11:48.157,0,103.65,26198136,1.1875000003783498,0,11.532350372182782,502529934864,warm_disk_state
1691338308.684,2023-08-06 16:11:48.684,0,98.38,26198208,1.1875000003783498,0,11.532350372182782,502530313583,warm_disk_state
1691338309.214,2023-08-06 16:11:49.214,0,83.53,26198280,1.374999999097767,0,11.54385992291527,502530580020,warm_disk_state
1691338309.741,2023-08-06 16:11:49.741,0,88.74,26198280,1.374999999097767,0,11.54385992291527,502530835836,warm_disk_state
1691338310.271,2023-08-06 16:11:50.271,0,59.51,26198352,0.9375000001455334,0,11.544676808401581,502531105191,warm_disk_state
1691338310.801,2023-08-06 16:11:50.801,0,66.61,26198352,0.6874999999126885,0,11.553747894995833,502531431446,warm_disk_state
1691338311.331,2023-08-06 16:11:51.331,0,85.36,26198424,0.6874999999126885,0,11.553747894995833,502531690269,warm_disk_state
1691338312.701,2023-08-06 16:11:52.701,0,65.5,26198532,1.1875000003783498,0,11.561270556862302,502531910590,warm_disk_state
1691338313.953,2023-08-06 16:11:53.953,0,95.25,26198604,0.8750000008149073,0,11.547798042498528,502532123452,warm_disk_state
1691338316.992,2023-08-06 16:11:56.992,0,83.96,26198856,0.6874999999126601,0,11.564355213997175,502532571315,warm_disk_state
1691338317.523,2023-08-06 16:11:57.523,0,85.99,26198892,0.6874999999126601,0,11.564355213997175,502532836083,warm_disk_state
1691338318.05,2023-08-06 16:11:58.050,0,58.84,26198928,0.5000000004656613,0,11.54179942071846,502533097758,warm_disk_state
1691338318.582,2023-08-06 16:11:58.582,0,71.36,26198964,0.5000000004656613,0,11.54179942071846,502533522456,warm_disk_state
1691338319.11,2023-08-06 16:11:59.110,0,59.84,26199000,1.4999999977589908,0,11.5097458096213,502533795842,warm_disk_state
1691338319.639,2023-08-06 16:11:59.639,0,65.08,26199036,1.4999999977589908,0,11.5097458096213,502534054248,warm_disk_state
1691338320.165,2023-08-06 16:12:00.165,0,87.52,26199072,1.1250000003201421,0,11.477826314051748,502534336722,warm_disk_state
1691338320.692,2023-08-06 16:12:00.692,0,83.81,26199108,1.1250000003201421,0,11.477826314051748,502534602504,warm_disk_state
1691338321.223,2023-08-06 16:12:01.223,0,59.97,26199144,1.4375000006111804,0,11.473644348054666,502534891903,warm_disk_state
1691338321.754,2023-08-06 16:12:01.754,0,64.74,26199180,1.4375000006111804,0,11.473644348054666,502535161325,warm_disk_state
1691338322.281,2023-08-06 16:12:02.281,0,84.2,26199216,1.1249999995925464,0,11.502564532734185,502535460099,warm_disk_state
1691338322.809,2023-08-06 16:12:02.809,0,79.95,26199288,0.7499999999708962,0,11.509282501435036,502535729928,warm_disk_state
1691338323.337,2023-08-06 16:12:03.337,0,59.26,26199324,0.7499999999708962,0,11.509282501435036,502535981745,warm_disk_state
1691338323.863,2023-08-06 16:12:03.863,0,59.99,26199360,1.3749999998253912,0,11.51573223908068,502536464717,warm_disk_state
1691338324.391,2023-08-06 16:12:04.391,0,98.62,26199396,1.3749999998253912,0,11.51573223908068,502536714354,warm_disk_state
1691338324.919,2023-08-06 16:12:04.919,0,82.55,26199432,1.062500000989516,0,11.528351290996069,502536994077,warm_disk_state
1691338325.453,2023-08-06 16:12:05.453,0,66.95,26199468,1.062500000989516,0,11.528351290996069,502537262239,warm_disk_state
1691338325.979,2023-08-06 16:12:05.979,0,61.73,26199504,1.3124999997671694,0,11.52420590196106,502537542288,warm_disk_state
1691338326.511,2023-08-06 16:12:06.511,0,63.53,26199540,1.3124999997671694,0,11.52420590196106,502537799106,warm_disk_state
1691338327.039,2023-08-06 16:12:07.039,0,83.55,26199612,1.5000000013969839,0,11.541348304852885,502538096881,warm_disk_state
1691338327.565,2023-08-06 16:12:07.565,0,85.03,26199612,1.5000000013969839,0,11.541348304852885,502538441384,warm_disk_state
1691338328.093,2023-08-06 16:12:08.093,0,58.74,26199684,1.374999999825377,0,11.530594678003249,502538729185,warm_disk_state
1691338328.623,2023-08-06 16:12:08.623,0,73.28,26199720,1.374999999825377,0,11.530594678003249,502539002256,warm_disk_state
1691338329.15,2023-08-06 16:12:09.150,0,91.91,26199756,2.2499999991850927,0,11.537556493117924,502539293931,warm_disk_state
1691338329.676,2023-08-06 16:12:09.676,0,89.25,26199792,2.2499999991850927,0,11.537556493117924,502539538691,warm_disk_state
1691338330.205,2023-08-06 16:12:10.205,0,78.52,26199828,0.9375000001455049,0,11.544579269836053,502539822752,warm_disk_state
1691338330.732,2023-08-06 16:12:10.732,0,64.83,26199864,0.9375000001455049,0,11.544579269836053,502540107886,warm_disk_state
1691338331.259,2023-08-06 16:12:11.259,0,57.57,26199900,0.6874999991850643,0,11.521999091915955,502540394795,warm_disk_state
1691338331.824,2023-08-06 16:12:11.824,0,89.4,26199972,1.8749999988358468,0,11.494224985381408,502540672911,warm_disk_state
1691338332.351,2023-08-06 16:12:12.351,0,80.99,26200008,1.8749999988358468,0,11.494224985381408,502541053548,warm_disk_state
1691338332.875,2023-08-06 16:12:12.875,0,65.83,26200044,0.6875000006402843,0,11.612331995917035,502541316383,warm_disk_state
1691338333.403,2023-08-06 16:12:13.403,0,55.83,26200044,0.6875000006402843,0,11.612331995917035,502541571312,warm_disk_state
1691338333.932,2023-08-06 16:12:13.932,0,97.35,26200116,1.5624999999999858,0,11.53804418594557,502542563830,warm_disk_state
1691338334.464,2023-08-06 16:12:14.464,0,103.24,26200152,1.5624999999999858,0,11.53804418594557,502542846960,warm_disk_state
1691338335,2023-08-06 16:12:15.000,0,99.33,26200188,1.2499999989813801,0,11.555527973816746,502543100013,warm_disk_state
1691338335.53,2023-08-06 16:12:15.530,0,101.77,26200260,1.2499999989813801,0,11.555527973816746,502543416074,warm_disk_state
1691338336.061,2023-08-06 16:12:16.061,0,97.27,26200332,1.0625000009895302,0,11.493517830781318,502543692134,warm_disk_state
1691338336.623,2023-08-06 16:12:16.623,0,85.18,26200368,1.0625000009895302,0,11.493517830781318,502544052406,warm_disk_state
1691338337.15,2023-08-06 16:12:17.150,0,76.34,26200404,0.5625000005238547,0,11.50433241923441,502544331088,warm_disk_state
1691338337.677,2023-08-06 16:12:17.677,0,61.76,26200440,0.5625000005238547,0,11.50433241923441,502544584836,warm_disk_state
1691338338.203,2023-08-06 16:12:18.203,0,90.78,26200476,1.6249999986030161,0,11.480825624941781,502544850446,warm_disk_state
1691338338.733,2023-08-06 16:12:18.733,0,85.0,26200548,1.6249999986030161,0,11.480825624941781,502545151101,warm_disk_state
1691338339.268,2023-08-06 16:12:19.268,0,72.03,26200584,0.9845463615556014,0,11.499187259902726,502545509768,warm_disk_state
1691338339.796,2023-08-06 16:12:19.796,0,71.53,26200620,0.8901705119140928,0,11.54679827220185,502545783421,warm_disk_state
1691338340.323,2023-08-06 16:12:20.323,0,67.48,26200656,0.8901705119140928,0,11.54679827220185,502546034034,warm_disk_state
1691338340.854,2023-08-06 16:12:20.854,0,79.36,26200692,1.3125000004947793,0,11.549139197774561,502546291178,warm_disk_state
1691338341.38,2023-08-06 16:12:21.380,0,92.26,26200728,1.3125000004947793,0,11.549139197774561,502546578018,warm_disk_state
1691338341.909,2023-08-06 16:12:21.909,0,68.51,26200764,0.12500000011642953,0,11.535959299107375,502546838382,warm_disk_state
1691338342.435,2023-08-06 16:12:22.435,0,68.97,26200836,0.12500000011642953,0,11.535959299107375,502547138777,warm_disk_state
1691338342.962,2023-08-06 16:12:22.962,0,61.91,26200836,1.6249999986030161,0,11.493359330612332,502547393773,warm_disk_state
1691338343.487,2023-08-06 16:12:23.487,0,90.97,26200908,1.6249999986030161,0,11.493359330612332,502547661323,warm_disk_state
1691338344.014,2023-08-06 16:12:24.014,0,86.15,26200944,1.0625000002619345,0,11.508892347172917,502548065852,warm_disk_state
1691338344.542,2023-08-06 16:12:24.542,0,70.08,26200980,1.0625000002619345,0,11.508892347172917,502548329370,warm_disk_state
1691338345.073,2023-08-06 16:12:25.073,0,76.98,26201016,1.0000000009313226,0,11.528095252261554,502548588916,warm_disk_state
1691338345.605,2023-08-06 16:12:25.605,0,97.98,26201052,1.0000000009313226,0,11.528095252261554,502548894059,warm_disk_state
1691338346.133,2023-08-06 16:12:26.133,0,69.25,26201088,1.1249999995925464,0,11.526254211837182,502549162184,warm_disk_state
1691338346.66,2023-08-06 16:12:26.660,0,68.0,26201160,1.1249999995925464,0,11.526254211837182,502549429972,warm_disk_state
1691338347.186,2023-08-06 16:12:27.186,0,77.13,26201160,1.750000000902233,0,11.531350601886103,502549702673,warm_disk_state
1691338347.715,2023-08-06 16:12:27.715,0,86.66,26201232,1.750000000902233,0,11.531350601886103,502549965193,warm_disk_state
1691338348.24,2023-08-06 16:12:28.240,0,69.59,26201268,1.1249999995925606,0,11.527119866606258,502550226955,warm_disk_state
1691338348.767,2023-08-06 16:12:28.767,0,65.61,26201304,0.8750000000872973,0,11.512086735194012,502550520866,warm_disk_state
1691338349.294,2023-08-06 16:12:29.294,0,63.49,26201340,0.8750000000872973,0,11.512086735194012,502550757348,warm_disk_state
1691338349.823,2023-08-06 16:12:29.823,0,81.38,26201376,2.125000000523883,0,11.501503800834053,502551029548,warm_disk_state
1691338350.351,2023-08-06 16:12:30.351,0,84.39,26201412,2.125000000523883,0,11.501503800834053,502551291855,warm_disk_state
1691338350.877,2023-08-06 16:12:30.877,0,83.2,26201484,1.062499999534353,0,11.50239384024451,502551587087,warm_disk_state
1691338351.405,2023-08-06 16:12:31.405,0,61.25,26201484,1.062499999534353,0,11.50239384024451,502551880789,warm_disk_state
1691338351.935,2023-08-06 16:12:31.935,0,61.01,26201556,0.312499998835861,0,11.466731302222758,502552139431,warm_disk_state
1691338352.466,2023-08-06 16:12:32.466,0,93.56,26201592,0.312499998835861,0,11.466731302222758,502552431460,warm_disk_state
1691338352.994,2023-08-06 16:12:32.994,0,87.09,26201628,1.6250000015133992,0,11.491335405377594,502552688020,warm_disk_state
1691338353.521,2023-08-06 16:12:33.521,0,69.97,26201664,1.6250000015133992,0,11.491335405377594,502552965439,warm_disk_state
1691338354.049,2023-08-06 16:12:34.049,0,77.69,26201700,1.187500000378364,0,11.526376135044094,502553416115,warm_disk_state
1691338354.574,2023-08-06 16:12:34.574,0,87.76,26201736,1.187500000378364,0,11.526376135044094,502553680578,warm_disk_state
1691338355.101,2023-08-06 16:12:35.101,0,62.69,26201808,1.6874999986612238,0,11.561636326483038,502553946240,warm_disk_state
1691338355.628,2023-08-06 16:12:35.628,0,74.7,26201844,1.6874999986612238,0,11.561636326483038,502554225534,warm_disk_state
1691338356.155,2023-08-06 16:12:36.155,0,62.44,26201844,0.6249999998544808,0,11.563075020324598,502554488089,warm_disk_state
1691338356.685,2023-08-06 16:12:36.685,0,65.62,26201916,0.6249999998544808,0,11.563075020324598,502554762967,warm_disk_state
1691338357.213,2023-08-06 16:12:37.213,0,70.48,26201916,1.125000001047738,0,11.546761695239777,502555035830,warm_disk_state
1691338357.743,2023-08-06 16:12:37.743,0,87.09,26201988,1.125000001047738,0,11.546761695239777,502555385415,warm_disk_state
1691338358.27,2023-08-06 16:12:38.270,0,60.94,26202024,0.5000000004656613,0,11.564330829355791,502555676595,warm_disk_state
1691338358.797,2023-08-06 16:12:38.797,0,66.0,26202060,0.6874999984574828,0,11.545749732622406,502556157828,warm_disk_state
1691338359.337,2023-08-06 16:12:39.337,0,94.35,26202096,0.6874999984574828,0,11.545749732622406,502556419488,warm_disk_state
1691338359.867,2023-08-06 16:12:39.867,0,91.44,26202168,1.8125000002328449,0,11.53793445505935,502556698135,warm_disk_state
1691338360.394,2023-08-06 16:12:40.394,0,78.18,26202204,1.8125000002328449,0,11.53793445505935,502556973128,warm_disk_state
1691338360.92,2023-08-06 16:12:40.920,0,61.09,26202240,0.6249999991268709,0,11.537300454383407,502557253925,warm_disk_state
1691338361.449,2023-08-06 16:12:41.449,0,64.33,26202276,0.6249999991268709,0,11.537300454383407,502557553604,warm_disk_state
1691338361.979,2023-08-06 16:12:41.979,0,88.01,26202312,1.6250000007858176,0,11.55067543018165,502557800832,warm_disk_state
1691338362.506,2023-08-06 16:12:42.506,0,84.12,26202348,1.6250000007858176,0,11.55067543018165,502558099532,warm_disk_state
1691338363.033,2023-08-06 16:12:43.033,0,71.8,26202384,0.4375000004074536,0,11.545640001736187,502558329957,warm_disk_state
1691338363.564,2023-08-06 16:12:43.564,0,65.6,26202420,0.4375000004074536,0,11.545640001736187,502558578825,warm_disk_state
1691338364.09,2023-08-06 16:12:44.090,0,96.09,26202492,1.9375000003492602,0,11.495224755678086,502559017001,warm_disk_state
1691338364.619,2023-08-06 16:12:44.619,0,87.6,26202528,1.9375000003492602,0,11.495224755678086,502559285154,warm_disk_state
1691338365.148,2023-08-06 16:12:45.148,0,66.88,26202564,0.6249999991268851,0,11.501138031213316,502559540246,warm_disk_state
1691338365.674,2023-08-06 16:12:45.674,0,72.15,26202600,0.6249999991268851,0,11.501138031213316,502559833663,warm_disk_state
1691338366.202,2023-08-06 16:12:46.202,0,89.22,26202636,1.625000001513385,0,11.506551421600209,502560095408,warm_disk_state
1691338366.73,2023-08-06 16:12:46.730,0,84.8,26202672,1.625000001513385,0,11.506551421600209,502560359233,warm_disk_state
1691338367.256,2023-08-06 16:12:47.256,0,72.11,26202744,1.1249999981373406,0,11.507002537465782,502560632373,warm_disk_state
1691338367.783,2023-08-06 16:12:47.783,0,62.94,26202744,0.5624999997962874,0,11.502101224547921,502560922531,warm_disk_state
1691338368.316,2023-08-06 16:12:48.316,0,96.53,26202816,0.5624999997962874,0,11.502101224547921,502561182685,warm_disk_state
1691338368.85,2023-08-06 16:12:48.850,0,83.22,26202852,1.687500000844011,0,11.504283649951645,502561560334,warm_disk_state
1691338369.378,2023-08-06 16:12:49.378,0,71.71,26202888,1.687500000844011,0,11.504283649951645,502561826751,warm_disk_state
1691338369.905,2023-08-06 16:12:49.905,0,65.82,26202924,0.6249999991268851,0,11.529631484668643,502562117407,warm_disk_state
1691338370.43,2023-08-06 16:12:50.430,0,95.97,26202960,0.6249999991268851,0,11.529631484668643,502562422986,warm_disk_state
1691338370.96,2023-08-06 16:12:50.960,0,83.01,26202996,0.7499999999708962,0,11.538202686114555,502562689380,warm_disk_state
1691338371.485,2023-08-06 16:12:51.485,0,76.15,26203068,0.7499999999708962,0,11.538202686114555,502562987067,warm_disk_state
1691338372.018,2023-08-06 16:12:52.018,0,64.48,26203068,2.187500001309644,0,11.532606410917296,502563252566,warm_disk_state
1691338372.547,2023-08-06 16:12:52.547,0,75.38,26203140,2.187500001309644,0,11.532606410917296,502563534716,warm_disk_state
1691338373.11,2023-08-06 16:12:53.110,0,82.7,26203176,0.5624999997962874,0,11.572645992067189,502563811259,warm_disk_to_warm_cpu_process
1691338373.354,2023-08-06 16:12:53.354,0,82.34,26203176,0.5624999997962874,0,11.572645992067189,502563922857,warm_disk_to_warm_cpu_process
1691338373.634,2023-08-06 16:12:53.634,0,95.22,26203212,0.5624999997962874,0,11.572645992067189,502564072065,warm_disk_to_warm_cpu_process
1691338374.145,2023-08-06 16:12:54.145,0,67.98,26203248,1.187500000378364,0,11.5727679152741,502564337536,warm_disk_to_warm_cpu_process
1691338374.514,2023-08-06 16:12:54.514,0,73.97,26203284,1.187500000378364,0,11.5727679152741,502564476624,warm_disk_to_warm_cpu_process
1691338374.761,2023-08-06 16:12:54.761,0,67.99,26203284,1.187500000378364,0,11.553272394488875,502565404919,warm_disk_to_warm_cpu_process
1691338375.091,2023-08-06 16:12:55.091,1,94.71,26203320,2.1249999976135,0,11.553272394488875,502567323016,warm_disk_to_warm_cpu_process
1691338375.467,2023-08-06 16:12:55.467,1,118.76,26203392,2.1249999976135,0,11.553272394488875,502569789416,warm_disk_to_warm_cpu_process
1691338375.948,2023-08-06 16:12:55.948,1,109.54,26203428,13.375000000087311,0,11.796631115485173,502570538725,warm_disk_to_warm_cpu_process
1691338381.187,2023-08-06 16:13:01.187,1,83.43,26203896,1.437499999155989,0,12.893866823768782,502571772475,warm_disk_to_warm_cpu_process
1691338401.756,2023-08-06 16:13:21.756,1,90.5,26205696,22.37500000046566,0,12.8734812635731,502614183674,warm_cpu_state
1691338402.304,2023-08-06 16:13:22.304,1,72.68,26205768,0.8125000000290896,0,12.8734812635731,502615328229,warm_cpu_state
1691338402.855,2023-08-06 16:13:22.855,1,64.43,26205804,1.3750000012805828,0,12.8858076997919,502616403597,warm_cpu_state
1691338403.404,2023-08-06 16:13:23.404,1,84.62,26205840,1.3750000012805828,0,12.8858076997919,502617428298,warm_cpu_state
1691338403.985,2023-08-06 16:13:23.985,1,88.36,26205876,1.3124999983119778,0,12.882296311432837,502618616050,warm_cpu_state
1691338404.536,2023-08-06 16:13:24.536,1,78.71,26205948,1.3124999983119778,0,12.882296311432837,502619802543,warm_cpu_state
1691338405.082,2023-08-06 16:13:25.082,1,62.17,26205984,1.8750000002910525,0,12.882954696750163,502620896779,warm_cpu_state
1691338405.631,2023-08-06 16:13:25.631,1,69.81,26205984,1.8750000002910525,0,12.882954696750163,502622034566,warm_cpu_state
1691338406.181,2023-08-06 16:13:26.181,1,87.12,26206056,-20.500000000902233,0,12.890038435071746,502623124953,warm_cpu_state
1691338406.737,2023-08-06 16:13:26.737,1,72.4,26206092,-20.500000000902233,0,12.890038435071746,502624248598,warm_cpu_state
1691338407.286,2023-08-06 16:13:27.286,1,63.57,26206128,22.607178465070433,0,12.854924551481098,502625370199,warm_cpu_state
1691338407.835,2023-08-06 16:13:27.835,1,61.97,26206164,1.8304914749487011,0,12.851657009535858,502626498417,warm_cpu_state
1691338408.383,2023-08-06 16:13:28.383,1,89.29,26206200,1.8304914749487011,0,12.851657009535858,502627638545,warm_cpu_state
1691338408.933,2023-08-06 16:13:28.933,1,85.91,26206272,0.9375000001455049,0,12.837343225044393,502628633300,warm_cpu_state
1691338409.481,2023-08-06 16:13:29.481,1,71.09,26206308,0.9375000001455049,0,12.837343225044393,502629775186,warm_cpu_state
1691338410.047,2023-08-06 16:13:30.047,1,56.88,26206344,2.3124999992433004,0,12.848157813497485,502630930141,warm_cpu_state
1691338410.605,2023-08-06 16:13:30.605,1,96.05,26206380,2.3124999992433004,0,12.848157813497485,502632107632,warm_cpu_state
1691338411.154,2023-08-06 16:13:31.154,1,81.41,26206452,0.2500000016880364,0,12.842317691886402,502633160771,warm_cpu_state
1691338411.703,2023-08-06 16:13:31.703,1,75.13,26206488,0.2500000016880364,0,12.842317691886402,502634256554,warm_cpu_state
1691338412.251,2023-08-06 16:13:32.251,1,61.05,26206524,1.9999999989522763,0,12.845731541679935,502635360848,warm_cpu_state
1691338412.798,2023-08-06 16:13:32.798,1,68.42,26206560,1.5624999985448085,0,12.870469760362374,502636496066,warm_cpu_state
1691338413.348,2023-08-06 16:13:33.348,1,82.94,26206596,1.5624999985448085,0,12.870469760362374,502637617719,warm_cpu_state
1691338413.895,2023-08-06 16:13:33.895,1,96.8,26206668,1.2500000004365575,0,12.90097494673175,502638759084,warm_cpu_state
1691338414.447,2023-08-06 16:13:34.447,1,66.72,26206704,1.2500000004365575,0,12.90097494673175,502639902519,warm_cpu_state
1691338414.996,2023-08-06 16:13:34.996,1,72.71,26206740,1.3125000012223467,0,12.922079853848215,502641009222,warm_cpu_state
1691338415.551,2023-08-06 16:13:35.551,1,95.03,26206776,1.3125000012223467,0,12.922079853848215,502642127759,warm_cpu_state
1691338416.113,2023-08-06 16:13:36.113,1,88.45,26206848,0.812500000029118,0,12.899170483269454,502643321764,warm_cpu_state
1691338416.66,2023-08-06 16:13:36.660,1,61.96,26206884,0.812500000029118,0,12.899170483269454,502644410939,warm_cpu_state
1691338417.208,2023-08-06 16:13:37.208,1,74.45,26206884,2.1249999990686916,0,12.873542225176557,502645452749,warm_cpu_state
1691338417.754,2023-08-06 16:13:37.754,1,83.81,26206956,2.1249999990686916,0,12.873542225176557,502646628354,warm_cpu_state
1691338418.302,2023-08-06 16:13:38.302,1,81.68,26206992,0.4375000011350352,0,12.869726028800214,502647784446,warm_cpu_state
1691338418.851,2023-08-06 16:13:38.851,1,62.39,26207028,2.125000000523869,0,12.9018771784629,502648909877,warm_cpu_state
1691338419.405,2023-08-06 16:13:39.405,1,62.52,26207064,2.125000000523869,0,12.9018771784629,502649982890,warm_cpu_state
1691338419.956,2023-08-06 16:13:39.956,1,71.75,26207100,0.8750000008149215,0,12.888148625364613,502650981107,warm_cpu_state
1691338420.507,2023-08-06 16:13:40.507,1,89.93,26207172,0.8750000008149215,0,12.888148625364613,502652175903,warm_cpu_state
1691338421.053,2023-08-06 16:13:41.053,1,60.35,26207208,1.1249999995925606,0,12.864751561958204,502653290269,warm_cpu_state
1691338421.603,2023-08-06 16:13:41.603,1,69.36,26207244,1.1249999995925606,0,12.864751561958204,502654407768,warm_cpu_state
1691338422.16,2023-08-06 16:13:42.160,1,86.59,26207280,1.9374999988940402,0,12.851559470970328,502655541240,warm_cpu_state
1691338422.706,2023-08-06 16:13:42.706,1,80.09,26207352,1.9374999988940402,0,12.851559470970328,502656656901,warm_cpu_state
1691338423.253,2023-08-06 16:13:43.253,1,62.21,26207388,0.9375000001455334,0,12.845134117966067,502657804408,warm_cpu_state
1691338423.809,2023-08-06 16:13:43.809,1,58.23,26207424,0.7499999992433004,0,12.831076372209116,502658916865,warm_cpu_state
1691338424.433,2023-08-06 16:13:44.433,1,102.29,26207460,0.7499999992433004,0,12.831076372209116,502660035274,warm_cpu_state
1691338424.981,2023-08-06 16:13:44.981,1,87.79,26207532,2.375000000029104,0,12.825723943425682,502661116417,warm_cpu_state
1691338425.535,2023-08-06 16:13:45.535,1,94.09,26207568,2.375000000029104,0,12.825723943425682,502662298296,warm_cpu_state
1691338426.091,2023-08-06 16:13:46.091,1,57.92,26207604,2.125000000523869,0,12.85026708497706,502663311950,warm_cpu_state
1691338426.639,2023-08-06 16:13:46.639,1,72.02,26207640,2.125000000523869,0,12.85026708497706,502664398911,warm_cpu_state
1691338427.187,2023-08-06 16:13:47.187,1,87.93,26207676,0.9375000001455192,0,12.859374748533387,502665547410,warm_cpu_state
1691338427.737,2023-08-06 16:13:47.737,1,95.84,26207748,0.9375000001455192,0,12.859374748533387,502666648617,warm_cpu_state
1691338428.308,2023-08-06 16:13:48.308,1,57.75,26207784,0.4375000004074536,0,12.851400970801343,502667713030,warm_cpu_state
1691338428.856,2023-08-06 16:13:48.856,1,65.53,26207820,1.2500000004365575,0,12.867129064492989,502668821027,warm_cpu_state
1691338429.414,2023-08-06 16:13:49.414,1,56.36,26207856,1.2500000004365575,0,12.867129064492989,502670002786,warm_cpu_state
1691338429.965,2023-08-06 16:13:49.965,1,96.17,26207892,1.6250000000582077,0,12.866629179344649,502671128039,warm_cpu_state
1691338430.513,2023-08-06 16:13:50.513,1,68.21,26207928,1.6250000000582077,0,12.866629179344649,502672257275,warm_cpu_state
1691338431.06,2023-08-06 16:13:51.060,1,58.48,26208000,1.7500000001746088,0,12.854473435615525,502673397514,warm_cpu_state
1691338431.612,2023-08-06 16:13:51.612,1,94.5,26208000,1.7500000001746088,0,12.854473435615525,502674562368,warm_cpu_state
1691338432.163,2023-08-06 16:13:52.163,1,82.62,26208072,1.062499998806743,0,12.852425125739403,502675687326,warm_cpu_state
1691338432.713,2023-08-06 16:13:52.713,1,64.58,26208108,1.062499998806743,0,12.852425125739403,502676810634,warm_cpu_state
1691338433.26,2023-08-06 16:13:53.260,1,54.55,26208144,1.0000000002037268,0,12.833600182592194,502677920652,warm_cpu_state
1691338433.812,2023-08-06 16:13:53.812,1,85.24,26208180,1.624999999330626,0,12.848243159742323,502679050889,warm_cpu_state
1691338434.386,2023-08-06 16:13:54.386,1,85.87,26208252,1.624999999330626,0,12.848243159742323,502680234523,warm_cpu_state
1691338434.952,2023-08-06 16:13:54.952,1,67.14,26208288,1.4999999999418065,0,12.836123992975274,502681373973,warm_cpu_state
1691338435.506,2023-08-06 16:13:55.506,1,68.65,26208324,1.4999999999418065,0,12.836123992975274,502682474819,warm_cpu_state
1691338436.063,2023-08-06 16:13:56.063,1,89.35,26208360,1.4375000006111804,0,12.86308121402351,502683620470,warm_cpu_state
1691338436.612,2023-08-06 16:13:56.612,1,69.46,26208396,1.4375000006111804,0,12.86308121402351,502684649598,warm_cpu_state
1691338437.159,2023-08-06 16:13:57.159,1,59.72,26208432,1.1875000003783498,0,12.84576811864201,502685742855,warm_cpu_state
1691338437.708,2023-08-06 16:13:57.708,1,86.77,26208468,1.1875000003783498,0,12.84576811864201,502686828729,warm_cpu_state
1691338438.257,2023-08-06 16:13:58.257,1,94.73,26208540,1.3124999997671551,0,12.845317002776435,502687958848,warm_cpu_state
1691338438.806,2023-08-06 16:13:58.806,1,61.99,26208576,1.4999999999418065,0,12.869067643482888,502689067766,warm_cpu_state
1691338439.352,2023-08-06 16:13:59.352,1,67.07,26208612,1.4999999999418065,0,12.869067643482888,502690207737,warm_cpu_state
1691338439.899,2023-08-06 16:13:59.899,1,89.47,26208648,0.6249999998544808,0,12.871896261883245,502691317822,warm_cpu_state
1691338440.457,2023-08-06 16:14:00.457,1,100.18,26208720,0.6249999998544808,0,12.871896261883245,502692441115,warm_cpu_state
1691338441.003,2023-08-06 16:14:01.003,1,64.7,26208756,1.999999998952248,0,12.881942734132792,502693571132,warm_cpu_state
1691338441.56,2023-08-06 16:14:01.560,1,73.34,26208792,1.999999998952248,0,12.881942734132792,502694771103,warm_cpu_state
1691338442.109,2023-08-06 16:14:02.109,1,90.21,26208828,0.7500000006984777,0,12.869384643820858,502695731834,warm_cpu_state
1691338442.656,2023-08-06 16:14:02.656,1,90.8,26208864,0.7500000006984777,0,12.869384643820858,502696762000,warm_cpu_state
1691338443.207,2023-08-06 16:14:03.207,1,78.88,26208900,1.2499999997089617,0,12.863532329889086,502697858436,warm_cpu_state
1691338443.754,2023-08-06 16:14:03.754,1,70.8,26208972,1.2499999997089617,0,12.863532329889086,502699009810,warm_cpu_state
1691338444.305,2023-08-06 16:14:04.305,1,58.33,26209008,1.7500000001746372,0,12.871176914962465,502700215722,warm_cpu_state
1691338444.911,2023-08-06 16:14:04.911,1,85.62,26209044,1.0625000009895444,0,12.876041650918252,502701363446,warm_cpu_state
1691338445.458,2023-08-06 16:14:05.458,1,91.83,26209116,1.0625000009895444,0,12.876041650918252,502702465309,warm_cpu_state
1691338446.016,2023-08-06 16:14:06.016,1,70.05,26209116,2.187499999854481,0,12.908717070370662,502703603174,warm_cpu_state
1691338446.565,2023-08-06 16:14:06.565,1,66.84,26209152,2.187499999854481,0,12.908717070370662,502704767179,warm_cpu_state
1691338447.114,2023-08-06 16:14:07.114,1,80.48,26209224,0.9374999994179376,0,12.926383743052206,502705858524,warm_cpu_state
1691338447.662,2023-08-06 16:14:07.662,1,84.03,26209260,0.9374999994179376,0,12.926383743052206,502707051006,warm_cpu_state
1691338448.211,2023-08-06 16:14:08.211,1,78.48,26209296,1.7499999994470272,0,12.90106029297659,502708178628,warm_cpu_state
1691338448.762,2023-08-06 16:14:08.762,1,68.88,26209332,1.7499999994470272,0,12.940319565602246,502709303796,warm_cpu_state
1691338449.309,2023-08-06 16:14:09.309,1,57.56,26209368,1.8125000016880506,0,12.940319565602246,502710422353,warm_cpu_state
1691338449.855,2023-08-06 16:14:09.855,1,92.06,26209440,1.8124999987776391,0,12.896439403434625,502711525240,warm_cpu_state
1691338450.405,2023-08-06 16:14:10.405,1,77.43,26209476,1.8124999987776391,0,12.896439403434625,502712543435,warm_cpu_state
1691338450.954,2023-08-06 16:14:10.954,1,66.21,26209512,0.8750000000873257,0,12.897170942676098,502713419677,warm_cpu_state
1691338451.502,2023-08-06 16:14:11.502,1,85.99,26209548,0.8750000000873257,0,12.897170942676098,502714605611,warm_cpu_state
1691338452.056,2023-08-06 16:14:12.056,1,94.8,26209620,1.8125000009604264,0,12.879077538770362,502715742265,warm_cpu_state
1691338452.628,2023-08-06 16:14:12.628,1,88.49,26209656,1.8125000009604264,0,12.879077538770362,502716719752,warm_cpu_state
1691338453.177,2023-08-06 16:14:13.177,1,68.3,26209692,1.875000000291024,0,12.849328276283838,502717822426,warm_cpu_state
1691338453.727,2023-08-06 16:14:13.727,1,58.34,26209728,1.875000000291024,0,12.849328276283838,502718862452,warm_cpu_state
1691338454.284,2023-08-06 16:14:14.284,1,106.01,26209764,0.8124999993014939,0,12.844292847838373,502720022174,warm_cpu_state
1691338454.854,2023-08-06 16:14:14.854,1,86.98,26209836,2.4999999994179234,0,12.877736383494328,502721203177,warm_cpu_state
1691338455.399,2023-08-06 16:14:15.399,1,83.41,26209872,2.4999999994179234,0,12.877736383494328,502722333264,warm_cpu_state
1691338455.951,2023-08-06 16:14:15.951,1,66.47,26209908,1.1249999995925606,0,12.88223534982938,502723412689,warm_cpu_state
1691338456.499,2023-08-06 16:14:16.499,1,82.03,26209944,1.1249999995925606,0,12.88223534982938,502724575954,warm_cpu_state
1691338457.045,2023-08-06 16:14:17.045,1,62.75,26209980,1.4374999998835847,0,12.8488283911355,502725682722,warm_cpu_state
1691338457.594,2023-08-06 16:14:17.594,1,78.53,26210016,1.4374999998835847,0,12.8488283911355,502726786065,warm_cpu_state
1691338458.147,2023-08-06 16:14:18.147,1,73.57,26210052,1.0000000002037268,0,12.862435021026878,502727923857,warm_cpu_state
1691338458.694,2023-08-06 16:14:18.694,1,88.66,26210088,1.0000000002037268,0,12.862435021026878,502728974073,warm_cpu_state
1691338459.244,2023-08-06 16:14:19.244,1,80.07,26210124,1.8750000017462298,0,12.844719579062566,502730055774,warm_cpu_state
1691338459.795,2023-08-06 16:14:19.795,1,69.61,26210196,1.1249999988649506,0,12.84313457737271,502731180910,warm_cpu_state
1691338460.346,2023-08-06 16:14:20.346,1,53.54,26210232,1.1249999988649506,0,12.84313457737271,502732257710,warm_cpu_state
1691338460.906,2023-08-06 16:14:20.906,1,89.64,26210268,1.624999999330626,0,12.849828161432178,502733445133,warm_cpu_state
1691338461.456,2023-08-06 16:14:21.456,1,88.32,26210304,1.624999999330626,0,12.849828161432178,502734575852,warm_cpu_state
1691338462.004,2023-08-06 16:14:22.004,1,66.17,26210340,1.250000001164139,0,12.873273994121352,502735638108,warm_cpu_state
1691338462.554,2023-08-06 16:14:22.554,1,68.28,26210376,1.250000001164139,0,12.873273994121352,502736688016,warm_cpu_state
1691338463.101,2023-08-06 16:14:23.101,1,69.42,26210412,1.7499999994470272,0,12.864434561620234,502737832266,warm_cpu_state
1691338463.647,2023-08-06 16:14:23.647,1,93.39,26210448,1.7499999994470272,0,12.864434561620234,502738922109,warm_cpu_state
1691338464.198,2023-08-06 16:14:24.198,1,92.34,26210520,0.312499998108251,0,12.832112719467869,502740145746,warm_cpu_state
1691338464.747,2023-08-06 16:14:24.747,1,60.67,26210556,0.312499998108251,0,12.832112719467869,502741213571,warm_cpu_state
1691338465.294,2023-08-06 16:14:25.294,1,56.78,26210592,2.1250000012514505,0,12.828211176846684,502742327253,warm_cpu_state
1691338465.844,2023-08-06 16:14:25.844,1,72.82,26210628,0.875000000814893,0,12.839318380996367,502743322083,warm_cpu_state
1691338466.391,2023-08-06 16:14:26.391,1,93.75,26210700,0.875000000814893,0,12.839318380996367,502744428034,warm_cpu_state
1691338466.938,2023-08-06 16:14:26.938,1,100.41,26210736,0.9375000001455049,0,12.84954773805628,502745522891,warm_cpu_state
1691338467.486,2023-08-06 16:14:27.486,1,102.6,26210808,0.9375000001455049,0,12.84954773805628,502746562178,warm_cpu_state
1691338498.98,2023-08-06 16:14:58.980,1,142.67,26214552,9.312499999214197,0.37,15.60157397983195,502807343286,active_state
1691338499.536,2023-08-06 16:14:59.536,1,133.96,26214624,9.312499999214197,0.37,15.60157397983195,502808450137,active_state
1691338500.088,2023-08-06 16:15:00.088,1,144.16,26214696,8.50000000064027,0.37,15.605865676715252,502809503063,active_state
1691338500.638,2023-08-06 16:15:00.638,1,140.56,26214768,8.50000000064027,0.39,15.605865676715252,502810561749,active_state
1691338501.189,2023-08-06 16:15:01.189,1,145.75,26214840,9.750000000349246,0.39,15.62456869665555,502811671790,active_state
1691338501.739,2023-08-06 16:15:01.739,1,93.64,26214912,9.750000000349246,0.38,15.62456869665555,502812745554,active_state
1691338502.293,2023-08-06 16:15:02.293,1,90.32,26214984,5.9375000004365575,0.38,15.59740420615556,502813886536,active_state
1691338502.841,2023-08-06 16:15:02.841,1,88.92,26215020,3.4999999988940544,0.24,15.606194869373915,502815060280,active_state
1691338503.388,2023-08-06 16:15:03.388,1,108.92,26215092,3.4999999988940544,0.09,15.606194869373915,502816031205,active_state
1691338503.937,2023-08-06 16:15:03.937,1,90.43,26215128,2.8125000004365575,0.09,15.61999657639635,502817159190,active_state
1691338504.488,2023-08-06 16:15:04.488,1,105.02,26215200,2.8125000004365575,0.11,15.61999657639635,502818308448,active_state
1691338505.04,2023-08-06 16:15:05.040,1,102.11,26215236,3.687499999796259,0.11,15.622593540703575,502819455300,active_state
1691338505.585,2023-08-06 16:15:05.585,1,104.45,26215308,3.687499999796259,0.09,15.622593540703575,502820558365,active_state
1691338506.136,2023-08-06 16:15:06.136,1,104.08,26215380,2.9999999998835847,0.09,15.611571682798733,502821670673,active_state
1691338506.687,2023-08-06 16:15:06.687,1,99.53,26215416,2.9999999998835847,0.09,15.611571682798733,502822760270,active_state
1691338507.238,2023-08-06 16:15:07.238,1,86.91,26215452,2.6249999988067287,0.09,15.629713855987234,502823912589,active_state
1691338507.785,2023-08-06 16:15:07.785,1,86.11,26215524,2.75000000037835,0.09,15.642552369675064,502825075313,active_state
1691338508.335,2023-08-06 16:15:08.335,1,91.74,26215596,2.75000000037835,0.09,15.642552369675064,502826223903,active_state
1691338508.886,2023-08-06 16:15:08.886,1,97.38,26215632,3.250000001571621,0.09,15.626812083662731,502827249804,active_state
1691338509.437,2023-08-06 16:15:09.437,1,111.92,26215704,3.250000001571621,0.11,15.626812083662731,502828378159,active_state
1691338509.989,2023-08-06 16:15:09.989,1,120.7,26215776,7.875000000785803,0.11,15.628275162145671,502829489302,active_state
1691338510.544,2023-08-06 16:15:10.544,1,125.52,26215848,7.875000000785803,0.31,15.628275162145671,502830624790,active_state
1691338511.093,2023-08-06 16:15:11.093,1,133.98,26215920,6.375000000844025,0.31,15.596806782441694,502831775535,active_state
1691338511.646,2023-08-06 16:15:11.646,1,125.19,26215956,6.375000000844025,0.24,15.596806782441694,502832788232,active_state
1691338512.195,2023-08-06 16:15:12.195,1,113.39,26216028,6.937499997002291,0.24,15.584224307488375,502833914498,active_state
1691338512.742,2023-08-06 16:15:12.742,1,125.43,26216100,6.937499997002291,0.25,15.584224307488375,502835182557,active_state
1691338513.298,2023-08-06 16:15:13.298,1,126.62,26216172,7.875000000058208,0.25,15.601122863966378,502836305149,active_state
1691338513.847,2023-08-06 16:15:13.847,1,120.26,26216208,5.812499999592546,0.29,15.554670122132915,502837809315,active_state
1691338514.399,2023-08-06 16:15:14.399,1,126.59,26216280,5.812499999592546,0.3,15.554670122132915,502838971116,active_state
1691338514.954,2023-08-06 16:15:14.954,1,127.77,26216352,7.062500000756714,0.3,15.581261573560415,502840130775,active_state
1691338515.504,2023-08-06 16:15:15.504,1,126.18,26216460,7.062500000756714,0.25,15.581261573560415,502841267543,active_state
1691338516.056,2023-08-06 16:15:16.056,1,122.49,26216496,7.3125000002619345,0.25,15.594222010455159,502842424816,active_state
1691338516.604,2023-08-06 16:15:16.604,1,122.32,26216568,7.3125000002619345,0.26,15.594222010455159,502843504176,active_state
1691338517.153,2023-08-06 16:15:17.153,1,127.39,26216640,5.8125000017753194,0.26,15.60197632641476,502844627318,active_state
1691338517.705,2023-08-06 16:15:17.705,1,135.39,26216712,5.8125000017753194,0.3,15.60197632641476,502845655724,active_state
1691338518.313,2023-08-06 16:15:18.313,1,129.29,26216784,8.06249999877764,0.3,15.573519449921505,502846864685,active_state
1691338518.865,2023-08-06 16:15:18.865,1,112.52,26216856,6.500000000232831,0.32,15.60236648067688,502847986451,active_state
1691338519.412,2023-08-06 16:15:19.412,1,110.86,26216892,6.500000000232831,0.24,15.60236648067688,502849164489,active_state
1691338519.962,2023-08-06 16:15:19.962,1,104.03,26216964,3.6874999990686774,0.24,15.592161508258345,502850168224,active_state
1691338520.509,2023-08-06 16:15:20.509,1,118.76,26217036,3.6874999990686774,0.09,15.592161508258345,502851307610,active_state
1691338521.058,2023-08-06 16:15:21.058,1,115.82,26217072,3.7500000005820766,0.09,15.588089273147487,502852456131,active_state
1691338521.607,2023-08-06 16:15:21.607,1,92.75,26217144,3.7500000005820766,0.17,15.588089273147487,502853549445,active_state
1691338522.154,2023-08-06 16:15:22.154,1,101.16,26217216,4.062500000873129,0.17,15.606853254691238,502854676067,active_state
1691338522.701,2023-08-06 16:15:22.701,1,93.27,26217252,4.062500000873129,0.15,15.606853254691238,502855812161,active_state
1691338523.251,2023-08-06 16:15:23.251,1,103.58,26217288,4.375000000436572,0.15,15.607816448025844,502856862552,active_state
1691338523.8,2023-08-06 16:15:23.800,1,102.94,26217360,3.8749999992433004,0.14,15.619728345341144,502857979035,active_state
1691338524.349,2023-08-06 16:15:24.349,1,104.51,26217432,3.8749999992433004,0.16,15.619728345341144,502859112819,active_state
1691338524.9,2023-08-06 16:15:24.900,1,105.73,26217504,4.624999998486587,0.16,15.60686544701193,502860331447,active_state
1691338525.453,2023-08-06 16:15:25.453,1,128.2,26217540,4.624999998486587,0.15,15.60686544701193,502861462876,active_state
1691338526.004,2023-08-06 16:15:26.004,1,130.95,26217612,6.93750000136788,0.15,15.602086057300982,502862505177,active_state
1691338526.556,2023-08-06 16:15:26.556,1,128.97,26217684,6.93750000136788,0.37,15.602086057300982,502863648753,active_state
1691338527.104,2023-08-06 16:15:27.104,1,113.52,26217792,9.687499999563443,0.37,15.607438486084416,502864734406,active_state
1691338527.651,2023-08-06 16:15:27.651,1,134.29,26217828,9.687499999563443,0.32,15.607438486084416,502865855720,active_state
1691338528.204,2023-08-06 16:15:28.204,1,116.82,26217900,7.31250000098953,0.32,15.638150941905543,502866957925,active_state
1691338528.763,2023-08-06 16:15:28.763,1,139.76,26217972,7.31250000098953,0.32,15.594222010455159,502868015999,active_state
1691338529.316,2023-08-06 16:15:29.316,1,127.06,26218080,8.499999999185079,0.32,15.594222010455159,502869171192,active_state
1691338529.877,2023-08-06 16:15:29.877,1,140.92,26218152,8.874999998079161,0.38,15.626848660624804,502870322282,active_state
1691338530.425,2023-08-06 16:15:30.425,1,131.26,26218188,8.874999998079161,0.37,15.626848660624804,502871406591,active_state
1691338530.987,2023-08-06 16:15:30.987,1,140.46,26218296,8.500000001367866,0.37,15.633651975570492,502872542183,active_state
1691338531.541,2023-08-06 16:15:31.541,1,136.76,26218368,8.500000001367866,0.4,15.633651975570492,502873697154,active_state
1691338532.088,2023-08-06 16:15:32.088,1,135.04,26218440,8.374999999796259,0.4,15.617740997068477,502874784443,active_state
1691338532.641,2023-08-06 16:15:32.641,1,137.4,26218512,8.374999999796259,0.37,15.617740997068477,502875874278,active_state
1691338533.198,2023-08-06 16:15:33.198,1,140.12,26218584,6.500000001688022,0.37,15.623447003151957,502877059445,active_state
1691338533.757,2023-08-06 16:15:33.757,1,117.6,26218620,6.500000001688022,0.27,15.652037995172815,502878205645,active_state
1691338534.323,2023-08-06 16:15:34.323,1,128.51,26218692,5.249999998341082,0.27,15.652037995172815,502879304549,active_state
1691338534.872,2023-08-06 16:15:34.872,1,104.57,26218764,6.812500001251465,0.19,15.619972191754968,502880510970,active_state
1691338535.421,2023-08-06 16:15:35.421,1,123.68,26218836,6.812500001251465,0.24,15.619972191754968,502881610847,active_state
1691338535.971,2023-08-06 16:15:35.971,1,114.68,26218872,5.812499998864965,0.24,15.64840468360684,502882742292,active_state
1691338536.521,2023-08-06 16:15:36.521,1,124.59,26218980,5.812499998864965,0.24,15.64840468360684,502883781568,active_state
1691338537.067,2023-08-06 16:15:37.067,1,132.68,26219052,7.625000000552987,0.24,15.610242719843392,502884906315,active_state
1691338537.613,2023-08-06 16:15:37.613,1,136.66,26219088,7.625000000552987,0.4,15.610242719843392,502886036666,active_state
1691338538.168,2023-08-06 16:15:38.168,1,130.42,26219160,8.68749999863212,0.4,15.619533268210084,502887190963,active_state
1691338538.714,2023-08-06 16:15:38.714,1,134.86,26219268,8.68749999863212,0.39,15.619533268210084,502888267947,active_state
1691338539.263,2023-08-06 16:15:39.263,1,136.24,26219340,9.375000002182787,0.39,15.64077229085415,502889404530,active_state
1691338539.815,2023-08-06 16:15:39.815,1,134.0,26219412,9.749999998894054,0.38,15.651294263610655,502890558979,active_state
1691338540.362,2023-08-06 16:15:40.362,1,140.2,26219484,9.749999998894054,0.39,15.651294263610655,502891648482,active_state
1691338540.908,2023-08-06 16:15:40.908,1,146.15,26219556,8.125000000291038,0.39,15.622313117327677,502892762266,active_state
1691338541.481,2023-08-06 16:15:41.481,1,155.27,26219664,8.125000000291038,0.37,15.622313117327677,502893933403,active_state
1691338542.028,2023-08-06 16:15:42.028,1,147.7,26219700,9.562499999447027,0.37,15.632164512446165,502895029707,active_state
1691338542.58,2023-08-06 16:15:42.580,1,135.35,26219808,9.562499999447027,0.37,15.632164512446165,502896057416,active_state
1691338543.13,2023-08-06 16:15:43.130,1,124.22,26219880,9.125000001222347,0.37,15.603951482366735,502897005206,active_state
1691338544.054,2023-08-06 16:15:44.054,1,110.5,26219988,9.125000001222347,0.33,15.603951482366735,502897208977,active_state
1691338546.064,2023-08-06 16:15:46.064,1,135.06,26220276,8.562500000698492,0.31,15.627970354128392,502897597546,active_state
1691338547.922,2023-08-06 16:15:47.922,1,138.4,26220492,8.124999999563443,0.39,15.61571707183374,502897926632,active_state
1691338549.069,2023-08-06 16:15:49.069,1,133.83,26220672,8.312500000465661,0.39,15.603232135445955,502898948269,active_state
1691338549.617,2023-08-06 16:15:49.617,1,133.91,26220708,8.312500000465661,0.37,15.603232135445955,502900136865,active_state
1691338550.17,2023-08-06 16:15:50.170,1,142.37,26220816,9.312500000669388,0.37,15.59219808522042,502901241676,active_state
1691338550.725,2023-08-06 16:15:50.725,1,132.13,26220888,9.312500000669388,0.4,15.59219808522042,502902304896,active_state
1691338551.276,2023-08-06 16:15:51.276,1,133.93,26220960,8.99999999965074,0.4,15.62581231336605,502903398222,active_state
1691338551.828,2023-08-06 16:15:51.828,1,138.3,26221032,8.499999999185107,0.38,15.625312428217711,502904538202,active_state
1691338552.376,2023-08-06 16:15:52.376,1,134.83,26221104,8.499999999185107,0.38,15.625312428217711,502905585203,active_state
1691338552.922,2023-08-06 16:15:52.922,1,136.0,26221176,9.562500000174623,0.38,15.64239386950608,502906776217,active_state
1691338553.473,2023-08-06 16:15:53.473,1,136.68,26221248,9.562500000174623,0.39,15.64239386950608,502907902555,active_state
1691338554.03,2023-08-06 16:15:54.030,1,130.34,26221320,8.687500000814907,0.39,15.613412723223103,502909020659,active_state
1691338554.577,2023-08-06 16:15:54.577,1,136.97,26221392,8.687500000814907,0.39,15.613412723223103,502910142629,active_state
1691338555.127,2023-08-06 16:15:55.127,1,131.68,26221500,9.687500000291024,0.39,15.597513937041782,502911273868,active_state
1691338555.674,2023-08-06 16:15:55.674,1,133.93,26221572,9.687500000291024,0.38,15.597513937041782,502912356236,active_state
1691338556.221,2023-08-06 16:15:56.221,1,136.36,26221608,9.874999997555292,0.38,15.591332430451347,502913404031,active_state
1691338556.77,2023-08-06 16:15:56.770,1,134.23,26221716,8.687500001542517,0.37,15.604207521101248,502914532668,active_state
1691338557.318,2023-08-06 16:15:57.318,1,134.33,26221788,8.687500001542517,0.37,15.604207521101248,502915617612,active_state
1691338557.865,2023-08-06 16:15:57.865,1,132.29,26221860,9.437500000785818,0.37,15.58701634892666,502916905493,active_state
1691338558.412,2023-08-06 16:15:58.412,1,130.74,26221932,9.437500000785818,0.37,15.58701634892666,502918005433,active_state
1691338558.968,2023-08-06 16:15:58.968,1,134.11,26222004,7.937500001571593,0.37,15.607377524480961,502919052563,active_state
1691338559.523,2023-08-06 16:15:59.523,1,129.61,26222076,7.937500001571593,0.38,15.607377524480961,502920161160,active_state
1691338560.077,2023-08-06 16:16:00.077,1,136.64,26222148,9.437499997875435,0.38,15.605707176546266,502921329441,active_state
1691338560.625,2023-08-06 16:16:00.625,1,132.22,26222220,9.437499997875435,0.39,15.605707176546266,502922397795,active_state
1691338561.174,2023-08-06 16:16:01.174,1,133.64,26222292,8.687499999359716,0.39,15.59290523982051,502923487217,active_state
1691338561.73,2023-08-06 16:16:01.730,1,140.73,26222364,8.687499999359716,0.39,15.59290523982051,502924636446,active_state
1691338562.288,2023-08-06 16:16:02.288,1,135.49,26222472,9.562500000902233,0.39,15.5663259807137,502925762346,active_state
1691338562.838,2023-08-06 16:16:02.838,1,135.8,26222508,8.562500000698492,0.39,15.59168600775139,502926861289,active_state
1691338563.385,2023-08-06 16:16:03.385,1,135.11,26222580,8.562500000698492,0.38,15.59168600775139,502927996965,active_state
1691338563.934,2023-08-06 16:16:03.934,1,140.87,26222688,9.374999999272404,0.38,15.590527737285726,502929098684,active_state
1691338564.483,2023-08-06 16:16:04.483,1,139.31,26222760,9.374999999272404,0.37,15.590527737285726,502930181824,active_state
1691338565.032,2023-08-06 16:16:05.032,1,138.21,26222796,9.437499999330612,0.37,15.58935727449937,502931294521,active_state
1691338565.582,2023-08-06 16:16:05.582,1,130.57,26222904,9.437499999330612,0.37,15.58935727449937,502932349022,active_state
1691338566.131,2023-08-06 16:16:06.131,1,145.14,26222976,8.25000000040744,0.37,15.614680724574988,502933436475,active_state
1691338566.677,2023-08-06 16:16:06.677,1,133.39,26223048,8.25000000040744,0.37,15.614680724574988,502934592435,active_state
1691338567.224,2023-08-06 16:16:07.224,1,131.51,26223120,9.124999999767155,0.37,15.586479886816248,502935593130,active_state
1691338567.775,2023-08-06 16:16:07.775,1,133.05,26223192,9.62500000023283,0.37,15.576628491697761,502936895671,active_state
1691338568.324,2023-08-06 16:16:08.324,1,139.52,26223264,9.62500000023283,0.37,15.576628491697761,502937989871,active_state
1691338876.782,2023-08-06 16:21:16.782,1,97.68,26249796,1.1875000003783498,0,15.59146654597895,503537068459,warm_cpu_to_warm_disk_process
1691338877.133,2023-08-06 16:21:17.133,1,90.89,26249832,1.1875000003783498,0,15.59146654597895,503538323746,warm_cpu_to_warm_disk_process
1691338877.417,2023-08-06 16:21:17.417,1,84.94,26249832,1.1875000003783498,0,15.59146654597895,503538465965,warm_cpu_to_warm_disk_process
1691338877.698,2023-08-06 16:21:17.698,1,87.69,26249868,1.1875000003783498,0,15.59146654597895,503538601931,warm_cpu_to_warm_disk_process
1691338877.977,2023-08-06 16:21:17.977,1,69.39,26249904,2.1875000013096724,0,15.600525440252508,503538898912,warm_cpu_to_warm_disk_process
1691338878.283,2023-08-06 16:21:18.283,1,60.96,26249904,2.1875000013096724,0,15.600525440252508,503539117190,warm_cpu_to_warm_disk_process
1691338878.56,2023-08-06 16:21:18.560,1,65.52,26249940,2.1875000013096724,0,15.600525440252508,503539273667,warm_cpu_to_warm_disk_process
1691338878.84,2023-08-06 16:21:18.840,1,93.4,26249976,1.6250000015133992,0,11.584594466344562,503539527150,warm_cpu_to_warm_disk_process
1691338879.118,2023-08-06 16:21:19.118,1,89.14,26249976,1.6250000015133992,0,11.584594466344562,503539740291,warm_cpu_to_warm_disk_process
1691338879.391,2023-08-06 16:21:19.391,1,83.39,26249976,1.6250000015133992,0,11.584594466344562,503539874041,warm_cpu_to_warm_disk_process
1691338879.666,2023-08-06 16:21:19.666,1,72.05,26250012,1.6250000015133992,0,11.584594466344562,503540021073,warm_cpu_to_warm_disk_process
1691338879.947,2023-08-06 16:21:19.947,1,67.19,26250048,1.7500000001746088,0,11.603395024850387,503540266195,warm_cpu_to_warm_disk_process
1691338880.224,2023-08-06 16:21:20.224,1,58.5,26250048,1.7500000001746088,0,11.603395024850387,503540465011,warm_cpu_to_warm_disk_process
1691338880.574,2023-08-06 16:21:20.574,1,85.26,26250084,1.7500000001746088,0.03,11.603395024850387,503540700406,warm_cpu_to_warm_disk_process
1691338880.853,2023-08-06 16:21:20.853,1,90.66,26250120,0.8749999986321058,0.03,11.562245942517597,503540850177,warm_cpu_to_warm_disk_process
1691338881.133,2023-08-06 16:21:21.133,1,87.39,26250120,0.8749999986321058,0.03,11.562245942517597,503541166488,warm_cpu_to_warm_disk_process
1691338881.419,2023-08-06 16:21:21.419,1,81.92,26250156,0.8749999986321058,0,11.562245942517597,503541319807,warm_cpu_to_warm_disk_process
1691338881.697,2023-08-06 16:21:21.697,1,78.88,26250192,0.8749999986321058,0,11.562245942517597,503541453719,warm_cpu_to_warm_disk_process
1691338881.975,2023-08-06 16:21:21.975,1,68.94,26250192,0.5624999990686774,0,11.565208676445558,503541610731,warm_cpu_to_warm_disk_process
1691338882.255,2023-08-06 16:21:22.255,1,60.27,26250228,0.5624999990686774,0,11.565208676445558,503541896246,warm_cpu_to_warm_disk_process
1691338882.536,2023-08-06 16:21:22.536,1,68.19,26250228,0.5624999990686774,0,11.565208676445558,503542031867,warm_cpu_to_warm_disk_process
1691338882.816,2023-08-06 16:21:22.816,1,64.13,26250264,1.5624999985448085,0,11.552626201492243,503542172343,warm_cpu_to_warm_disk_process
1691338883.104,2023-08-06 16:21:23.104,1,82.76,26250300,1.5624999985448085,0,11.552626201492243,503542333831,warm_cpu_to_warm_disk_process
1691338883.383,2023-08-06 16:21:23.383,1,82.28,26250300,1.5624999985448085,0,11.552626201492243,503542614495,warm_cpu_to_warm_disk_process
1691338883.662,2023-08-06 16:21:23.662,1,61.62,26250336,1.5624999985448085,0,11.552626201492243,503542748729,warm_cpu_to_warm_disk_process
1691338883.938,2023-08-06 16:21:23.938,1,74.36,26250336,1.0625000009895302,0,11.505466305058691,503542884771,warm_cpu_to_warm_disk_process
1691338884.217,2023-08-06 16:21:24.217,1,67.64,26250372,1.0625000009895302,0,11.505466305058691,503543014667,warm_cpu_to_warm_disk_process
1691338884.493,2023-08-06 16:21:24.493,1,80.33,26250372,1.0625000009895302,0,11.505466305058691,503543307911,warm_cpu_to_warm_disk_process
1691338884.771,2023-08-06 16:21:24.771,1,90.14,26250408,1.4374999991559747,0,11.53071660121016,503543446105,warm_cpu_to_warm_disk_process
1691338885.047,2023-08-06 16:21:25.047,1,85.2,26250444,1.4374999991559747,0,11.53071660121016,503543674108,warm_cpu_to_warm_disk_process
1691338885.328,2023-08-06 16:21:25.328,1,83.82,26250444,1.4374999991559747,0,11.53071660121016,503543828645,warm_cpu_to_warm_disk_process
1691338885.607,2023-08-06 16:21:25.607,1,77.65,26250480,1.4374999991559747,0,11.53071660121016,503544149971,warm_cpu_to_warm_disk_process
1691338885.887,2023-08-06 16:21:25.887,1,69.46,26250516,1.125000001047752,0,11.563233520493583,503544286319,warm_cpu_to_warm_disk_process
1691338886.164,2023-08-06 16:21:26.164,1,64.69,26250516,1.125000001047752,0,11.563233520493583,503544413807,warm_cpu_to_warm_disk_process
1691338886.435,2023-08-06 16:21:26.435,1,86.02,26250552,1.125000001047752,0,11.563233520493583,503544577012,warm_cpu_to_warm_disk_process
1691338886.715,2023-08-06 16:21:26.715,1,101.17,26250552,1.125000001047752,0,11.563233520493583,503544865862,warm_cpu_to_warm_disk_process
1691338886.994,2023-08-06 16:21:26.994,1,97.97,26250588,0.6874999999126885,0,11.547261580388115,503545136707,warm_cpu_to_warm_disk_process
1691338887.275,2023-08-06 16:21:27.275,1,85.79,26250624,0.6874999999126885,0,11.547261580388115,503545297431,warm_cpu_to_warm_disk_process
1691338887.558,2023-08-06 16:21:27.558,1,87.5,26250624,0.6874999999126885,0,11.547261580388115,503545440133,warm_cpu_to_warm_disk_process
1691338887.853,2023-08-06 16:21:27.853,1,78.77,26250660,1.4375000006111804,0,11.518438934274124,503545752252,warm_cpu_to_warm_disk_process
1691338888.134,2023-08-06 16:21:28.134,1,69.55,26250696,1.4375000006111804,0,11.518438934274124,503545897267,warm_cpu_to_warm_disk_process
1691338888.413,2023-08-06 16:21:28.413,1,63.27,26250696,1.4375000006111804,0,11.518438934274124,503546044173,warm_cpu_to_warm_disk_process
1691338888.695,2023-08-06 16:21:28.695,1,62.24,26250732,1.4375000006111804,0,11.518438934274124,503546216493,warm_cpu_to_warm_disk_process
1691338888.975,2023-08-06 16:21:28.975,1,74.91,26250732,1.0625000002619487,0,11.532886834293194,503546458114,warm_cpu_to_warm_disk_process
1691338889.255,2023-08-06 16:21:29.255,1,82.38,26250768,1.0625000002619487,0,11.532886834293194,503546615642,warm_cpu_to_warm_disk_process
1691338889.534,2023-08-06 16:21:29.534,1,83.15,26250804,1.0625000002619487,0,11.532886834293194,503546752885,warm_cpu_to_warm_disk_process
1691338889.814,2023-08-06 16:21:29.814,1,64.31,26250804,0.562500000523869,0,11.51593950853243,503546941129,warm_cpu_to_warm_disk_process
1691338890.099,2023-08-06 16:21:30.099,1,71.39,26250840,0.562500000523869,0,11.51593950853243,503547197895,warm_cpu_to_warm_disk_process
1691338890.379,2023-08-06 16:21:30.379,1,56.75,26250840,0.562500000523869,0,11.51593950853243,503547330448,warm_cpu_to_warm_disk_process
1691338890.653,2023-08-06 16:21:30.653,1,86.32,26250876,0.562500000523869,0,11.51593950853243,503547488420,warm_cpu_to_warm_disk_process
1691338890.93,2023-08-06 16:21:30.930,1,86.53,26250876,1.8124999995052349,0,11.553455279299243,503547735006,warm_cpu_to_warm_disk_process
1691338891.21,2023-08-06 16:21:31.210,1,84.75,26250912,1.8124999995052349,0,11.553455279299243,503547944053,warm_cpu_to_warm_disk_process
1691338891.487,2023-08-06 16:21:31.487,1,68.57,26250948,1.8124999995052349,0,11.553455279299243,503548097059,warm_cpu_to_warm_disk_process
1691338891.77,2023-08-06 16:21:31.770,1,61.14,26250948,1.0625000002619345,0,11.534861990245169,503548249652,warm_cpu_to_warm_disk_process
1691338892.046,2023-08-06 16:21:32.046,1,92.52,26250984,1.0625000002619345,0,11.534861990245169,503548483791,warm_cpu_to_warm_disk_process
1691338892.324,2023-08-06 16:21:32.324,1,84.6,26250984,1.0625000002619345,0,11.534861990245169,503548654997,warm_cpu_to_warm_disk_process
1691338892.604,2023-08-06 16:21:32.604,1,87.16,26251020,1.0625000002619345,0,11.534861990245169,503548796833,warm_cpu_to_warm_disk_process
1691338892.884,2023-08-06 16:21:32.884,1,62.85,26251056,0.43749999967984365,0,11.547029926294982,503548931930,warm_cpu_to_warm_disk_process
1691338893.171,2023-08-06 16:21:33.171,1,65.79,26251056,0.43749999967984365,0,11.547029926294982,503549236429,warm_cpu_to_warm_disk_process
1691338893.452,2023-08-06 16:21:33.452,1,67.53,26251092,0.43749999967984365,0,11.547029926294982,503549389971,warm_cpu_to_warm_disk_process
1691338893.73,2023-08-06 16:21:33.730,1,61.49,26251092,0.43749999967984365,0,11.547029926294982,503549513301,warm_cpu_to_warm_disk_process
1691338894.009,2023-08-06 16:21:34.009,1,69.83,26251092,0.8750000000873257,0,11.536763992272995,503549651137,warm_cpu_to_warm_disk_process
1691338894.284,2023-08-06 16:21:34.284,1,88.41,26251128,0.8750000000873257,0,11.536763992272995,503549938517,warm_cpu_to_warm_disk_process
1691338894.563,2023-08-06 16:21:34.563,1,68.4,26251164,0.8750000000873257,0,11.536763992272995,503550074828,warm_cpu_to_warm_disk_process
1691338894.843,2023-08-06 16:21:34.843,1,65.66,26251200,2.562500000203727,0,11.561916749858934,503550210789,warm_cpu_to_warm_disk_process
1691338895.117,2023-08-06 16:21:35.117,1,62.28,26251200,2.562500000203727,0,11.561916749858934,503550436963,warm_cpu_to_warm_disk_process
1691338895.46,2023-08-06 16:21:35.460,1,65.82,26251236,2.562500000203727,0,11.561916749858934,503550793696,warm_cpu_to_warm_disk_process
1691338895.736,2023-08-06 16:21:35.736,1,74.87,26251236,2.562500000203727,0,11.561916749858934,503550947512,warm_cpu_to_warm_disk_process
1691338896.016,2023-08-06 16:21:36.016,1,100.84,26251272,1.0624999995343387,0,11.546932387729452,503551088634,warm_cpu_to_warm_disk_process
1691338896.294,2023-08-06 16:21:36.294,1,106.77,26251308,1.0624999995343387,0,11.546932387729452,503551213340,warm_cpu_to_warm_disk_process
1691338896.575,2023-08-06 16:21:36.575,1,104.99,26251308,1.0624999995343387,0,11.546932387729452,503551537344,warm_cpu_to_warm_disk_process
1691338896.875,2023-08-06 16:21:36.875,1,93.24,26251344,0.8750000000873115,0,11.5619655191417,503551785396,warm_cpu_to_warm_disk_process
1691338897.152,2023-08-06 16:21:37.152,1,90.56,26251380,0.8750000000873115,0,11.5619655191417,503551955490,warm_cpu_to_warm_disk_process
1691338897.438,2023-08-06 16:21:37.438,1,90.98,26251416,0.8750000000873115,0,11.5619655191417,503552119479,warm_cpu_to_warm_disk_process
1691338897.722,2023-08-06 16:21:37.722,1,82.71,26251416,0.8750000000873115,0,11.5619655191417,503552399908,warm_cpu_to_warm_disk_process
1691338898.023,2023-08-06 16:21:38.023,1,79.73,26251452,1.187499999650754,0,11.562038673065848,503552607117,warm_cpu_to_warm_disk_process
1691338898.297,2023-08-06 16:21:38.297,1,65.87,26251488,1.187499999650754,0,11.562038673065848,503552811990,warm_cpu_to_warm_disk_process
1691338898.577,2023-08-06 16:21:38.577,1,72.59,26251488,1.187499999650754,0,11.562038673065848,503553051857,warm_cpu_to_warm_disk_process
1691338898.853,2023-08-06 16:21:38.853,1,68.21,26251524,1.0625000002619345,0,11.56239225036589,503553243724,warm_cpu_to_warm_disk_process
1691338899.134,2023-08-06 16:21:39.134,1,86.31,26251524,1.0625000002619345,0,11.56239225036589,503553374656,warm_cpu_to_warm_disk_process
1691338899.41,2023-08-06 16:21:39.410,1,77.91,26251560,1.0625000002619345,0,11.56239225036589,503553531012,warm_cpu_to_warm_disk_process
1691338899.69,2023-08-06 16:21:39.690,1,77.6,26251596,1.0625000002619345,0,11.56239225036589,503553767481,warm_cpu_to_warm_disk_process
1691338899.979,2023-08-06 16:21:39.979,1,67.3,26251596,0.18749999871943146,0,11.539836457087176,503553964631,warm_cpu_to_warm_disk_process
1691338900.257,2023-08-06 16:21:40.257,1,61.86,26251632,0.18749999871943146,0,11.539836457087176,503554103890,warm_cpu_to_warm_disk_process
1691338900.537,2023-08-06 16:21:40.537,1,74.73,26251632,0.18749999871943146,0,11.539836457087176,503554248726,warm_cpu_to_warm_disk_process
1691338900.815,2023-08-06 16:21:40.815,1,64.04,26251668,1.6875000015716068,0,11.585569851999859,503554577514,warm_cpu_to_warm_disk_process
1691338901.094,2023-08-06 16:21:41.094,1,68.24,26251668,1.6875000015716068,0,11.585569851999859,503554707399,warm_cpu_to_warm_disk_process
1691338901.373,2023-08-06 16:21:41.373,1,103.92,26251704,1.6875000015716068,0,11.585569851999859,503554872367,warm_cpu_to_warm_disk_process
1691338901.654,2023-08-06 16:21:41.654,1,99.35,26251740,1.6875000015716068,0,11.585569851999859,503555010620,warm_cpu_to_warm_disk_process
1691338901.93,2023-08-06 16:21:41.930,1,97.49,26251776,0.999999999476131,0,11.55606443592716,503555304408,warm_cpu_to_warm_disk_process
1691338902.208,2023-08-06 16:21:42.208,1,88.63,26251776,0.999999999476131,0,11.55606443592716,503555447238,warm_cpu_to_warm_disk_process
1691338902.488,2023-08-06 16:21:42.488,1,96.87,26251812,0.999999999476131,0,11.55606443592716,503555587606,warm_cpu_to_warm_disk_process
1691338902.813,2023-08-06 16:21:42.813,1,87.94,26251848,0.875000000814893,0,11.570097797042727,503555727868,warm_cpu_to_warm_disk_process
1691338903.093,2023-08-06 16:21:43.093,1,62.53,26251848,0.875000000814893,0,11.570097797042727,503556013248,warm_cpu_to_warm_disk_process
1691338903.372,2023-08-06 16:21:43.372,1,66.57,26251884,0.875000000814893,0,11.570097797042727,503556166314,warm_cpu_to_warm_disk_process
1691338903.652,2023-08-06 16:21:43.652,1,65.1,26251920,0.875000000814893,0,11.570097797042727,503556302714,warm_cpu_to_warm_disk_process
1691338903.93,2023-08-06 16:21:43.930,1,67.68,26251920,1.4375000006111947,0,11.583631273009958,503556442940,warm_cpu_to_warm_disk_process
1691338904.213,2023-08-06 16:21:44.213,1,90.96,26251920,1.4375000006111947,0,11.583631273009958,503556730454,warm_cpu_to_warm_disk_process
1691338904.493,2023-08-06 16:21:44.493,1,88.41,26251956,1.4375000006111947,0,11.583631273009958,503556872339,warm_cpu_to_warm_disk_process
1691338904.774,2023-08-06 16:21:44.774,1,87.54,26251992,1.9375000010768417,0,11.50920934751089,503557010575,warm_cpu_to_warm_disk_process
1691338905.053,2023-08-06 16:21:45.053,1,67.08,26252028,1.9375000010768417,0,11.50920934751089,503557240738,warm_cpu_to_warm_disk_process
1691338905.351,2023-08-06 16:21:45.351,1,62.91,26252028,1.9375000010768417,0,11.50920934751089,503557856838,warm_cpu_to_warm_disk_process
1691338905.626,2023-08-06 16:21:45.626,1,72.6,26252028,1.9375000010768417,0,11.50920934751089,503558020193,warm_cpu_to_warm_disk_process
1691338905.907,2023-08-06 16:21:45.907,1,66.41,26252064,1.3124999997671694,0,11.55779574546531,503558161065,warm_cpu_to_warm_disk_process
1691338906.194,2023-08-06 16:21:46.194,1,82.84,26252100,1.3124999997671694,0,11.55779574546531,503558346569,warm_cpu_to_warm_disk_process
1691338906.471,2023-08-06 16:21:46.471,1,84.48,26252136,1.3124999997671694,0,11.55779574546531,503558605257,warm_cpu_to_warm_disk_process
1691338906.752,2023-08-06 16:21:46.752,1,84.78,26252136,1.3124999997671694,0,11.55779574546531,503558740207,warm_cpu_to_warm_disk_process
1691338907.037,2023-08-06 16:21:47.037,1,66.56,26252172,1.7499999972642541,0,11.541884766963298,503559062162,warm_cpu_to_warm_disk_process
1691338931.808,2023-08-06 16:22:11.808,1,138.31,26254764,9.37499999927239,0.37,15.583102613984787,503609082630,active_to_warm_disk_process
1691338932.117,2023-08-06 16:22:12.117,1,138.98,26254800,9.37499999927239,0.37,15.583102613984787,503609712526,active_to_warm_disk_process
1691338932.517,2023-08-06 16:22:12.517,1,134.29,26254872,9.37499999927239,0.37,15.583102613984787,503611492078,active_to_warm_disk_process
1691338933.131,2023-08-06 16:22:13.131,1,127.27,26254944,9.562500000174609,0.37,15.596367858896809,503614869592,active_to_warm_disk_process
1691338933.471,2023-08-06 16:22:13.471,1,136.79,26255016,9.562500000174609,0.38,15.596367858896809,503615478663,active_to_warm_disk_process
1691338933.759,2023-08-06 16:22:13.759,1,136.28,26255016,9.562500000174609,0.38,15.593368548006776,503615667402,active_to_warm_disk_process
1691338934.045,2023-08-06 16:22:14.045,1,126.5,26255088,9.125000001949957,0.38,15.593368548006776,503615802243,active_to_warm_disk_process
1691338934.331,2023-08-06 16:22:14.331,1,108.59,26255088,9.125000001949957,0.38,15.593368548006776,503616093445,active_to_warm_disk_process
1691338934.614,2023-08-06 16:22:14.614,1,96.45,26255124,9.125000001949957,0.37,15.593368548006776,503616229627,active_to_warm_disk_process
1691338934.892,2023-08-06 16:22:14.892,1,89.92,26255160,3.3124999987194315,0.37,11.540555804007957,503616365710,active_to_warm_disk_process
1691338935.216,2023-08-06 16:22:15.216,1,89.03,26255160,3.3124999987194315,0.37,11.540555804007957,503616646714,active_to_warm_disk_process
1691338935.489,2023-08-06 16:22:15.489,1,96.42,26255232,3.3124999987194315,0.08,11.540555804007957,503616889482,active_to_warm_disk_process
1691338935.776,2023-08-06 16:22:15.776,1,84.74,26255232,1.062499998806743,0.08,11.555674281665041,503617080954,active_to_warm_disk_process
1691338936.055,2023-08-06 16:22:16.055,1,74.12,26255268,1.062499998806743,0.08,11.555674281665041,503617207860,active_to_warm_disk_process
1691338936.334,2023-08-06 16:22:16.334,1,85.53,26255268,1.062499998806743,0.08,11.555674281665041,503617431195,active_to_warm_disk_process
1691338936.614,2023-08-06 16:22:16.614,1,89.61,26255304,1.062499998806743,0,11.555674281665041,503617630503,active_to_warm_disk_process
1691338936.892,2023-08-06 16:22:16.892,1,78.65,26255340,2.0624999990104698,0,11.546066732960378,503617782567,active_to_warm_disk_process
1691338937.182,2023-08-06 16:22:17.182,1,80.96,26255340,2.0624999990104698,0,11.546066732960378,503618038917,active_to_warm_disk_process
1691338937.472,2023-08-06 16:22:17.472,1,89.82,26255376,2.0624999990104698,0,11.546066732960378,503618339160,active_to_warm_disk_process
1691338937.752,2023-08-06 16:22:17.752,1,82.85,26255412,2.0624999990104698,0,11.546066732960378,503618491740,active_to_warm_disk_process
1691338938.616,2023-08-06 16:22:18.616,1,75.52,26255448,1.3750000012805828,0,11.55851509238609,503618753472,active_to_warm_disk_process
1691338941.935,2023-08-06 16:22:21.935,1,62.07,26255700,1.0000000009313226,0,11.553625971788922,503619293220,active_to_warm_disk_process
1691338945.714,2023-08-06 16:22:25.714,1,72.17,26255988,1.624999999330612,0,11.584594466344562,503620007023,active_to_warm_disk_process
1691338949.408,2023-08-06 16:22:29.408,1,82.35,26256276,1.375000000552987,0,11.555613320061585,503620732191,active_to_warm_disk_process
1691338952.56,2023-08-06 16:22:32.560,1,66.37,26256492,1.2500000004365575,0,11.569890527590978,503621257989,active_to_warm_disk_process
1691338954.517,2023-08-06 16:22:34.517,1,68.42,26256636,0.06250000005820766,0,11.606699143757702,503621634386,active_to_warm_disk_process
1691338957.885,2023-08-06 16:22:37.885,1,81.73,26256924,2.0000000011350636,0,11.56594021568703,503622083539,active_to_warm_disk_process
1691338958.858,2023-08-06 16:22:38.858,1,61.21,26256996,1.624999999330612,0,11.585655198244696,503622739961,active_to_warm_disk_process
1691338959.138,2023-08-06 16:22:39.138,1,57.63,26256996,1.624999999330612,0,11.585655198244696,503623104518,active_to_warm_disk_process
1691338959.5,2023-08-06 16:22:39.500,1,89.66,26257032,1.624999999330612,0,11.585655198244696,503623542904,active_to_warm_disk_process
1691338959.783,2023-08-06 16:22:39.783,1,81.76,26257032,1.187499999650754,0,11.57071960539798,503623683143,active_to_warm_disk_process
1691338960.058,2023-08-06 16:22:40.058,1,56.69,26257068,1.187499999650754,0,11.57071960539798,503623823403,active_to_warm_disk_process
1691338960.336,2023-08-06 16:22:40.336,1,68.35,26257068,1.187499999650754,0,11.57071960539798,503624103510,active_to_warm_disk_process
1691338960.615,2023-08-06 16:22:40.615,1,69.34,26257104,1.187499999650754,0,11.57071960539798,503624290960,active_to_warm_disk_process
1691338960.894,2023-08-06 16:22:40.894,1,63.03,26257140,0.5000000004656471,0,11.586825661031051,503624449625,active_to_warm_disk_process
1691338961.176,2023-08-06 16:22:41.176,1,57.54,26257140,0.5000000004656471,0,11.586825661031051,503624590537,active_to_warm_disk_process
1691338961.459,2023-08-06 16:22:41.459,1,90.89,26257176,0.5000000004656471,0,11.586825661031051,503624909627,active_to_warm_disk_process
1691338961.737,2023-08-06 16:22:41.737,1,82.37,26257176,0.5000000004656471,0,11.586825661031051,503625029971,active_to_warm_disk_process
1691338962.018,2023-08-06 16:22:42.018,1,64.65,26257212,2.249999998457511,0,11.57632807291593,503625179287,active_to_warm_disk_process
1691338962.292,2023-08-06 16:22:42.292,1,62.52,26257212,2.249999998457511,0,11.57632807291593,503625301194,active_to_warm_disk_process
1691338962.565,2023-08-06 16:22:42.565,1,73.6,26257248,2.249999998457511,0,11.57632807291593,503625633779,active_to_warm_disk_process
1691338962.844,2023-08-06 16:22:42.844,1,60.05,26257248,1.2500000011641674,0,11.564940445390352,503625774479,active_to_warm_disk_process
1691338963.13,2023-08-06 16:22:43.130,1,99.01,26257284,1.2500000011641674,0,11.564940445390352,503625968949,active_to_warm_disk_process
