1691421686.704,2023-08-07 15:21:26.704,0,1.125,0,6.999999999970896,0,29.676691224927094,581065119735,cold_to_warm_disk_process
1691421688.125,2023-08-07 15:21:28.125,1,2.542,0,27.000000000407454,0,29.84519219765519,581070395450,cold_to_warm_disk_process
1691421689.239,2023-08-07 15:21:29.239,1,2.558,0,57.499999998981366,0,29.944240778813864,581073172906,cold_to_warm_disk_process
1691421690.312,2023-08-07 15:21:30.312,1,1.685,0,28.00000000061118,0,29.85742528935208,581075163747,cold_to_warm_disk_process
1691421691.384,2023-08-07 15:21:31.384,1,1.628,0,18.250000000261934,0,29.890967637553224,581077380273,cold_to_warm_disk_process
1691421692.462,2023-08-07 15:21:32.462,1,2.704,0,27.99999999915599,0,30.02415049070482,581079472160,cold_to_warm_disk_process
1691421693.536,2023-08-07 15:21:33.536,1,2.307,0,27.99999999915599,0,30.02415049070482,581081626515,cold_to_warm_disk_process
1691421694.607,2023-08-07 15:21:34.607,1,2.672,0,52.74999999892316,0,29.965550035318117,581083861432,cold_to_warm_disk_process
1691421695.677,2023-08-07 15:21:35.677,1,3.677,0,52.000000000407454,0,30.09419480606603,581086007943,cold_to_warm_disk_process
1691421696.749,2023-08-07 15:21:36.749,1,3.173,0,55.25000000052387,0,30.299000438023604,581088102057,cold_to_warm_disk_process
1691421697.849,2023-08-07 15:21:37.849,1,2.725,0,57.74999999994179,0,30.47125026143301,581090185246,cold_to_warm_disk_process
1691421698.934,2023-08-07 15:21:38.934,1,2.72,0,31.249999999272404,0,30.852843799203665,581092457330,cold_to_warm_disk_process
1691421700.003,2023-08-07 15:21:40.003,1,3.338,0,61.50000000052387,0,30.498676063785705,581094709214,cold_to_warm_disk_process
1691421701.08,2023-08-07 15:21:41.080,1,2.704,0,59.249999999883585,0,30.6517870179274,581097000682,cold_to_warm_disk_process
1691421702.159,2023-08-07 15:21:42.159,1,3.277,0,78.00000000061118,0,30.663625493763096,581099249896,cold_to_warm_disk_process
1691421703.258,2023-08-07 15:21:43.258,1,2.411,0,84.49999999938882,0,30.716109403301356,581101443016,cold_to_warm_disk_process
1691421705.965,2023-08-07 15:21:45.965,1,2.526,0,63.50000000020373,0,30.759122532171055,581102941713,cold_to_warm_disk_process
1691421707.351,2023-08-07 15:21:47.351,1,2.146,0,66.24999999985448,0,30.721831333288613,581104967350,cold_to_warm_disk_process
1691421708.443,2023-08-07 15:21:48.443,1,2.479,0,60.249999999359716,0,30.363717439258753,581106734799,cold_to_warm_disk_process
1691421709.572,2023-08-07 15:21:49.572,1,2.255,0,64.74999999991269,0,31.481072250218023,581109059889,cold_to_warm_disk_process
1691421710.648,2023-08-07 15:21:50.648,1,3.152,0,60.25000000008731,0,30.367466289940058,581111219584,cold_to_warm_disk_process
1691421711.72,2023-08-07 15:21:51.720,1,2.088,0,57.7499999992142,0,30.450138312859348,581113448059,cold_to_warm_disk_process
1691421712.792,2023-08-07 15:21:52.792,1,2.036,0,49.00000000052387,0,30.38482938783241,581115643899,cold_to_warm_disk_process
1691421713.927,2023-08-07 15:21:53.927,1,1.999,0,37.5,0,30.29821120630123,581117751073,cold_to_warm_disk_process
1691421715.014,2023-08-07 15:21:55.014,1,1.988,0,37.750000000960426,0,30.2563819250151,581119914006,cold_to_warm_disk_process
1691421716.084,2023-08-07 15:21:56.084,1,1.983,0,37.5,0,30.23724305574738,581122111862,cold_to_warm_disk_process
1691421717.158,2023-08-07 15:21:57.158,1,2.114,0,29.780876493125277,0,30.24947614744427,581124449099,cold_to_warm_disk_process
1691421718.252,2023-08-07 15:21:58.252,1,2.088,0,33.98594377498351,0,30.2678257849896,581126530312,cold_to_warm_disk_process
1691421719.329,2023-08-07 15:21:59.329,1,1.983,0,52.999999999883585,0,30.25717115673747,581128800855,cold_to_warm_disk_process
1691421720.402,2023-08-07 15:22:00.402,1,2.542,0,73.24999999982538,0,30.244148833318206,581131064342,cold_to_warm_disk_process
1691421721.473,2023-08-07 15:22:01.473,1,2.875,0,68.24999999953434,0,30.28716196218791,581133231390,cold_to_warm_disk_process
1691421722.559,2023-08-07 15:22:02.559,1,2.422,0,60.75000000055297,0,30.24987076330546,581135509895,cold_to_warm_disk_process
1691421723.631,2023-08-07 15:22:03.631,1,1.983,0,55.500000000029104,0,30.222839576813946,581137619377,cold_to_warm_disk_process
1691421724.706,2023-08-07 15:22:04.706,1,2.015,0,52.500000000873115,0,30.227377659217638,581139845744,cold_to_warm_disk_process
1691421725.799,2023-08-07 15:22:05.799,1,2.104,0,31.249999999272404,0,30.253619613986764,581142077021,cold_to_warm_disk_process
1691421726.879,2023-08-07 15:22:06.879,1,1.978,0,33.24999999895226,0,30.271969251532095,581144041510,cold_to_warm_disk_process
1691421727.952,2023-08-07 15:22:07.952,1,2.02,0,32.25000000093132,0,30.269601556364954,581146309225,cold_to_warm_disk_process
1691421729.043,2023-08-07 15:22:09.043,1,2.109,0,34.00000000037835,0,30.242964985734638,581148460802,cold_to_warm_disk_process
1691421730.139,2023-08-07 15:22:10.139,1,2.041,0,31.249999999272404,0,30.241386522289876,581151361693,cold_to_warm_disk_process
1691421731.211,2023-08-07 15:22:11.211,1,2.088,0,38.99999999994179,0,30.524326094763055,581153500043,cold_to_warm_disk_process
1691421732.282,2023-08-07 15:22:12.282,1,2.777,0,56.000000000494765,0,30.419555583617132,581155660152,cold_to_warm_disk_process
1691421733.374,2023-08-07 15:22:13.374,1,2.067,0,36.99999999953434,0,30.4323805991058,581157963933,cold_to_warm_disk_process
1691421734.475,2023-08-07 15:22:14.475,1,2.469,0,35.499999999592546,0,30.404165565030723,581159893930,cold_to_warm_disk_process
1691421735.573,2023-08-07 15:22:15.573,1,2.182,0,39.249999999447034,0,30.284991574951363,581161977863,cold_to_warm_disk_process
1691421736.647,2023-08-07 15:22:16.647,1,3.837,0,56.000000000494765,0,30.287359270118504,581164265661,cold_to_warm_disk_process
1691421737.725,2023-08-07 15:22:17.725,1,4.148,0,63.50000000020373,0,30.51110646341319,581166481400,cold_to_warm_disk_process
1691421738.844,2023-08-07 15:22:18.844,1,2.74,0,81.49999999950523,0,30.59417310219367,581168579235,cold_to_warm_disk_process
1691421739.915,2023-08-07 15:22:19.915,1,2.74,0,82.50000000043656,0,30.97793702720087,581170760206,cold_to_warm_disk_process
1691421740.989,2023-08-07 15:22:20.989,1,2.025,0,86.00000000005821,0,30.89960577875467,581172819786,cold_to_warm_disk_process
1691421742.072,2023-08-07 15:22:22.072,1,2.51,0,80.24999999979627,0,31.293827024083402,581175064819,cold_to_warm_disk_process
1691421743.147,2023-08-07 15:22:23.147,1,2.098,0,88.2499999999709,0,30.87770459845863,581177193130,cold_to_warm_disk_process
1691421744.218,2023-08-07 15:22:24.218,1,2.489,0,82.25000000020373,0,30.78437794728721,581179448045,cold_to_warm_disk_process
1691421745.297,2023-08-07 15:22:25.297,1,2.61,0,68.24999999953434,0,30.751822138739044,581181496007,cold_to_warm_disk_process
1691421746.375,2023-08-07 15:22:26.375,1,2.172,0,77.99999999988358,0,30.58036154705202,581183730318,cold_to_warm_disk_process
1691421747.457,2023-08-07 15:22:27.457,1,2.375,0,57.99999999944703,0,30.586478092900464,581185954679,cold_to_warm_disk_process
1691421748.531,2023-08-07 15:22:28.531,1,2.589,0,64.75000000064028,0,30.585688861178085,581188172444,cold_to_warm_disk_process
1691421749.621,2023-08-07 15:22:29.621,1,2.135,0,53.00000000061118,0,30.580756162913215,581190260765,cold_to_warm_disk_process
1691421750.718,2023-08-07 15:22:30.718,1,2.24,0,50.7499999992433,0,30.5302453326809,581192315432,cold_to_warm_disk_process
1691421751.789,2023-08-07 15:22:31.789,1,2.531,0,88.50000000020373,0,30.559446906408954,581194444648,cold_to_warm_disk_process
1691421752.867,2023-08-07 15:22:32.867,1,2.709,0,87.99999999901047,0,31.658452079822897,581196710611,cold_to_warm_disk_process
1691421753.94,2023-08-07 15:22:33.940,1,2.37,0,69.4999999999709,0,30.585688861178085,581198925863,cold_to_warm_disk_process
1691421755.024,2023-08-07 15:22:35.024,1,2.423,0,82.25000000093132,0,30.590424251512367,581201149418,cold_to_warm_disk_process
1691421756.112,2023-08-07 15:22:36.112,1,2.647,0,79.00000000008731,0,30.547805738503854,581203344128,cold_to_warm_disk_process
1691421757.195,2023-08-07 15:22:37.195,1,2.381,0,71.74999999915599,0,30.537940341974107,581205478343,cold_to_warm_disk_process
1691421758.27,2023-08-07 15:22:38.270,1,2.61,0,77.00000000040745,0,30.562209217437285,581207621734,cold_to_warm_disk_process
1691421759.342,2023-08-07 15:22:39.342,1,2.396,0,70.99999999991269,0,30.518801472706393,581209830409,cold_to_warm_disk_process
1691421760.426,2023-08-07 15:22:40.426,1,2.266,0,84.50000000011642,0,30.533994183362207,581211953850,cold_to_warm_disk_process
1691421761.502,2023-08-07 15:22:41.502,1,2.771,0,71.25000000087311,0,30.68256705510021,581214124423,cold_to_warm_disk_process
1691421762.572,2023-08-07 15:22:42.572,1,2.479,0,66.49999999935972,0,30.584110397733326,581216309654,cold_to_warm_disk_process
1691421763.641,2023-08-07 15:22:43.641,1,2.192,0,79.00000000008731,0,30.651589709996802,581218590088,cold_to_warm_disk_process
1691421764.712,2023-08-07 15:22:44.712,1,2.61,0,73.99999999979627,0,30.632450840729092,581220789359,cold_to_warm_disk_process
1691421765.833,2023-08-07 15:22:45.833,1,2.208,0,71.49999999965075,0,30.773131395243304,581222571122,cold_to_warm_disk_process
1691421766.908,2023-08-07 15:22:46.908,1,2.307,0,83.00000000017462,0,30.74452174530703,581224692651,cold_to_warm_disk_process
1691421767.977,2023-08-07 15:22:47.977,1,2.24,0,87.00000000026193,0,30.73505096463847,581226908792,cold_to_warm_disk_process
1691421769.073,2023-08-07 15:22:49.073,1,2.792,0,85.75000000055297,0,30.836467240964282,581229089069,cold_to_warm_disk_process
1691421770.152,2023-08-07 15:22:50.152,1,2.526,0,73.49999999933061,0,30.897040775656937,581231353244,cold_to_warm_disk_process
1691421771.23,2023-08-07 15:22:51.230,1,2.402,0,72.49999999985448,0,30.97162317342183,581233486370,cold_to_warm_disk_process
1691421772.302,2023-08-07 15:22:52.302,1,3.396,0,76.49999999994179,0,31.00417898197,581235698556,cold_to_warm_disk_process
1691421773.384,2023-08-07 15:22:53.384,1,3.879,0,76.00000000020373,0,31.500605735346927,581237904297,cold_to_warm_disk_process
1691421774.712,2023-08-07 15:22:54.712,1,3.873,0,83.49999999918509,0,31.49882996397157,581239328591,cold_to_warm_disk_process
1691421775.999,2023-08-07 15:22:55.999,1,3.266,0,80.00000000029104,0,30.63324007245147,581240163788,cold_to_warm_disk_process
1691421777.831,2023-08-07 15:22:57.831,1,2.401,0,81.00000000049477,0,30.767014849394858,581242470184,cold_to_warm_disk_process
1691421778.902,2023-08-07 15:22:58.902,1,2.334,0,83.00000000017462,0,30.707230546424586,581244493203,cold_to_warm_disk_process
1691421779.98,2023-08-07 15:22:59.980,1,2.437,0,77.99999999988358,0,30.81515798446003,581246609085,cold_to_warm_disk_process
1691421781.067,2023-08-07 15:23:01.067,1,3.099,0,67.99999999930151,0,30.78378602349543,581248910275,cold_to_warm_disk_process
1691421782.145,2023-08-07 15:23:02.145,1,2.219,0,67.75000000125146,0,30.786351026593163,581250946714,cold_to_warm_disk_process
1691421783.221,2023-08-07 15:23:03.221,1,2.364,0,70.2499999992142,0,30.82877223167108,581253161033,cold_to_warm_disk_process
1691421784.299,2023-08-07 15:23:04.299,1,2.307,0,55.25000000052387,0,30.80095181345719,581255382453,cold_to_warm_disk_process
1691421785.37,2023-08-07 15:23:05.370,1,3.172,0,75.25000000023283,0,31.647205527778983,581257374528,cold_to_warm_disk_process
1691421786.48,2023-08-07 15:23:06.480,1,2.964,0,83.24999999967986,0,31.95875475018843,581259553628,cold_to_warm_disk_process
1691421787.559,2023-08-07 15:23:07.559,1,2.114,0,80.5000000000291,0,31.929947792321567,581261763462,cold_to_warm_disk_process
1691421788.63,2023-08-07 15:23:08.630,1,3.277,0,87.5000000007276,0,31.973355537052456,581263911034,cold_to_warm_disk_process
1691421789.7,2023-08-07 15:23:09.700,1,2.463,0,82.99999999944703,0,32.21683352340664,581266121797,cold_to_warm_disk_process
1691421790.778,2023-08-07 15:23:10.778,1,3.681,0,87.00000000026193,0,32.681888315818966,581268408046,cold_to_warm_disk_process
1691421791.857,2023-08-07 15:23:11.857,1,2.453,0,98.74999999956344,0,32.473728449041275,581270564053,cold_to_warm_disk_process
1691421792.945,2023-08-07 15:23:12.945,1,2.787,0,81.25,0,32.41946876812767,581272764810,cold_to_warm_disk_process
1691421794.019,2023-08-07 15:23:14.019,1,3.734,0,85.74999999982538,0,32.39500258473389,581274995267,cold_to_warm_disk_process
1691421795.093,2023-08-07 15:23:15.093,1,2.787,0,95.50000000090222,0,32.57198779847757,581277187504,cold_to_warm_disk_process
1691421796.164,2023-08-07 15:23:16.164,1,2.266,0,88.50000000020373,0,32.329299043845765,581279436260,cold_to_warm_disk_process
1691421797.24,2023-08-07 15:23:17.240,1,2.334,0,97.99999999959255,0,32.06234141375079,581281529939,cold_to_warm_disk_process
1691421798.311,2023-08-07 15:23:18.311,1,3.198,0,82.7499999992142,0,31.960727829494378,581283736460,cold_to_warm_disk_process
1691421799.385,2023-08-07 15:23:19.385,1,2.974,0,81.50000000023283,0,30.91065502286799,581285992339,cold_to_warm_disk_process
1691421800.456,2023-08-07 15:23:20.456,1,2.636,0,61.750000000029104,0,30.68039666786367,581288231513,cold_to_warm_disk_process
1691421801.525,2023-08-07 15:23:21.525,1,2.865,0,59.750000000349246,0,30.73248596154074,581290431994,cold_to_warm_disk_process
1691421802.596,2023-08-07 15:23:22.596,1,2.636,0,72.24999999962165,0,30.824628765128587,581292299471,cold_to_warm_disk_process
1691421803.667,2023-08-07 15:23:23.667,1,2.427,0,78.75000000058208,0,30.771355623867947,581294557045,cold_to_warm_disk_process
1691421804.75,2023-08-07 15:23:24.750,1,2.578,0,61.25000000029104,0,30.689867448532226,581296724909,cold_to_warm_disk_process
1691421805.829,2023-08-07 15:23:25.829,1,3.313,0,75.99999999947613,0,30.72419902845575,581298926702,cold_to_warm_disk_process
1691421806.915,2023-08-07 15:23:26.915,1,2.505,0,70.49999999944703,0,30.797400270706483,581301208971,cold_to_warm_disk_process
1691421808.012,2023-08-07 15:23:28.012,1,2.604,0,61.7500000007567,0,30.764449846297122,581303352458,cold_to_warm_disk_process
1691421809.084,2023-08-07 15:23:29.084,1,2.631,0,68.25000000026193,0,30.723212488802776,581305559214,cold_to_warm_disk_process
1691421810.164,2023-08-07 15:23:30.164,1,2.49,0,66.50000000008731,0,30.673688198223438,581307792654,cold_to_warm_disk_process
1691421811.241,2023-08-07 15:23:31.241,1,2.427,0,61.99999999953434,0,30.65790356377584,581309902832,cold_to_warm_disk_process
1691421812.343,2023-08-07 15:23:32.343,1,2.636,0,59.249999999883585,0,30.55550074779706,581312082170,cold_to_warm_disk_process
1691421813.452,2023-08-07 15:23:33.452,1,3.094,0,75.99999999947613,0,30.642118929328245,581314272733,cold_to_warm_disk_process
1691421814.591,2023-08-07 15:23:34.591,1,2.605,0,77.50000000014552,0,30.71314978434243,581316581322,cold_to_warm_disk_process
1691421815.663,2023-08-07 15:23:35.663,1,2.485,0,81.2500000007276,0,30.715122863648382,581318599797,cold_to_warm_disk_process
1691421816.738,2023-08-07 15:23:36.738,1,2.495,0,77.74999999965075,0,30.911641562520963,581320848212,cold_to_warm_disk_process
1691421817.822,2023-08-07 15:23:37.822,1,2.709,0,83.49999999991269,0,30.913220025965728,581322806962,cold_to_warm_disk_process
1691421818.899,2023-08-07 15:23:38.899,1,3.338,0,79.50000000055297,0,31.050940961521007,581324998414,cold_to_warm_disk_process
1691421819.983,2023-08-07 15:23:39.983,1,2.506,0,83.24999999967986,0,31.014241686430346,581327046399,cold_to_warm_disk_process
1691421821.057,2023-08-07 15:23:41.057,1,2.699,0,76.00000000020373,0,31.063568669079082,581329184307,cold_to_warm_disk_process
1691421822.129,2023-08-07 15:23:42.129,1,2.39,0,81.49999999950523,0,31.272123151717963,581331369602,cold_to_warm_disk_process
1691421823.206,2023-08-07 15:23:43.206,1,2.741,0,67.25000000005821,0,30.22639111956466,581333460673,cold_to_warm_disk_process
1691421824.282,2023-08-07 15:23:44.282,1,2.276,0,48.75000000029104,0,30.224812656119898,581335627569,cold_to_warm_disk_process
1691421825.355,2023-08-07 15:23:45.355,1,2.495,0,51.942231075871135,0,30.19166492377995,581337876818,cold_to_warm_disk_process
1691421826.432,2023-08-07 15:23:46.432,1,2.244,0,42.2500000007858,0,30.163055273843675,581340131794,cold_to_warm_disk_process
1691421827.505,2023-08-07 15:23:47.505,1,2.604,0,52.75000000037835,0,30.186337609653886,581342369213,cold_to_warm_disk_process
1691421828.597,2023-08-07 15:23:48.597,1,2.062,0,50.249999999505235,0,30.18456183827853,581344353261,cold_to_warm_disk_process
1691421829.693,2023-08-07 15:23:49.693,1,2.104,0,29.250000000320142,0,30.123396379794087,581346595458,cold_to_warm_disk_process
1691421830.764,2023-08-07 15:23:50.764,1,2.401,0,30.249999999796273,0,30.123199071863493,581348702336,cold_to_warm_disk_process
1691421831.838,2023-08-07 15:23:51.838,1,1.999,0,30.750000000261934,0,30.136813319074545,581350970695,cold_to_warm_disk_process
1691421832.913,2023-08-07 15:23:52.913,1,2.067,0,34.00000000037835,0,30.130696773226102,581352987476,cold_to_warm_disk_process
1691421833.995,2023-08-07 15:23:53.995,1,2.077,0,51.99999999895226,0,31.121379892743413,581355143854,cold_to_warm_disk_process
1691421835.07,2023-08-07 15:23:55.070,1,1.978,0,48.50000000005821,0,30.17351259416521,581357377776,cold_to_warm_disk_process
1691421836.145,2023-08-07 15:23:56.145,1,2.229,0,34.00000000037835,0,30.17193413072045,581359539571,cold_to_warm_disk_process
1691421837.229,2023-08-07 15:23:57.229,1,2.109,0,38.74999999970896,0,30.149046410771437,581361792962,cold_to_warm_disk_process
1691421838.38,2023-08-07 15:23:58.380,1,2.255,0,30.75000000098953,0,30.15003295042441,581363918191,cold_to_warm_disk_process
1691421839.471,2023-08-07 15:23:59.471,1,2.422,0,29.499999999825377,0,30.16976374348391,581366047350,cold_to_warm_disk_process
1691421840.546,2023-08-07 15:24:00.546,1,2.062,0,30.5000000007567,0,30.163647197635463,581368215362,cold_to_warm_disk_process
1691421841.626,2023-08-07 15:24:01.626,1,2.219,0,32.99999999944703,0,30.157530651787017,581370470481,cold_to_warm_disk_process
1691421842.703,2023-08-07 15:24:02.703,1,2.662,0,41.50000000081491,0,30.183575298625552,581372678551,cold_to_warm_disk_process
1691421843.796,2023-08-07 15:24:03.796,1,4.029,0,52.99999999915599,0,30.17627490519354,581374734242,cold_to_warm_disk_process
1691421844.868,2023-08-07 15:24:04.868,1,2.761,0,75.50000000046566,0,31.02805324157199,581376885230,cold_to_warm_disk_process
1691421845.94,2023-08-07 15:24:05.940,1,2.448,0,51.25000000043656,0,30.13898370631109,581379106291,cold_to_warm_disk_process
1691421847.017,2023-08-07 15:24:07.017,1,2.286,0,35.74999999909778,0,30.223431500605734,581381349887,cold_to_warm_disk_process
1691421848.086,2023-08-07 15:24:08.086,1,2.046,0,38.249999999970896,0,30.156544112134043,581383454703,cold_to_warm_disk_process
1691421849.162,2023-08-07 15:24:09.162,1,2.02,0,32.75000000066939,0,30.15950373109297,581385464782,cold_to_warm_disk_process
1691421850.242,2023-08-07 15:24:10.242,1,1.973,0,31.249999999272404,0,30.137997166658113,581387645651,cold_to_warm_disk_process
1691421851.32,2023-08-07 15:24:11.320,1,1.988,0,46.50000000037835,0,30.095378653649608,581389916993,cold_to_warm_disk_process
1691421852.393,2023-08-07 15:24:12.393,1,2.84,0,58.49999999991269,0,30.16266065798249,581392171253,cold_to_warm_disk_process
1691421853.467,2023-08-07 15:24:13.467,1,2.469,0,31.00000000122236,0,30.11984483704338,581394327283,cold_to_warm_disk_process
1691421854.557,2023-08-07 15:24:14.557,1,2.401,0,31.749999999738066,0,30.109190208791254,581396523103,cold_to_warm_disk_process
1691421855.637,2023-08-07 15:24:15.637,1,2.406,0,45.49999999944703,0,31.26028467588226,581398733391,cold_to_warm_disk_process
1691421856.713,2023-08-07 15:24:16.713,1,2.662,0,39.74999999991269,0,30.133064468393243,581400894933,cold_to_warm_disk_process
1691421857.783,2023-08-07 15:24:17.783,1,2.151,0,40.250000001105946,0,30.1660148928026,581403194594,cold_to_warm_disk_process
1691421858.868,2023-08-07 15:24:18.868,1,1.968,0,38.499999998748535,0,30.127934462197775,581405412349,cold_to_warm_disk_process
1691421859.975,2023-08-07 15:24:19.975,1,1.999,0,29.250000001047738,0,30.10840097706887,581407561599,cold_to_warm_disk_process
1691421861.09,2023-08-07 15:24:21.090,1,2.072,0,32.74999999994179,0,30.112939059472556,581409760326,cold_to_warm_disk_process
1691421862.159,2023-08-07 15:24:22.159,1,2.526,0,34.24999999915599,0,30.136813319074545,581411937199,cold_to_warm_disk_process
1691421863.282,2023-08-07 15:24:23.282,1,2.046,0,46.25000000014552,0,30.10386289466519,581414169408,cold_to_warm_disk_process
1691421864.354,2023-08-07 15:24:24.354,1,2.177,0,32.95114656026101,0,30.122804456002306,581416317609,cold_to_warm_disk_process
1691421865.429,2023-08-07 15:24:25.429,1,1.962,0,28.49999999962165,0,30.16147681039892,581418543078,cold_to_warm_disk_process
1691421866.5,2023-08-07 15:24:26.500,1,2.699,0,54.49999999982538,0,30.237637671608574,581420789377,cold_to_warm_disk_process
1691421867.572,2023-08-07 15:24:27.572,1,3.308,0,54.75000000005821,0,30.438891760815434,581423054634,cold_to_warm_disk_process
1691421868.669,2023-08-07 15:24:28.669,1,3.769,0,48.50000000005821,0,30.391143241611452,581425072611,cold_to_warm_disk_process
1691421869.763,2023-08-07 15:24:29.763,1,4.256,0,61.24999999956344,0,30.529258793027925,581427297352,cold_to_warm_disk_process
1691421870.847,2023-08-07 15:24:30.847,1,3.972,0,73.75000000029104,0,30.77747216971639,581429494172,cold_to_warm_disk_process
1691421871.917,2023-08-07 15:24:31.917,1,3.204,0,69.24999999973807,0,30.90572232460311,581431652329,cold_to_warm_disk_process
1691421873.001,2023-08-07 15:24:33.001,1,2.375,0,72.25000000034925,0,31.26363891070238,581433781009,cold_to_warm_disk_process
1691421874.079,2023-08-07 15:24:34.079,1,2.077,0,70.75000000040745,0,31.70107059283141,581436026589,cold_to_warm_disk_process
1691421875.153,2023-08-07 15:24:35.153,1,2.015,0,62.249999999039574,0,31.685088650453213,581438162643,cold_to_warm_disk_process
1691421876.225,2023-08-07 15:24:36.225,1,2.041,0,48.750000001018634,0,31.609717020965938,581440410916,cold_to_warm_disk_process
1691421877.304,2023-08-07 15:24:37.304,1,2.636,0,48.24999999909778,0,31.692980967677016,581442617728,cold_to_warm_disk_process
1691421878.387,2023-08-07 15:24:38.387,1,2.683,0,87.99999999901047,0,31.836818449080745,581444627583,cold_to_warm_disk_process
1691421879.467,2023-08-07 15:24:39.467,1,2.375,0,90.00000000087311,0,31.61504433509201,581446083789,cold_to_warm_disk_process
1691421880.55,2023-08-07 15:24:40.550,1,2.531,0,82.49999999970896,0,31.527044998046648,581447905806,cold_to_warm_disk_process
1691421881.628,2023-08-07 15:24:41.628,1,2.422,0,80.99999999976717,0,31.321647442297294,581450187781,cold_to_warm_disk_process
1691421882.697,2023-08-07 15:24:42.697,1,2.542,0,95.24999999994179,0,31.234437336974324,581452323010,cold_to_warm_disk_process
1691421883.775,2023-08-07 15:24:43.775,1,2.292,0,91.99999999982538,0,31.341575543287387,581454668556,cold_to_warm_disk_process
1691421884.851,2023-08-07 15:24:44.851,1,2.077,0,88.99999999994179,0,31.311584737836952,581456843392,cold_to_warm_disk_process
1691421885.95,2023-08-07 15:24:45.950,1,2.479,0,75.7499999999709,0,31.32460706125622,581459086057,cold_to_warm_disk_process
1691421887.039,2023-08-07 15:24:47.039,1,2.36,0,86.50000000052387,0,31.567887739679808,581461348703,cold_to_warm_disk_process
1691421888.127,2023-08-07 15:24:48.127,1,2.63,0,77.75000000037835,0,31.614847027161407,581463503967,cold_to_warm_disk_process
1691421889.2,2023-08-07 15:24:49.200,1,2.192,0,86.24999999956344,0,31.915741621318727,581465735610,cold_to_warm_disk_process
1691421890.272,2023-08-07 15:24:50.272,1,2.349,0,92.25000000005821,0,31.693178275607607,581467847281,cold_to_warm_disk_process
1691421891.354,2023-08-07 15:24:51.354,1,2.74,0,97.49999999985448,0,31.642272829514113,581470062181,cold_to_warm_disk_process
1691421892.434,2023-08-07 15:24:52.434,1,2.735,0,93.0000000000291,0,31.922647398889552,581472317582,cold_to_warm_disk_process
1691421893.504,2023-08-07 15:24:53.504,1,2.74,0,88.00000000046566,0,31.78058568886118,581474543286,cold_to_warm_disk_process
1691421894.574,2023-08-07 15:24:54.574,1,2.782,0,80.24999999979627,0,31.07106637044169,581476780810,cold_to_warm_disk_process
1691421895.651,2023-08-07 15:24:55.651,1,3.718,0,77.25000000064028,0,31.01128206747142,581478906561,cold_to_warm_disk_process
1691421896.731,2023-08-07 15:24:56.731,1,2.563,0,79.74999999933061,0,31.050940961521007,581480849593,cold_to_warm_disk_process
1691421897.804,2023-08-07 15:24:57.804,1,2.506,0,75.49999999901047,0,30.91716618457762,581483178978,cold_to_warm_disk_process
1691421898.876,2023-08-07 15:24:58.876,1,1.999,0,62.500000000727596,0,30.91992849560595,581485291045,cold_to_warm_disk_process
1691421899.955,2023-08-07 15:24:59.955,1,2.203,0,62.000000000261934,0,30.98938088717538,581487552769,cold_to_warm_disk_process
1691421901.043,2023-08-07 15:25:01.043,1,2.213,0,81.25,0,30.982672417535152,581489806099,cold_to_warm_disk_process
1691421902.114,2023-08-07 15:25:02.114,1,2.234,0,59.999999999126885,0,30.935515822122955,581491997415,cold_to_warm_disk_process
1691421903.187,2023-08-07 15:25:03.187,1,2.339,0,60.50000000032014,0,30.847516485077602,581494186025,cold_to_warm_disk_process
1691421904.263,2023-08-07 15:25:04.263,1,3.177,0,70.99999999991269,0,31.03712940637936,581496362010,cold_to_warm_disk_process
1691421905.333,2023-08-07 15:25:05.333,1,2.943,0,77.50000000014552,0,31.541843092841276,581498526047,cold_to_warm_disk_process
1691421906.416,2023-08-07 15:25:06.416,1,2.824,0,69.24999999973807,0,30.762279459060576,581500728337,cold_to_warm_disk_process
1691421907.501,2023-08-07 15:25:07.501,1,3.406,0,76.99999999967986,0,30.732288653610144,581502905814,cold_to_warm_disk_process
1691421908.571,2023-08-07 15:25:08.571,1,2.61,0,74.2500000007567,0,30.613311971461382,581505058057,cold_to_warm_disk_process
1691421909.718,2023-08-07 15:25:09.718,1,2.495,0,44.999999998981366,0,30.591213483234746,581507848856,cold_to_warm_disk_process
1691421911.097,2023-08-07 15:25:11.097,1,2.636,0,60.50000000032014,0,30.187324149306853,581508583207,cold_to_warm_disk_process
1691421913.337,2023-08-07 15:25:13.337,1,2.641,0,71.50000000037835,0,30.313995840748824,581509785036,cold_to_warm_disk_process
1691421914.41,2023-08-07 15:25:14.410,1,2.464,0,66.75000000032014,0,30.491770286214887,581511484817,cold_to_warm_disk_process
1691421915.492,2023-08-07 15:25:15.492,1,4.614,0,97.99999999959255,0,31.533556159756287,581513721724,cold_to_warm_disk_process
1691421916.568,2023-08-07 15:25:16.568,1,2.5,0,73.00000000032014,0,30.5302453326809,581515881690,cold_to_warm_disk_process
1691421917.639,2023-08-07 15:25:17.639,1,2.344,0,62.5,0,30.49709760034095,581517884371,cold_to_warm_disk_process
1691421918.708,2023-08-07 15:25:18.708,1,2.422,0,64.74999999918509,0,30.481904889685136,581520005573,cold_to_warm_disk_process
1691421919.788,2023-08-07 15:25:19.788,1,2.437,0,62.500000000727596,0,30.437707913231865,581522229368,cold_to_warm_disk_process
1691421920.861,2023-08-07 15:25:20.861,1,2.313,0,77.24999999918509,0,30.497492216202136,581524466562,cold_to_warm_disk_process
1691421921.933,2023-08-07 15:25:21.933,1,2.37,0,68.49999999976717,0,30.496505676549162,581526697049,cold_to_warm_disk_process
1691421923.021,2023-08-07 15:25:23.021,1,2.631,0,67.2500000007858,0,30.457241398360768,581528887631,cold_to_warm_disk_process
1691421924.092,2023-08-07 15:25:24.092,1,2.484,0,70.75000000040745,0,30.447967925622805,581531101675,cold_to_warm_disk_process
1691421925.161,2023-08-07 15:25:25.161,1,2.464,0,63.2499999992433,0,30.419752891547724,581533157155,cold_to_warm_disk_process
1691421926.233,2023-08-07 15:25:26.233,1,2.407,0,64.25000000017462,0,30.39745709539049,581535402498,cold_to_warm_disk_process
1691421927.412,2023-08-07 15:25:27.412,1,2.756,0,76.75000000017462,0,30.632450840729092,581537696654,cold_to_warm_disk_process
1691421928.586,2023-08-07 15:25:28.586,1,2.422,0,70.75000000040745,0,30.2640769343083,581539877623,cold_to_warm_disk_process
1691421929.657,2023-08-07 15:25:29.657,1,2.009,0,53.75000000058208,0,30.262695778794136,581542097512,cold_to_warm_disk_process
1691421930.761,2023-08-07 15:25:30.761,1,2.15,0,44.74999999947613,0,30.26368231844711,581544635968,cold_to_warm_disk_process
1691421931.836,2023-08-07 15:25:31.836,1,2.125,0,51.25000000043656,0,30.311036221789898,581546821638,cold_to_warm_disk_process
1691421932.913,2023-08-07 15:25:32.913,1,2.146,0,55.99999999976717,0,30.390748625750263,581548770309,cold_to_warm_disk_process
1691421933.989,2023-08-07 15:25:33.989,1,3.375,0,69.25000000046566,0,30.424882897743196,581551069194,cold_to_warm_disk_process
1691421935.069,2023-08-07 15:25:35.069,1,2.474,0,64.99999999941792,0,30.56911499500811,581553285947,cold_to_warm_disk_process
1691421936.151,2023-08-07 15:25:36.151,1,2.51,0,73.74999999956344,0,30.723212488802776,581555393966,cold_to_warm_disk_process
1691421937.227,2023-08-07 15:25:37.227,1,2.051,0,58.24999999967986,0,30.69953553713138,581557653973,cold_to_warm_disk_process
1691421938.304,2023-08-07 15:25:38.304,1,3.099,0,64.75000000064028,0,30.70880900986934,581559790834,cold_to_warm_disk_process
1691421939.383,2023-08-07 15:25:39.383,1,2.489,0,62.6865671641791,0,31.334077841924778,581562021833,cold_to_warm_disk_process
1691421940.454,2023-08-07 15:25:40.454,1,3.786,0,61.49999999906868,0,30.830745310977033,581564279619,cold_to_warm_disk_process
1691421941.531,2023-08-07 15:25:41.531,1,2.563,0,37.250000000494765,0,30.02395318277423,581566392664,cold_to_warm_disk_process
1691421942.613,2023-08-07 15:25:42.613,1,2.793,0,37.5,0,30.020007024162332,581568691663,cold_to_warm_disk_process
1691421943.685,2023-08-07 15:25:43.685,1,2.37,0,40.249999999650754,0,30.078015555757247,581570917548,cold_to_warm_disk_process
1691421944.758,2023-08-07 15:25:44.758,1,3.713,0,44.000000000960426,0,30.31222006937347,581573090566,cold_to_warm_disk_process
1691421945.831,2023-08-07 15:25:45.831,1,3.385,0,58.24999999967986,0,30.354838582381984,581575320507,cold_to_warm_disk_process
1691421946.908,2023-08-07 15:25:46.908,1,3.634,0,52.24999999918509,0,30.156938727995232,581577529218,cold_to_warm_disk_process
1691421947.977,2023-08-07 15:25:47.977,1,4.081,0,59.50000000084401,0,30.492362210006668,581579746234,cold_to_warm_disk_process
1691421949.059,2023-08-07 15:25:49.059,1,2.85,0,68.99999999950523,0,30.815552600321215,581581859872,cold_to_warm_disk_process
1691421950.142,2023-08-07 15:25:50.142,1,2.437,0,64.50000000040745,0,30.887372687057784,581584197385,cold_to_warm_disk_process
1691421951.212,2023-08-07 15:25:51.212,1,2.615,0,55.999999999039574,0,30.865866122622933,581586427276,cold_to_warm_disk_process
1691421952.283,2023-08-07 15:25:52.283,1,2.313,0,64.25000000090222,0,30.766225617672475,581588482150,cold_to_warm_disk_process
1691421953.356,2023-08-07 15:25:53.356,1,2.61,0,70.50000000090222,0,30.86843112572067,581590721520,cold_to_warm_disk_process
1691421954.439,2023-08-07 15:25:54.439,1,2.772,0,65.99999999889405,0,31.1257206672165,581592864378,cold_to_warm_disk_process
1691421955.513,2023-08-07 15:25:55.513,1,2.599,0,59.750000000349246,0,31.147227231651346,581594918084,cold_to_warm_disk_process
1691421956.586,2023-08-07 15:25:56.586,1,2.73,0,75.0000000007276,0,31.16222263437657,581597099497,cold_to_warm_disk_process
1691421957.656,2023-08-07 15:25:57.656,1,2.402,0,83.49999999918509,0,31.165774177127275,581599338837,cold_to_warm_disk_process
1691421958.764,2023-08-07 15:25:58.764,1,2.355,0,79.24999999959255,0,31.302311265098993,581601495416,cold_to_warm_disk_process
1691421959.844,2023-08-07 15:25:59.844,1,2.151,0,93.0000000007567,0,31.3019166492378,581603729366,cold_to_warm_disk_process
1691421960.915,2023-08-07 15:26:00.915,1,2.187,0,92.74999999979627,0,31.255154669686792,581605882634,cold_to_warm_disk_process
1691421961.994,2023-08-07 15:26:01.994,1,2.261,0,74.2500000000291,0,31.022528619515334,581608048941,cold_to_warm_disk_process
1691421963.076,2023-08-07 15:26:03.076,1,2.792,0,80.99999999976717,0,31.017793229181052,581610335701,cold_to_warm_disk_process
1691421964.16,2023-08-07 15:26:04.160,1,3.261,0,89.49999999967986,0,31.211352309094714,581612556984,cold_to_warm_disk_process
1691421965.244,2023-08-07 15:26:05.244,1,2.412,0,86.7500000000291,0,31.319674362991346,581614672317,cold_to_warm_disk_process
1691421966.316,2023-08-07 15:26:06.316,1,2.787,0,86.49999999979627,0,31.332696686410618,581616829282,cold_to_warm_disk_process
1691421967.389,2023-08-07 15:26:07.389,1,2.135,0,77.00000000040745,0,31.33782669260608,581618971218,cold_to_warm_disk_process
1691421968.517,2023-08-07 15:26:08.517,1,2.308,0,80.24999999906868,0,31.47909917091208,581621290818,cold_to_warm_disk_process
1691421969.59,2023-08-07 15:26:09.590,1,2.62,0,77.50000000014552,0,31.48955649123361,581623331901,cold_to_warm_disk_process
1691421970.666,2023-08-07 15:26:10.666,1,2.584,0,86.00000000005821,0,30.62317736799113,581625611628,cold_to_warm_disk_process
1691421971.736,2023-08-07 15:26:11.736,1,3.0,0,79.00000000008731,0,30.593975794263073,581627646943,cold_to_warm_disk_process
1691421972.813,2023-08-07 15:26:12.813,1,2.219,0,66.75000000032014,0,30.63166160900671,581629915516,cold_to_warm_disk_process
1691421973.896,2023-08-07 15:26:13.896,1,2.119,0,69.4999999999709,0,30.519985320289965,581632242525,cold_to_warm_disk_process
1691421974.982,2023-08-07 15:26:14.982,1,2.323,0,65.49999999988358,0,30.510119923760215,581634164661,cold_to_warm_disk_process
1691421976.101,2023-08-07 15:26:16.101,1,2.318,0,75.75000000069849,0,30.55194920504635,581636507513,cold_to_warm_disk_process
1691421977.171,2023-08-07 15:26:17.171,1,2.573,0,83.25000000040745,0,30.55214651297694,581638657708,cold_to_warm_disk_process
1691421978.246,2023-08-07 15:26:18.246,1,2.579,0,80.24999999979627,0,30.569706918799895,581640783484,cold_to_warm_disk_process
1691421979.319,2023-08-07 15:26:19.319,1,2.344,0,75.24999999950523,0,30.570496150522274,581642990673,cold_to_warm_disk_process
1691421980.391,2023-08-07 15:26:20.391,1,3.656,0,72.99999999959255,0,30.767014849394858,581645228199,cold_to_warm_disk_process
1691421981.471,2023-08-07 15:26:21.471,1,3.547,0,90.25000000037835,0,30.570890766383464,581647450947,cold_to_warm_disk_process
1691421982.547,2023-08-07 15:26:22.547,1,2.745,0,79.74999999933061,0,30.481510273823947,581649697895,cold_to_warm_disk_process
1691421983.623,2023-08-07 15:26:23.623,1,3.089,0,68.50000000122236,0,30.352273579284244,581651734305,cold_to_warm_disk_process
1691421984.698,2023-08-07 15:26:24.698,1,2.339,0,74.2500000000291,0,30.240597290567493,581653961811,cold_to_warm_disk_process
1691421985.779,2023-08-07 15:26:25.779,1,2.396,0,64.75000000064028,0,30.247700376068913,581655786495,cold_to_warm_disk_process
1691421986.858,2023-08-07 15:26:26.858,1,2.244,0,75.7499999992433,0,30.26683924533663,581657877081,cold_to_warm_disk_process
1691421987.926,2023-08-07 15:26:27.926,1,2.088,0,84.74999999962165,0,30.27848041324173,581660144025,cold_to_warm_disk_process
1691421988.998,2023-08-07 15:26:28.998,1,2.714,0,57.74999999994179,0,30.284991574951363,581662392210,cold_to_warm_disk_process
1691421990.089,2023-08-07 15:26:30.089,1,2.37,0,76.50000000066939,0,30.255198077431523,581664564795,cold_to_warm_disk_process
1691421991.174,2023-08-07 15:26:31.174,1,2.422,0,65.99999999962165,0,30.217512262687883,581666864405,cold_to_warm_disk_process
1691421992.246,2023-08-07 15:26:32.246,1,2.527,0,71.74999999988358,0,30.26427424223889,581669019429,cold_to_warm_disk_process
1691421993.317,2023-08-07 15:26:33.317,1,2.615,0,80.74999999953434,0,30.454479087332437,581671283446,cold_to_warm_disk_process
1691421994.4,2023-08-07 15:26:34.400,1,2.854,0,70.49999999944703,0,30.591213483234746,581673522368,cold_to_warm_disk_process
1691421995.491,2023-08-07 15:26:35.491,1,2.657,0,68.0000000000291,0,30.602460035278657,581675648997,cold_to_warm_disk_process
1691421996.569,2023-08-07 15:26:36.569,1,3.021,0,75,0,30.656917024122865,581677800039,cold_to_warm_disk_process
1691421997.64,2023-08-07 15:26:37.640,1,3.821,0,76.00000000020373,0,30.729329034651222,581680017962,cold_to_warm_disk_process
1691421998.715,2023-08-07 15:26:38.715,1,3.769,0,84.74999999962165,0,31.271531227926175,581682227484,cold_to_warm_disk_process
1691421999.785,2023-08-07 15:26:39.785,1,2.286,0,83.00000000090222,0,30.939264672804256,581684420572,cold_to_warm_disk_process
1691422000.867,2023-08-07 15:26:40.867,1,2.292,0,85.49999999959255,0,30.984250880979907,581686581615,cold_to_warm_disk_process
1691422001.953,2023-08-07 15:26:41.953,1,2.5,0,84.50000000011642,0,30.969452786185286,581688894917,cold_to_warm_disk_process
1691422003.03,2023-08-07 15:26:43.030,1,2.422,0,84.99999999912689,0,31.097308325210825,581691110347,cold_to_warm_disk_process
1691422004.103,2023-08-07 15:26:44.103,1,3.826,0,87.00000000098953,0,31.27015007241201,581693342897,cold_to_warm_disk_process
1691422005.175,2023-08-07 15:26:45.175,1,2.381,0,71.74999999915599,0,30.250462687097247,581695522668,cold_to_warm_disk_process
1691422006.256,2023-08-07 15:26:46.256,1,3.432,0,60.50000000032014,0,30.332937402085943,581697549573,cold_to_warm_disk_process
1691422007.361,2023-08-07 15:26:47.361,1,2.605,0,51.49999999994179,0,30.26743116912841,581699935896,cold_to_warm_disk_process
1691422008.438,2023-08-07 15:26:48.438,1,3.125,0,70.74999999967986,0,30.218301494410266,581702163937,cold_to_warm_disk_process
1691422009.508,2023-08-07 15:26:49.508,1,2.845,0,65.75000000011642,0,30.186732225515073,581704249272,cold_to_warm_disk_process
1691422010.578,2023-08-07 15:26:50.578,1,3.021,0,68.49999999976717,0,30.202319552032076,581706555562,cold_to_warm_disk_process
1691422011.655,2023-08-07 15:26:51.655,1,3.104,0,63.74999999970896,0,30.218893418202054,581708661432,cold_to_warm_disk_process
1691422012.734,2023-08-07 15:26:52.734,1,2.792,0,68.24999999953434,0,30.2834131115066,581711152133,cold_to_warm_disk_process
1691422013.805,2023-08-07 15:26:53.805,1,2.375,0,72.00000000084401,0,30.269206940503768,581713140657,cold_to_warm_disk_process
1691422014.876,2023-08-07 15:26:54.876,1,2.229,0,66.74999999959255,0,30.318533923152508,581715402773,cold_to_warm_disk_process
1691422015.951,2023-08-07 15:26:55.951,1,2.151,0,64.25000000017462,0,30.31735007556894,581717621017,cold_to_warm_disk_process
1691422017.027,2023-08-07 15:26:57.027,1,2.13,0,46.50000000037835,0,30.33412124966951,581719729306,cold_to_warm_disk_process
1691422018.155,2023-08-07 15:26:58.155,1,3.64,0,54.00000000008731,0,30.360165896508047,581722059382,cold_to_warm_disk_process
1691422019.225,2023-08-07 15:26:59.225,1,3.92,0,65.99999999962165,0,30.300184285607173,581724311622,cold_to_warm_disk_process
1691422020.296,2023-08-07 15:27:00.296,1,2.14,0,69.74999999947613,0,30.350300499978296,581726460553,cold_to_warm_disk_process
1691422021.376,2023-08-07 15:27:01.376,1,3.177,0,77.74999999965075,0,30.43415637048115,581728664644,cold_to_warm_disk_process
1691422022.528,2023-08-07 15:27:02.528,1,3.687,0,74.50000000026193,0,30.510119923760215,581730920119,cold_to_warm_disk_process
1691422023.61,2023-08-07 15:27:03.610,1,2.339,0,77.99999999988358,0,30.609563120780077,581733146068,cold_to_warm_disk_process
1691422024.683,2023-08-07 15:27:04.683,1,2.448,0,93.50000000049477,0,30.600684263903304,581735368496,cold_to_warm_disk_process
1691422025.761,2023-08-07 15:27:05.761,1,3.047,0,86.99999999953434,0,30.63481853589623,581737575612,cold_to_warm_disk_process
1691422026.844,2023-08-07 15:27:06.844,1,2.224,0,79.00000000008731,0,30.661652414457148,581739713568,cold_to_warm_disk_process
1691422027.934,2023-08-07 15:27:07.934,1,3.209,0,92.25000000005821,0,30.714333631926,581741896242,cold_to_warm_disk_process
1691422029.012,2023-08-07 15:27:09.012,1,2.552,0,87.24999999976717,0,30.918941955952977,581744087552,cold_to_warm_disk_process
1691422030.092,2023-08-07 15:27:10.092,1,3.463,0,68.99999999950523,0,30.07742363196546,581746281211,cold_to_warm_disk_process
1691422031.166,2023-08-07 15:27:11.166,1,2.521,0,60.00000000058208,0,30.004025081784135,581748528452,cold_to_warm_disk_process
1691422032.261,2023-08-07 15:27:12.261,1,2.265,0,56.9999999992433,0,30.1583198835094,581750737836,cold_to_warm_disk_process
1691422033.344,2023-08-07 15:27:13.344,1,2.292,0,68.25000000026193,0,30.12497484323885,581752919809,cold_to_warm_disk_process
1691422034.42,2023-08-07 15:27:14.420,1,2.349,0,72.49999999985448,0,30.143324480784177,581755114698,cold_to_warm_disk_process
1691422035.495,2023-08-07 15:27:15.495,1,3.058,0,68.0000000007567,0,30.12892100185075,581757332863,cold_to_warm_disk_process
1691422036.569,2023-08-07 15:27:16.569,1,2.166,0,57.24999999947613,0,30.15240064559155,581759491593,cold_to_warm_disk_process
1691422037.69,2023-08-07 15:27:17.690,1,2.004,0,60.2500000015425,0,30.147073331465485,581761674755,cold_to_warm_disk_process
1691422038.82,2023-08-07 15:27:18.820,1,2.051,0,63.9999999992142,0,30.069334006811072,581764009503,cold_to_warm_disk_process
1691422039.892,2023-08-07 15:27:19.892,1,2.035,0,72.00000000011642,0,31.022528619515334,581766223378,cold_to_warm_disk_process
1691422040.968,2023-08-07 15:27:20.968,1,2.579,0,81.74999999973807,0,30.69835168954781,581768471114,cold_to_warm_disk_process
1691422042.042,2023-08-07 15:27:22.042,1,2.871,0,76.24999999970896,0,30.88362383637648,581770642881,cold_to_warm_disk_process
1691422043.112,2023-08-07 15:27:23.112,1,2.302,0,80.00000000029104,0,31.090205239709405,581772879820,cold_to_warm_disk_process
1691422044.182,2023-08-07 15:27:24.182,1,3.666,0,79.49999999982538,0,30.11984483704338,581774952996,cold_to_warm_disk_process
1691422045.253,2023-08-07 15:27:25.253,1,3.333,0,69.75000000020373,0,30.17903721622187,581777050941,cold_to_warm_disk_process
1691422046.325,2023-08-07 15:27:26.325,1,2.437,0,63.99999999994179,0,30.482102197615728,581779201677,cold_to_warm_disk_process
1691422047.421,2023-08-07 15:27:27.421,1,2.63,0,65.00000000014552,0,30.703087079882092,581781461388,cold_to_warm_disk_process
1691422048.51,2023-08-07 15:27:28.510,1,2.72,0,62.250000000494765,0,30.66184972238774,581783686516,cold_to_warm_disk_process
1691422049.594,2023-08-07 15:27:29.594,1,2.318,0,64.49999999967986,0,30.6517870179274,581785890070,cold_to_warm_disk_process
1691422050.672,2023-08-07 15:27:30.672,1,2.391,0,64.49999999967986,0,30.623769291782914,581788099826,cold_to_warm_disk_process
1691422051.742,2023-08-07 15:27:31.742,1,2.171,0,66.49999999935972,0,30.556092671588843,581790284989,cold_to_warm_disk_process
1691422052.821,2023-08-07 15:27:32.821,1,2.088,0,52.749999999650754,0,30.416595964658207,581792553287,cold_to_warm_disk_process
1691422053.893,2023-08-07 15:27:33.893,1,2.114,0,61.7500000007567,0,30.584110397733326,581794527170,cold_to_warm_disk_process
1691422054.963,2023-08-07 15:27:34.963,1,2.36,0,67.99999999930151,0,30.41107134260154,581796749543,cold_to_warm_disk_process
1691422056.036,2023-08-07 15:27:36.036,1,2.641,0,78.25000000084401,0,30.415806732935824,581798961034,cold_to_warm_disk_process
1691422057.105,2023-08-07 15:27:37.105,1,3.026,0,80.24999999979627,0,30.490191822770125,581801151318,cold_to_warm_disk_process
1691422058.184,2023-08-07 15:27:38.184,1,2.14,0,81.00000000049477,0,30.605419654237583,581803215079,cold_to_warm_disk_process
1691422059.271,2023-08-07 15:27:39.271,1,2.125,0,70.74999999967986,0,30.646657011731932,581805356332,cold_to_warm_disk_process
1691422060.346,2023-08-07 15:27:40.346,1,2.516,0,85.74999999982538,0,30.666782420652616,581807561002,cold_to_warm_disk_process
1691422061.417,2023-08-07 15:27:41.417,1,4.241,0,61.0000000007858,0,31.089021392125836,581809811588,cold_to_warm_disk_process
1691422062.494,2023-08-07 15:27:42.494,1,3.204,0,79.99999999956344,0,30.166212200733195,581811943108,cold_to_warm_disk_process
1691422063.576,2023-08-07 15:27:43.576,1,2.626,0,61.49999999979627,0,30.28282118771482,581814179048,cold_to_warm_disk_process
1691422064.653,2023-08-07 15:27:44.653,1,2.948,0,63.249999999970896,0,30.36884744545422,581816405716,cold_to_warm_disk_process
1691422065.742,2023-08-07 15:27:45.742,1,2.527,0,65.49999999988358,0,30.299789669745987,581818311616,cold_to_warm_disk_process
1691422066.817,2023-08-07 15:27:46.817,1,2.271,0,53.74999999985448,0,30.31300930109585,581820561465,cold_to_warm_disk_process
1691422067.902,2023-08-07 15:27:47.902,1,2.526,0,55.750000000261934,0,30.222642268883355,581822732655,cold_to_warm_disk_process
1691422068.971,2023-08-07 15:27:48.971,1,2.641,0,52.75000000037835,0,30.080383250924385,581824961257,cold_to_warm_disk_process
1691422070.043,2023-08-07 15:27:50.043,1,2.375,0,56.499999999505235,0,30.053549372363474,581827101562,cold_to_warm_disk_process
1691422071.111,2023-08-07 15:27:51.111,1,2.198,0,66.00000000034925,0,30.048024750306812,581829326215,cold_to_warm_disk_process
1691422072.182,2023-08-07 15:27:52.182,1,3.125,0,68.49999999976717,0,30.070715162325236,581831592349,cold_to_warm_disk_process
1691422073.255,2023-08-07 15:27:53.255,1,2.375,0,72.74999999935972,0,30.232507665413106,581833781428,cold_to_warm_disk_process
1691422074.329,2023-08-07 15:27:54.329,1,3.53,0,74.75000000122236,0,30.29110812079981,581835905432,cold_to_warm_disk_process
1691422075.434,2023-08-07 15:27:55.434,1,2.297,0,68.49999999903957,0,30.506371073078913,581838140649,cold_to_warm_disk_process
1691422076.527,2023-08-07 15:27:56.527,1,3.183,0,69.4999999999709,0,30.839821475784397,581840231970,cold_to_warm_disk_process
1691422077.602,2023-08-07 15:27:57.602,1,2.542,0,76.00000000093132,0,31.068304059413364,581842466595,cold_to_warm_disk_process
1691422078.683,2023-08-07 15:27:58.683,1,3.104,0,79.24999999959255,0,31.126312591008283,581844682916,cold_to_warm_disk_process
1691422079.759,2023-08-07 15:27:59.759,1,2.766,0,81.25,0,31.289683557540908,581846906459,cold_to_warm_disk_process
1691422080.833,2023-08-07 15:28:00.833,1,2.407,0,84.75000000034925,0,31.591761999281797,581848999213,cold_to_warm_disk_process
1691422081.904,2023-08-07 15:28:01.904,1,2.307,0,83.99999999965075,0,31.71586868762603,581851252255,cold_to_warm_disk_process
1691422082.974,2023-08-07 15:28:02.974,1,2.109,0,79.49999999982538,0,31.320463594713726,581853468668,cold_to_warm_disk_process
1691422084.071,2023-08-07 15:28:04.071,1,3.178,0,80.5000000000291,0,31.40787100796729,581855649089,cold_to_warm_disk_process
1691422085.162,2023-08-07 15:28:05.162,1,2.803,0,81.50000000023283,0,31.85497077869548,581857894969,cold_to_warm_disk_process
1691422086.232,2023-08-07 15:28:06.232,1,3.505,0,75.7499999992433,0,31.297378566834116,581860082726,cold_to_warm_disk_process
1691422087.304,2023-08-07 15:28:07.304,1,3.64,0,74.75000000049477,0,30.53991342128006,581862191118,cold_to_warm_disk_process
1691422088.384,2023-08-07 15:28:08.384,1,3.956,0,75.49999999973807,0,30.5772046201625,581864116827,cold_to_warm_disk_process
1691422089.47,2023-08-07 15:28:09.470,1,2.5,0,72.75000000081491,0,30.541689192655408,581866915410,cold_to_warm_disk_process
1691422090.564,2023-08-07 15:28:10.564,1,2.761,0,67.24999999933061,0,30.585886169108683,581869209691,cold_to_warm_disk_process
1691422091.637,2023-08-07 15:28:11.637,1,2.49,0,71.75000000061118,0,30.451124852512322,581871334334,cold_to_warm_disk_process
1691422092.708,2023-08-07 15:28:12.708,1,2.912,0,73.00000000032014,0,30.50479260963415,581873505232,cold_to_warm_disk_process
1691422093.797,2023-08-07 15:28:13.797,1,2.662,0,61.74999999930151,0,30.51307954271914,581875816457,cold_to_warm_disk_process
1691422094.875,2023-08-07 15:28:14.875,1,2.636,0,72.74999999935972,0,30.55411959228289,581877700888,cold_to_warm_disk_process
1691422095.954,2023-08-07 15:28:15.954,1,2.938,0,50.25000000023283,0,30.589043095998203,581879894635,cold_to_warm_disk_process
1691422097.028,2023-08-07 15:28:17.028,1,2.735,0,65.00000000014552,0,31.00496821369238,581882089232,cold_to_warm_disk_process
1691422098.098,2023-08-07 15:28:18.098,1,2.453,0,77.74999999965075,0,31.51264151911322,581884229587,cold_to_warm_disk_process
1691422099.173,2023-08-07 15:28:19.173,1,2.276,0,75.25000000096043,0,31.509484592223703,581886441937,cold_to_warm_disk_process
1691422100.249,2023-08-07 15:28:20.249,1,2.344,0,73.50000000005821,0,31.47850724712029,581888537853,cold_to_warm_disk_process
1691422101.319,2023-08-07 15:28:21.319,1,2.161,0,66.24999999985448,0,31.16715533264144,581890667064,cold_to_warm_disk_process
1691422102.392,2023-08-07 15:28:22.392,1,4.359,0,67.74999999979627,0,31.327172064353952,581892907093,cold_to_warm_disk_process
1691422103.465,2023-08-07 15:28:23.465,1,3.146,0,83.75000000014552,0,30.965112011712197,581895132010,cold_to_warm_disk_process
1691422104.541,2023-08-07 15:28:24.541,1,2.313,0,73.74999999956344,0,31.127299130661257,581897220183,cold_to_warm_disk_process
1691422105.614,2023-08-07 15:28:25.614,1,2.792,0,73.00000000104774,0,30.89644885186515,581899368371,cold_to_warm_disk_process
1691422106.686,2023-08-07 15:28:26.686,1,2.479,0,55.24999999906868,0,30.091432495037708,581901512925,cold_to_warm_disk_process
1691422107.76,2023-08-07 15:28:27.760,1,2.437,0,41.249999999126885,0,30.109387516721846,581903796527,cold_to_warm_disk_process
1691422108.87,2023-08-07 15:28:28.870,1,2.14,0,58.00000000017462,0,30.34359203033807,581906165283,cold_to_warm_disk_process
1691422109.967,2023-08-07 15:28:29.967,1,2.838,0,58.500000000640284,0,30.192059539641136,581908277054,cold_to_warm_disk_process
1691422111.048,2023-08-07 15:28:31.048,1,2.662,0,71.99999999938882,0,30.062625537170838,581910399944,cold_to_warm_disk_process
1691422112.118,2023-08-07 15:28:32.118,1,2.547,0,71.25000000014552,0,30.05749553097537,581912519926,cold_to_warm_disk_process
1691422113.19,2023-08-07 15:28:33.190,1,2.098,0,57.7499999992142,0,30.035397042748734,581914399935,cold_to_warm_disk_process
1691422116.004,2023-08-07 15:28:36.004,1,2.495,0,72.99999999959255,0,30.05453591201645,581915192876,cold_to_warm_disk_process
1691422117.824,2023-08-07 15:28:37.824,1,3.442,0,72.75000000008731,0,30.345367801713426,581917377742,cold_to_warm_disk_process
1691422118.899,2023-08-07 15:28:38.899,1,2.709,0,70.99999999918509,0,30.451914084234698,581919609144,cold_to_warm_disk_process
1691422119.978,2023-08-07 15:28:39.978,1,2.531,0,82.74999999994179,0,30.513671466510928,581921819494,cold_to_warm_disk_process
1691422121.094,2023-08-07 15:28:41.094,1,2.584,0,67.2500000007858,0,30.513671466510928,581923748414,cold_to_warm_disk_process
1691422122.176,2023-08-07 15:28:42.176,1,3.157,0,80.49999999930151,0,31.00891437230428,581925806932,cold_to_warm_disk_process
1691422123.245,2023-08-07 15:28:43.245,1,2.818,0,86.25000000029104,0,30.73939173911156,581928069289,cold_to_warm_disk_process
1691422124.385,2023-08-07 15:28:44.385,1,2.787,0,84.00000000110595,0,30.873955747777327,581930411542,cold_to_warm_disk_process
1691422125.462,2023-08-07 15:28:45.462,1,2.969,0,70.74999999967986,0,30.225404579911686,581932562649,cold_to_warm_disk_process
1691422126.534,2023-08-07 15:28:46.534,1,2.604,0,66.75000000032014,0,30.275126178421612,581934729622,cold_to_warm_disk_process
1691422127.614,2023-08-07 15:28:47.614,1,3.38,0,54.99999999883585,0,30.12872369392015,581936979546,cold_to_warm_disk_process
1691422128.803,2023-08-07 15:28:48.803,1,2.5,0,57.75000000066939,0,30.133459084254433,581939223202,cold_to_warm_disk_process
1691422129.874,2023-08-07 15:28:49.874,1,2.198,0,49.250000000029104,0,30.080975174716173,581941455713,cold_to_warm_disk_process
1691422130.966,2023-08-07 15:28:50.966,1,2.167,0,51.74999999944703,0,30.08196171436915,581943517950,cold_to_warm_disk_process
1691422132.044,2023-08-07 15:28:52.044,1,2.088,0,51.49999999994179,0,29.960617337053247,581945759393,cold_to_warm_disk_process
1691422133.115,2023-08-07 15:28:53.115,1,2.093,0,56.50000000023283,0,29.960222721192054,581947869488,cold_to_warm_disk_process
1691422134.188,2023-08-07 15:28:54.188,1,2.036,0,53.49999999962165,0,29.960617337053247,581950092544,cold_to_warm_disk_process
1691422135.258,2023-08-07 15:28:55.258,1,4.417,0,53.75000000058208,0,29.974428892194894,581952275919,cold_to_warm_disk_process
1691422136.341,2023-08-07 15:28:56.341,1,2.088,0,58.999999999650754,0,31.0941513983213,581954460479,cold_to_warm_disk_process
1691422137.416,2023-08-07 15:28:57.416,1,3.219,0,58.74999999941792,0,30.058876686489537,581956519164,cold_to_warm_disk_process
1691422138.493,2023-08-07 15:28:58.493,1,2.349,0,54.7500000007858,0,30.00737931660425,581958801061,cold_to_warm_disk_process
1691422139.564,2023-08-07 15:28:59.564,1,2.458,0,42.49999999956344,0,30.00303854213116,581960941754,cold_to_warm_disk_process
1691422140.638,2023-08-07 15:29:00.638,1,2.104,0,43.24999999953434,0,30.002249310408786,581963172712,cold_to_warm_disk_process
1691422141.713,2023-08-07 15:29:01.713,1,2.088,0,33.500000000640284,0,29.986070060099994,581965231269,cold_to_warm_disk_process
1691422142.8,2023-08-07 15:29:02.800,1,2.025,0,33.75000000014552,0,29.986070060099994,581967519869,cold_to_warm_disk_process
1691422143.879,2023-08-07 15:29:03.879,1,2.109,0,30.499999999301508,0,29.982913133210477,581969728365,cold_to_warm_disk_process
1691422144.952,2023-08-07 15:29:04.952,1,2.062,0,33.250000000407454,0,29.946213858119812,581971934059,cold_to_warm_disk_process
1691422146.044,2023-08-07 15:29:06.044,1,4.427,0,34.99999999985448,0,29.965747343248715,581974156735,cold_to_warm_disk_process
1691422147.275,2023-08-07 15:29:07.275,1,2.229,0,63.249999999970896,0,30.330372398988203,581976252605,cold_to_warm_disk_process
1691422148.37,2023-08-07 15:29:08.370,1,2.907,0,39.49203187268388,0,30.399627482627032,581978426647,cold_to_warm_disk_process
1691422149.447,2023-08-07 15:29:09.447,1,2.5,0,38.99999999994179,0,30.338264716212006,581980639040,cold_to_warm_disk_process
1691422150.525,2023-08-07 15:29:10.525,1,3.567,0,42.74999999979627,0,30.441456763913166,581982723980,cold_to_warm_disk_process
1691422151.626,2023-08-07 15:29:11.626,1,2.229,0,48.74999999956344,0,31.085667157305718,581985287248,cold_to_warm_disk_process
1691422152.735,2023-08-07 15:29:12.735,1,2.724,0,32.25000000093132,0,31.609125097174157,581987607548,cold_to_warm_disk_process
1691422153.844,2023-08-07 15:29:13.844,1,3.468,0,31.249999999272404,0,33.47072542233763,581989867397,cold_to_warm_disk_process
1691422154.958,2023-08-07 15:29:14.958,1,2.792,0,36.50000000052387,0,48.669947239859354,581992237699,cold_to_warm_disk_process
1691422156.073,2023-08-07 15:29:16.073,1,2.735,0,26.999999999679858,0,54.078946849189656,581994498324,cold_to_warm_disk_process
1691422157.254,2023-08-07 15:29:17.254,1,4.427,0,34.24999999915599,0,58.55527187059757,581996718489,cold_to_warm_disk_process
1691422158.369,2023-08-07 15:29:18.369,1,4.081,0,80.00000000174623,0,63.58978102765862,581999090222,cold_to_warm_disk_process
1691422159.479,2023-08-07 15:29:19.479,1,3.173,0,43.000000000029104,0,76.80112544443611,582001362782,cold_to_warm_disk_process
1691422160.587,2023-08-07 15:29:20.587,1,2.985,0,56.9999999992433,0,82.38336141682879,582003711372,cold_to_warm_disk_process
1691422161.696,2023-08-07 15:29:21.696,1,2.756,0,78.75000000058208,0,82.43229378361634,582006031462,cold_to_warm_disk_process
1691422162.851,2023-08-07 15:29:22.851,1,3.743,0,84.74999999962165,0,82.38572911199593,582008355446,cold_to_warm_disk_process
1691422163.965,2023-08-07 15:29:23.965,1,2.422,0,72.75000000008731,0,82.32436634558088,582010720394,cold_to_warm_disk_process
1691422165.073,2023-08-07 15:29:25.073,1,1.203,0,52.749999999650754,0,82.33442905004124,582012917206,cold_to_warm_disk_process
1691422166.259,2023-08-07 15:29:26.259,1,1.161,0,6.500000000232831,0,82.33837520865313,582015414224,cold_to_warm_disk_process
1691422167.371,2023-08-07 15:29:27.371,1,1.287,0,7.750000000669388,0,82.33659943727778,582017722711,cold_to_warm_disk_process
1691422168.488,2023-08-07 15:29:28.488,1,2.683,0,54.25000000032014,0,82.6889914013204,582019815592,cold_to_warm_disk_process
