1704336622.242,2024-01-04 02:50:22.242,0,89.7,3774852,0.3125000000181757,0,5.648432694470675,8055189700,null_state
1704336622.801,2024-01-04 02:50:22.801,0,78.82,3774888,0.9374999999636202,0,5.64729879910727,8055518132,null_state
1704336623.326,2024-01-04 02:50:23.326,0,59.82,3774924,0.9374999999636202,0,5.64729879910727,8055853616,null_state
1704336623.848,2024-01-04 02:50:23.848,0,58.27,3774960,0.8749999999963478,0,5.659966726876917,8056170800,null_state
1704336624.373,2024-01-04 02:50:24.373,0,72.78,3774960,0.8749999999963478,0,5.659966726876917,8056424016,null_state
1704336624.9,2024-01-04 02:50:24.900,0,76.68,3775032,1.2500000000727596,0,5.660137420802591,8056727584,null_state
1704336625.425,2024-01-04 02:50:25.425,0,67.13,3775068,1.2500000000727596,0,5.660137420802591,8056976194,null_state
1704336625.948,2024-01-04 02:50:25.948,0,56.71,3775068,0.875000000041851,0,5.658040324001456,8057352622,null_state
1704336626.471,2024-01-04 02:50:26.471,0,88.73,3775140,0.875000000041851,0,5.658040324001456,8058236135,null_state
1704336626.995,2024-01-04 02:50:26.995,0,67.63,3775176,2.2499999999581632,0,5.648883814131384,8058502996,null_state
1704336627.518,2024-01-04 02:50:27.518,0,69.3,3775212,2.2499999999581632,0,5.648883814131384,8058856595,null_state
1704336628.041,2024-01-04 02:50:28.041,0,54.24,3775248,0.8750000000873115,0,5.653687628896774,8059206954,null_state
1704336628.565,2024-01-04 02:50:28.565,0,89.21,3775284,0.8750000000873115,0,5.653687628896774,8059474845,null_state
1704336629.088,2024-01-04 02:50:29.088,0,68.37,3775320,0.8749999999054268,0,5.630668333777341,8059749443,null_state
1704336629.613,2024-01-04 02:50:29.613,0,61.23,3775356,0.8749999999054268,0,5.630668333777341,8060004531,null_state
1704336630.149,2024-01-04 02:50:30.149,0,54.01,3775392,1.0000000000218137,0,5.640141846652235,8060229284,null_state
1704336630.673,2024-01-04 02:50:30.673,0,82.46,3775428,1.0000000000218137,0,5.640141846652235,8060505704,null_state
1704336631.197,2024-01-04 02:50:31.197,0,55.67,3775464,0.5625000000691074,0,5.644031229672945,8060772325,null_state
1704336631.721,2024-01-04 02:50:31.721,0,63.06,3775500,0.5625000000691074,0,5.644031229672945,8061031500,null_state
1704336632.244,2024-01-04 02:50:32.244,0,69.23,3775536,0.9374999998726565,0,5.668123458039471,8061289625,null_state
1704336632.767,2024-01-04 02:50:32.767,0,84.1,3775572,1.0625000000345608,0,5.655248259074364,8061588988,null_state
1704336633.291,2024-01-04 02:50:33.291,0,69.09,3775608,1.0625000000345608,0,5.655248259074364,8061920539,null_state
1704336633.816,2024-01-04 02:50:33.816,0,59.17,3775644,0.6874999999127027,0,5.664465731060747,8062219917,null_state
1704336634.364,2024-01-04 02:50:34.364,0,63.16,3775680,0.6874999999127027,0,5.664465731060747,8062505710,null_state
1704336634.889,2024-01-04 02:50:34.889,0,79.58,3775716,1.2500000001637233,0,5.69314231057394,8062794538,null_state
1704336635.414,2024-01-04 02:50:35.414,0,70.15,3775752,1.2500000001637233,0,5.69314231057394,8063071116,null_state
1704336635.944,2024-01-04 02:50:35.944,0,59.95,3775788,1.0624999998526619,0,5.691923068247698,8063343198,null_state
1704336636.468,2024-01-04 02:50:36.468,0,87.2,3775824,1.0624999998526619,0,5.691923068247698,8063626593,null_state
1704336636.991,2024-01-04 02:50:36.991,0,75.75,3775896,0.8750000000418368,0,5.696909769362025,8063881411,null_state
1704336637.514,2024-01-04 02:50:37.514,0,67.28,3775896,0.8750000000418368,0,5.696909769362025,8064261102,null_state
1704336638.038,2024-01-04 02:50:38.038,0,54.84,3775932,1.0000000000218137,0,5.697043886017912,8064544845,null_state
1704336638.564,2024-01-04 02:50:38.564,0,85.77,3775968,1.0000000000218137,0,5.697043886017912,8064811558,null_state
1704336639.085,2024-01-04 02:50:39.085,0,75.21,3776040,0.5625000000236611,0,5.683315217424436,8065090383,null_state
1704336639.622,2024-01-04 02:50:39.622,0,69.63,3776076,0.5625000000236611,0,5.683315217424436,8065342219,null_state
1704336640.153,2024-01-04 02:50:40.153,0,55.33,3776076,0.9375000000090807,0,5.691362216777628,8065604434,null_state
1704336640.678,2024-01-04 02:50:40.678,0,87.3,3776148,0.9375000000090807,0,5.691362216777628,8065873980,null_state
1704336641.202,2024-01-04 02:50:41.202,0,56.27,3776184,0.7499999999708962,0,5.6926180363736565,8066130285,null_state
1704336641.726,2024-01-04 02:50:41.726,0,67.54,3776184,0.7499999999708962,0,5.6926180363736565,8066398713,null_state
1704336642.252,2024-01-04 02:50:42.252,0,60.9,3776220,1.3124999999945572,0,5.679584335906138,8066648625,null_state
1704336642.776,2024-01-04 02:50:42.776,0,86.62,3776256,0.8124999999836149,0,5.692996001494791,8066936997,null_state
1704336643.309,2024-01-04 02:50:43.309,0,55.43,3776328,0.8124999999836149,0,5.692996001494791,8067280113,null_state
1704336643.833,2024-01-04 02:50:43.833,0,57.58,3776364,0.8125000000290896,0,5.679316102594364,8067580155,null_state
1704336644.356,2024-01-04 02:50:44.356,0,55.62,3776364,0.8125000000290896,0,5.679316102594364,8067860303,null_state
1704336644.878,2024-01-04 02:50:44.878,0,77.95,3776436,1.0000000000218279,0,5.692520496987557,8068141512,null_state
1704336645.401,2024-01-04 02:50:45.401,0,63.39,3776472,1.0000000000218279,0,5.692520496987557,8068407756,null_state
1704336645.923,2024-01-04 02:50:45.923,0,60.52,3776472,0.6875000000491127,0,5.708126798763445,8068674322,null_state
1704336646.451,2024-01-04 02:50:46.451,0,87.12,3776508,0.6875000000491127,0,5.708126798763445,8068961403,null_state
1704336646.976,2024-01-04 02:50:46.976,0,80.0,3776544,1.0624999999890719,0,5.694093319588408,8069222962,null_state
1704336647.499,2024-01-04 02:50:47.499,0,67.82,3776616,1.0624999999890719,0,5.694093319588408,8069596255,null_state
1704336648.028,2024-01-04 02:50:48.028,0,63.96,3776652,0.8749999999508873,0,5.7055420050318135,8069858046,null_state
1704336648.552,2024-01-04 02:50:48.552,0,87.64,3776688,0.8749999999508873,0,5.7055420050318135,8070118774,null_state
1704336649.079,2024-01-04 02:50:49.079,0,78.94,3776724,0.6875000000491127,0,5.709370425936211,8070383207,null_state
1704336649.603,2024-01-04 02:50:49.603,0,61.39,3776760,0.6875000000491127,0,5.709370425936211,8070656127,null_state
1704336650.127,2024-01-04 02:50:50.127,0,57.42,3776796,1.062499999989086,0,5.7085657260008915,8070902511,null_state
1704336650.651,2024-01-04 02:50:50.651,0,84.83,3776832,1.062499999989086,0,5.7085657260008915,8071178025,null_state
1704336651.18,2024-01-04 02:50:51.180,0,78.82,3776868,0.7499999999708962,0,5.68065726915323,8071420279,null_state
1704336651.703,2024-01-04 02:50:51.703,0,63.4,3776904,0.7499999999708962,0,5.68065726915323,8071691702,null_state
1704336652.226,2024-01-04 02:50:52.226,0,52.78,3776940,1.062499999989086,0,5.696739075436351,8071912355,null_state
1704336652.751,2024-01-04 02:50:52.751,0,85.33,3776976,1.062499999989086,0,5.682181322061031,8072191042,null_state
1704336653.272,2024-01-04 02:50:53.272,0,75.81,3777012,0.8124999999836149,0,5.682181322061031,8072486563,null_state
1704336653.796,2024-01-04 02:50:53.796,0,64.94,3777048,1.2500000000727596,0,5.684241841592379,8072839049,null_state
1704336654.322,2024-01-04 02:50:54.322,0,52.86,3777084,1.2500000000727596,0,5.684241841592379,8073125988,null_state
1704336654.845,2024-01-04 02:50:54.845,0,82.96,3777120,0.3749999999854481,0,5.6730248121909606,8073401001,null_state
1704336655.372,2024-01-04 02:50:55.372,0,56.14,3777156,0.3749999999854481,0,5.6730248121909606,8073652998,null_state
1704336655.897,2024-01-04 02:50:55.897,0,64.31,3777192,1.4999999999417923,0,5.683388371964011,8074044913,null_state
1704336656.419,2024-01-04 02:50:56.419,0,82.56,3777228,1.4999999999417923,0,5.683388371964011,8074323997,null_state
1704336656.942,2024-01-04 02:50:56.942,0,79.59,3777264,0.37499999993997335,0,5.6672699884111015,8074592822,null_state
1704336657.467,2024-01-04 02:50:57.467,0,68.79,3777300,0.37499999993997335,0,5.6672699884111015,8074904205,null_state
1704336657.998,2024-01-04 02:50:57.998,0,57.7,3777336,0.7500000000618314,0,5.673561278814506,8075305796,null_state
1704336658.524,2024-01-04 02:50:58.524,0,79.93,3777372,0.7500000000618314,0,5.673561278814506,8075554996,null_state
1704336659.05,2024-01-04 02:50:59.050,0,84.6,3777408,0.8125000000291038,0,5.6647339643725205,8075854299,null_state
1704336659.577,2024-01-04 02:50:59.577,0,64.43,3777444,0.8125000000291038,0,5.6647339643725205,8076052671,null_state
1704336660.65,2024-01-04 02:51:00.650,0,84.71,3777516,1.312499999994543,0,5.6657459355033,8076367150,null_state
1704336661.323,2024-01-04 02:51:01.323,0,58.15,3777552,0.31249999997271516,0,5.641239164745851,8076432257,null_state
1704336662.138,2024-01-04 02:51:02.138,0,62.16,3777624,0.9375000000090807,0,5.658454866392377,8076566301,null_state
1704336663.036,2024-01-04 02:51:03.036,0,84.11,3777696,0.8124999999836149,0,5.68030368887862,8076783335,null_state
1704336667.197,2024-01-04 02:51:07.197,0,61.88,3777984,0.30991735535685905,0,5.68212035994472,8077442016,null_state
1704336667.72,2024-01-04 02:51:07.720,0,62.38,3778020,0.30991735535685905,0,5.68212035994472,8077828441,null_state
1704336668.242,2024-01-04 02:51:08.242,0,54.59,3778056,1.5625000000909495,0,5.683876068894507,8078075232,null_state
1704336668.773,2024-01-04 02:51:08.773,0,81.9,3778092,1.0000000000218279,0,5.696507419394366,8078344645,null_state
1704336669.299,2024-01-04 02:51:09.299,0,57.49,3778128,1.0000000000218279,0,5.696507419394366,8078613830,null_state
1704336669.824,2024-01-04 02:51:09.824,0,56.16,3778164,0.43749999995269206,0,5.713515849845431,8078897417,null_state
1704336670.349,2024-01-04 02:51:10.349,0,86.76,3778200,0.43749999995269206,0,5.713515849845431,8079140594,null_state
1704336670.875,2024-01-04 02:51:10.875,0,80.86,3778236,0.6874999999126885,0,5.699799373675217,8079444778,null_state
1704336671.399,2024-01-04 02:51:11.399,0,64.49,3778272,0.6874999999126885,0,5.699799373675217,8079697198,null_state
1704336671.923,2024-01-04 02:51:11.923,0,54.91,3778308,1.3750000000072617,0,5.688521382157486,8079949899,null_state
1704336672.451,2024-01-04 02:51:12.451,0,89.53,3778344,1.3750000000072617,0,5.688521382157486,8080212285,null_state
1704336672.975,2024-01-04 02:51:12.975,0,77.36,3778416,0.812500000029118,0,5.69587341338472,8080531951,null_state
1704336673.497,2024-01-04 02:51:13.497,0,63.99,3778416,0.812500000029118,0,5.69587341338472,8080783173,null_state
1704336674.02,2024-01-04 02:51:14.020,0,56.97,3778452,0.8124999999836149,0,5.679011292012805,8081051079,null_state
1704336674.544,2024-01-04 02:51:14.544,0,70.98,3778488,0.8124999999836149,0,5.679011292012805,8081302654,null_state
1704336675.071,2024-01-04 02:51:15.071,0,77.13,3778524,0.5625000000691074,0,5.693837278699897,8081557744,null_state
1704336675.595,2024-01-04 02:51:15.595,0,61.11,3778596,0.5625000000691074,0,5.693837278699897,8081814318,null_state
1704336676.118,2024-01-04 02:51:16.118,0,58.49,3778596,0.8750000000418368,0,5.675548643806279,8082077305,null_state
1704336676.642,2024-01-04 02:51:16.642,0,84.34,3778632,0.8750000000418368,0,5.675548643806279,8082349478,null_state
1704336677.166,2024-01-04 02:51:17.166,0,77.42,3778668,0.7499999998799467,0,5.676475267974223,8082778626,null_state
1704336677.69,2024-01-04 02:51:17.690,0,61.41,3778704,0.7499999998799467,0,5.676475267974223,8083148403,null_state
1704336678.218,2024-01-04 02:51:18.218,0,59.92,3778740,0.9999999999308926,0,5.681876511479471,8083411556,null_state
1704336678.743,2024-01-04 02:51:18.743,0,85.28,3778776,0.9999999999308926,0,5.681876511479471,8083677305,null_state
1704336679.268,2024-01-04 02:51:19.268,0,82.36,3778848,0.9375000000545697,0,5.649712898913228,8083957745,null_state
1704336679.795,2024-01-04 02:51:19.795,0,59.93,3778884,0.9374999999181313,0,5.6651972764564915,8084239813,null_state
1704336680.319,2024-01-04 02:51:20.319,0,57.62,3778884,0.9374999999181313,0,5.6651972764564915,8084458773,null_state
1704336680.843,2024-01-04 02:51:20.843,0,80.3,3778956,1.1875000000145661,0,5.679974493450535,8084735731,null_state
1704336681.368,2024-01-04 02:51:21.368,0,79.55,3778992,1.1875000000145661,0,5.679974493450535,8085011401,null_state
1704336681.892,2024-01-04 02:51:21.892,0,57.84,3779028,0.6250000000818403,0,5.682522709912379,8085285525,null_state
1704336682.414,2024-01-04 02:51:22.414,0,79.26,3779064,0.6250000000818403,0,5.682522709912379,8085545822,null_state
1704336682.939,2024-01-04 02:51:22.939,0,80.72,3779100,1.1875000001509761,0,5.650249365536775,8085829907,null_state
1704336683.462,2024-01-04 02:51:23.462,0,83.92,3779136,1.1875000001509761,0,5.650249365536775,8086105997,null_state
1704336683.985,2024-01-04 02:51:23.985,0,60.12,3779172,0.6249999999454161,0,5.651297913937342,8086369833,null_state
1704336684.508,2024-01-04 02:51:24.508,0,73.94,3779208,0.6249999999454161,0,5.651297913937342,8086617591,null_state
1704336685.036,2024-01-04 02:51:25.036,0,78.3,3779244,0.6249999999908908,0,5.646823294600037,8086874492,null_state
1704336685.565,2024-01-04 02:51:25.565,0,86.84,3779280,0.6249999999908908,0,5.646823294600037,8087148842,null_state
1704336686.091,2024-01-04 02:51:26.091,0,59.96,3779316,0.8124999999381544,0,5.650517598848548,8087519051,null_state
1704336686.62,2024-01-04 02:51:26.620,0,85.54,3779352,0.8124999999381544,0,5.650517598848548,8087790894,null_state
1704336687.148,2024-01-04 02:51:27.148,0,77.75,3779388,3.1249999999545253,0,5.594493413957764,8088222329,null_state
1704336687.673,2024-01-04 02:51:27.673,0,63.98,3779460,3.1249999999545253,0,5.594493413957764,8088596356,null_state
1704336688.204,2024-01-04 02:51:28.204,0,53.91,3779496,0.43750000004365575,0,5.595456615395495,8088927736,null_state
1704336688.733,2024-01-04 02:51:28.733,0,85.02,3779496,0.43750000004365575,0,5.595456615395495,8089197403,null_state
1704336689.265,2024-01-04 02:51:29.265,0,71.98,3779568,0.874999999996362,0,5.610233832389539,8089581253,null_state
1704336689.789,2024-01-04 02:51:29.789,0,58.96,3779604,1.1249999999563443,0,5.59795606216429,8089872529,null_state
1704336690.366,2024-01-04 02:51:30.366,0,52.93,3779604,1.1249999999563443,0,5.59795606216429,8090132300,null_to_cold_process
1704336690.617,2024-01-04 02:51:30.617,0,87.07,3779640,1.1249999999563443,0,5.59795606216429,8090263649,null_to_cold_process
1704336690.86,2024-01-04 02:51:30.860,0,75.24,3779676,1.1250000000018048,0,5.611757885297339,8090387515,null_to_cold_process
1704336691.1,2024-01-04 02:51:31.100,0,59.14,3779676,1.1250000000018048,0,5.611757885297339,8090483900,null_to_cold_process
1704336692.891,2024-01-04 02:51:32.891,0,79.35,3779820,0.5625000000236469,0,5.639641957298476,8090681829,null_to_cold_process
1704336694.052,2024-01-04 02:51:34.052,0,61.47,3779892,0.9999999998854037,0,5.63870314070727,8090887740,null_to_cold_process
1704336694.84,2024-01-04 02:51:34.840,0,83.65,3779964,0.9999999999763673,0,5.6381422892372,8091049442,null_to_cold_process
1704336695.072,2024-01-04 02:51:35.072,0,81.59,3779964,0.9999999999763673,0,5.6381422892372,8091163952,null_to_cold_process
1704336695.305,2024-01-04 02:51:35.305,0,55.13,3779964,0.9999999999763673,0,5.6381422892372,8091268635,null_to_cold_process
1704336695.539,2024-01-04 02:51:35.539,0,68.57,3780000,0.9999999999763673,0,5.6381422892372,8091403845,null_to_cold_process
1704336695.773,2024-01-04 02:51:35.773,0,61.13,3780036,0.8124999999836433,0,5.649798245876065,8091542927,null_to_cold_process
1704336696.005,2024-01-04 02:51:36.005,0,60.4,3780036,0.8124999999836433,0,5.649798245876065,8091653786,null_to_cold_process
1704336698.742,2024-01-04 02:51:38.742,0,65.86,3780216,1.0625000000345466,0,5.636008615166277,8091988233,null_to_cold_process
1704336703.45,2024-01-04 02:51:43.450,0,86.69,3780576,0.8125000000745644,0,5.611489651985567,8092636794,null_to_cold_process
1704336703.688,2024-01-04 02:51:43.688,0,84.91,3780612,0.8125000000745644,0,5.611489651985567,8092785288,null_to_cold_process
1704336703.919,2024-01-04 02:51:43.919,0,85.65,3780612,0.8750000000418225,0,5.616756778834929,8092912821,null_to_cold_process
1704336704.151,2024-01-04 02:51:44.151,0,77.61,3780648,0.8750000000418225,0,5.616756778834929,8093028866,null_to_cold_process
1704336704.388,2024-01-04 02:51:44.388,0,61.98,3780648,0.8750000000418225,0,5.616756778834929,8093159645,null_to_cold_process
1704336704.627,2024-01-04 02:51:44.627,0,61.81,3780684,0.8750000000418225,0,5.616756778834929,8093284843,null_to_cold_process
1704336704.861,2024-01-04 02:51:44.861,0,67.08,3780684,0.9999999998399289,0,5.61999996342273,8093423784,null_to_cold_process
1704336720.104,2024-01-04 02:52:00.104,0,67.55,3781800,1.4999999998963176,0,5.6715739138227335,8101300288,cold_state
1704336720.626,2024-01-04 02:52:00.626,0,60.51,3781836,1.4999999998963176,0,5.6715739138227335,8101548347,cold_state
1704336721.163,2024-01-04 02:52:01.163,0,102.99,3781872,0.43749999995269206,0,5.6709399078130875,8102030364,cold_state
1704336721.688,2024-01-04 02:52:01.688,0,97.37,3781944,0.43749999995269206,0,5.6709399078130875,8102296768,cold_state
1704336722.219,2024-01-04 02:52:02.219,0,92.97,3781980,0.8125000001200533,0,5.682083782674932,8102546368,cold_state
1704336722.744,2024-01-04 02:52:02.744,0,99.21,3782052,0.8125000001200533,0,5.682083782674932,8102830777,cold_state
1704336723.269,2024-01-04 02:52:03.269,0,77.31,3782088,0.9375000000090665,0,5.6707814063106765,8103098821,cold_state
1704336723.791,2024-01-04 02:52:03.791,0,80.05,3782124,0.6875000000490985,0,5.673366200042308,8103417009,cold_state
1704336724.314,2024-01-04 02:52:04.314,0,65.07,3782160,0.6875000000490985,0,5.673366200042308,8103629876,cold_state
1704336724.837,2024-01-04 02:52:04.837,0,60.46,3782196,0.8125000000291038,0,5.65649188624713,8103909338,cold_state
1704336725.36,2024-01-04 02:52:05.360,0,71.08,3782232,0.8125000000291038,0,5.65649188624713,8104121282,cold_state
1704336725.884,2024-01-04 02:52:05.884,0,80.81,3782268,0.8749999999054126,0,5.629631977800035,8104421403,cold_state
1704336726.406,2024-01-04 02:52:06.406,0,62.33,3782340,0.8749999999054126,0,5.629631977800035,8104683639,cold_state
1704336726.931,2024-01-04 02:52:06.931,0,62.4,3782340,0.8124999998926654,0,5.6290101642136525,8104943249,cold_state
1704336727.453,2024-01-04 02:52:07.453,0,92.43,3782412,0.8124999998926654,0,5.6290101642136525,8105211785,cold_state
1704336727.975,2024-01-04 02:52:07.975,0,79.08,3782448,0.7500000000618599,0,5.63389932594188,8105511595,cold_state
1704336728.498,2024-01-04 02:52:08.498,0,62.9,3782484,0.7500000000618599,0,5.63389932594188,8105765982,cold_state
1704336729.024,2024-01-04 02:52:09.024,0,59.61,3782520,0.8749999999963478,0,5.631753459447696,8106035426,cold_state
1704336729.548,2024-01-04 02:52:09.548,0,93.24,3782556,0.8749999999963478,0,5.631753459447696,8106294107,cold_state
1704336730.072,2024-01-04 02:52:10.072,0,84.04,3782592,1.1875000001055014,0,5.629692939916348,8106583666,cold_state
1704336730.597,2024-01-04 02:52:10.597,0,65.56,3782628,1.1875000001055014,0,5.629692939916348,8106847887,cold_state
1704336731.124,2024-01-04 02:52:11.124,0,62.76,3782664,0.7499999999709104,0,5.63531364704032,8107326344,cold_state
1704336731.65,2024-01-04 02:52:11.650,0,62.7,3782700,0.7499999999709104,0,5.63531364704032,8107583809,cold_state
1704336732.173,2024-01-04 02:52:12.173,0,88.96,3782772,1.0000000000218279,0,5.6483107702380515,8107847893,cold_state
1704336732.696,2024-01-04 02:52:12.696,0,85.72,3782772,1.0000000000218279,0,5.6483107702380515,8108125725,cold_state
1704336733.218,2024-01-04 02:52:13.218,0,62.8,3782844,1.0624999999891003,0,5.643141182774788,8108381753,cold_state
1704336733.743,2024-01-04 02:52:13.743,0,59.88,3782844,1.0624999999891003,0,5.643141182774788,8108663036,cold_state
1704336734.268,2024-01-04 02:52:14.268,0,91.57,3782916,0.6249999999454303,0,5.643092413081739,8108922291,cold_state
1704336734.791,2024-01-04 02:52:14.791,0,81.99,3782952,0.6250000000363798,0,5.6400077299963485,8109202888,cold_state
1704336735.316,2024-01-04 02:52:15.316,0,63.01,3782988,0.6250000000363798,0,5.6400077299963485,8109443155,cold_state
1704336735.838,2024-01-04 02:52:15.838,0,62.21,3783024,1.1250000000472795,0,5.649603167103867,8109749135,cold_state
1704336736.361,2024-01-04 02:52:16.361,0,64.43,3783060,1.1250000000472795,0,5.649603167103867,8110008360,cold_state
1704336736.884,2024-01-04 02:52:16.884,0,83.42,3783096,1.1874999998781277,0,5.621146051209397,8110287678,cold_state
1704336737.406,2024-01-04 02:52:17.406,0,68.33,3783132,1.1874999998781277,0,5.621146051209397,8110551725,cold_state
1704336737.928,2024-01-04 02:52:17.928,0,61.93,3783168,0.9999999999763673,0,5.622109252647127,8110855566,cold_state
1704336738.453,2024-01-04 02:52:18.453,0,96.57,3783204,0.9999999999763673,0,5.622109252647127,8111122555,cold_state
1704336738.975,2024-01-04 02:52:18.975,0,82.56,3783276,-0.062499999921783456,0,5.618414948398617,8111386348,cold_state
1704336739.499,2024-01-04 02:52:19.499,0,88.26,3783312,-0.062499999921783456,0,5.618414948398617,8111667473,cold_state
1704336740.024,2024-01-04 02:52:20.024,0,62.16,3783348,1.0624999999890719,0,5.634935681919185,8111940770,cold_state
1704336740.548,2024-01-04 02:52:20.548,0,70.37,3783348,1.0624999999890719,0,5.634935681919185,8112193286,cold_state
1704336741.074,2024-01-04 02:52:21.074,0,94.42,3783384,1.0624999999891003,0,5.632765430578476,8112519874,cold_state
1704336741.602,2024-01-04 02:52:21.602,0,91.45,3783456,1.0624999999891003,0,5.632765430578476,8112936772,cold_state
1704336742.126,2024-01-04 02:52:22.126,0,81.52,3783492,0.5624999999781721,0,5.6144889881081195,8113221170,cold_state
1704336742.649,2024-01-04 02:52:22.649,0,66.0,3783528,0.5624999999781721,0,5.6144889881081195,8113495257,cold_state
1704336743.172,2024-01-04 02:52:23.172,0,54.75,3783564,1.3750000000527507,0,5.637093740836631,8113750021,cold_state
1704336743.696,2024-01-04 02:52:23.696,0,61.59,3783600,1.3750000000527507,0,5.637093740836631,8114010709,cold_state
1704336744.22,2024-01-04 02:52:24.220,0,78.39,3783636,0.6874999999127027,0,5.613842789675212,8114280493,cold_state
1704336744.745,2024-01-04 02:52:24.745,0,65.05,3783672,0.6874999999127027,0,5.613842789675212,8114543609,cold_state
1704336745.269,2024-01-04 02:52:25.269,0,52.75,3783708,0.6875000000490985,0,5.626205906863298,8114796582,cold_state
1704336745.793,2024-01-04 02:52:25.793,0,83.42,3783780,1.1875000001055014,0,5.628485890013369,8115079002,cold_state
1704336746.325,2024-01-04 02:52:26.325,0,97.38,3783816,1.1875000001055014,0,5.628485890013369,8115445700,cold_state
1704336746.856,2024-01-04 02:52:26.856,0,67.7,3783852,2.0624999999199645,0,5.638520254358334,8115739174,cold_state
1704336747.42,2024-01-04 02:52:27.420,0,67.18,3783888,2.0624999999199645,0,5.638520254358334,8115990209,cold_state
1704336747.947,2024-01-04 02:52:27.947,0,82.88,3783924,1.2500000000727596,0,5.63708154841337,8116287085,cold_state
1704336748.471,2024-01-04 02:52:28.471,0,86.75,3783960,1.2500000000727596,0,5.63708154841337,8116546057,cold_state
1704336748.995,2024-01-04 02:52:28.995,0,60.21,3783996,0.7500000000163709,0,5.653907092515499,8116868350,cold_state
1704336749.518,2024-01-04 02:52:29.518,0,65.35,3784032,0.7500000000163709,0,5.653907092515499,8117132175,cold_state
1704336750.042,2024-01-04 02:52:30.042,0,82.3,3784068,0.8124999999836149,0,5.632728853308688,8117424909,cold_state
1704336750.564,2024-01-04 02:52:30.564,0,69.35,3784104,0.8124999999836149,0,5.632728853308688,8117682965,cold_state
1704336751.088,2024-01-04 02:52:31.088,0,61.81,3784140,0.687499999958149,0,5.6380935195441495,8117955062,cold_state
1704336751.611,2024-01-04 02:52:31.611,0,67.32,3784176,0.687499999958149,0,5.6380935195441495,8118390811,cold_state
1704336752.138,2024-01-04 02:52:32.138,0,82.12,3784212,1.3124999999945288,0,5.628912624827553,8118664851,cold_state
1704336752.664,2024-01-04 02:52:32.664,0,69.23,3784248,1.3124999999945288,0,5.628912624827553,8118938390,cold_state
1704336753.187,2024-01-04 02:52:33.187,0,62.05,3784284,1.1875000001055014,0,5.609026782486559,8119205898,cold_state
1704336753.711,2024-01-04 02:52:33.711,0,65.63,3784320,1.1875000001055014,0,5.609026782486559,8119493243,cold_state
1704336754.237,2024-01-04 02:52:34.237,0,80.67,3784356,0.6249999998544808,0,5.640032114842873,8119762256,cold_state
1704336754.762,2024-01-04 02:52:34.762,0,70.75,3784392,1.1250000000472795,0,5.650334712499611,8120041010,cold_state
1704336755.288,2024-01-04 02:52:35.288,0,58.17,3784428,1.1250000000472795,0,5.650334712499611,8120273002,cold_state
1704336755.814,2024-01-04 02:52:35.814,0,77.21,3784464,0.8124999999381686,0,5.657784283112945,8120570577,cold_state
1704336756.34,2024-01-04 02:52:36.340,0,76.51,3784500,0.8124999999381686,0,5.657784283112945,8120810488,cold_state
1704336756.864,2024-01-04 02:52:36.864,0,57.78,3784572,0.5000000000563887,0,5.642348675262731,8121087120,cold_state
1704336757.389,2024-01-04 02:52:37.389,0,64.44,3784608,0.5000000000563887,0,5.642348675262731,8121342794,cold_state
1704336757.914,2024-01-04 02:52:37.914,0,79.01,3784608,1.3749999999163265,0,5.629461283874361,8121623095,cold_state
1704336758.438,2024-01-04 02:52:38.438,0,82.98,3784680,1.3749999999163265,0,5.629461283874361,8121910834,cold_state
1704336758.961,2024-01-04 02:52:38.961,0,63.54,3784716,0.812500000029118,0,5.629692939916348,8122168993,cold_state
1704336759.485,2024-01-04 02:52:39.485,0,66.61,3784752,0.812500000029118,0,5.629692939916348,8122428169,cold_state
1704336760.007,2024-01-04 02:52:40.007,0,82.54,3784788,0.9999999999763531,0,5.620694931548688,8122685985,cold_state
1704336760.53,2024-01-04 02:52:40.530,0,83.98,3784824,0.9999999999763531,0,5.620694931548688,8122933168,cold_state
1704336761.056,2024-01-04 02:52:41.056,0,59.74,3784860,0.749999999970882,0,5.616232504634644,8123194793,cold_state
1704336761.579,2024-01-04 02:52:41.579,0,61.38,3784896,0.749999999970882,0,5.616232504634644,8123674689,cold_state
1704336762.102,2024-01-04 02:52:42.102,0,82.46,3784932,1.1250000000472937,0,5.6248525478811695,8123931609,cold_state
1704336762.625,2024-01-04 02:52:42.625,0,73.89,3784968,1.1250000000472937,0,5.6248525478811695,8124210551,cold_state
1704336763.152,2024-01-04 02:52:43.152,0,63.04,3785004,0.3125000000181899,0,5.625632862969965,8124366712,cold_state
1704336763.68,2024-01-04 02:52:43.680,0,61.54,3785040,0.3125000000181899,0,5.625632862969965,8124545551,cold_state
1704336765.318,2024-01-04 02:52:45.318,0,54.79,3785148,0.937500000009095,0,5.643762996361171,8124693491,cold_state
1704336767.421,2024-01-04 02:52:47.421,0,63.8,3785292,0.3750000000309086,0,5.675670568038903,8125084734,cold_state
1704336768.243,2024-01-04 02:52:48.243,0,77.3,3785364,1.1874999998326672,0,5.675731530155216,8125224593,cold_state
1704336769.354,2024-01-04 02:52:49.354,0,61.27,3785436,0.5625000000691074,0,5.678877175356918,8125383998,cold_state
1704336770.27,2024-01-04 02:52:50.270,0,77.03,3785508,1.3749999999618012,0,5.65922298905791,8125688515,cold_state
1704336770.795,2024-01-04 02:52:50.795,0,60.98,3785544,0.1250000000709548,0,5.690947674386706,8125987414,cold_state
1704336771.326,2024-01-04 02:52:51.326,0,54.13,3785580,0.1250000000709548,0,5.690947674386706,8126301800,cold_state
1704336771.862,2024-01-04 02:52:51.862,0,64.83,3785616,0.9374999999181313,0,5.757274456934228,8126719433,cold_state
1704336772.384,2024-01-04 02:52:52.384,0,76.17,3785652,0.9374999999181313,0,5.757274456934228,8126948205,cold_state
1704336772.912,2024-01-04 02:52:52.912,0,57.51,3785688,0.5000000000109139,0,5.686363323240038,8127223740,cold_state
1704336773.439,2024-01-04 02:52:53.439,0,74.1,3785724,0.5000000000109139,0,5.686363323240038,8127472859,cold_state
1704336773.964,2024-01-04 02:52:53.964,0,89.37,3785760,1.4375000000200089,0,5.6851196960672725,8127733259,cold_state
1704336774.488,2024-01-04 02:52:54.488,0,83.53,3785796,1.4375000000200089,0,5.6851196960672725,8127999581,cold_state
1704336775.012,2024-01-04 02:52:55.012,0,66.39,3785832,0.18749999999270983,0,5.673085774307272,8128271410,cold_state
1704336775.536,2024-01-04 02:52:55.536,0,61.99,3785868,0.18749999999270983,0,5.673085774307272,8128528339,cold_state
1704336776.063,2024-01-04 02:52:56.063,0,89.08,3785904,1.0625000000345608,0,5.680364650994933,8128913349,cold_state
1704336776.586,2024-01-04 02:52:56.586,0,63.79,3785940,1.0625000000345608,0,5.680364650994933,8129178610,cold_state
1704336777.11,2024-01-04 02:52:57.110,0,67.64,3785976,0.9999999999763531,0,5.6503834821926615,8129454027,cold_state
1704336777.64,2024-01-04 02:52:57.640,0,92.89,3786012,0.9999999999763531,0,5.6503834821926615,8129736856,cold_state
1704336778.169,2024-01-04 02:52:58.169,0,77.27,3786084,1.1875000000600409,0,5.639800458800887,8130011687,cold_state
1704336778.693,2024-01-04 02:52:58.693,0,64.64,3786084,1.1875000000600409,0,5.639800458800887,8130285451,cold_state
1704336779.219,2024-01-04 02:52:59.219,0,61.27,3786120,0.24999999995998223,0,5.641665899560037,8130529611,cold_state
1704336779.742,2024-01-04 02:52:59.742,0,93.42,3786156,0.24999999995998223,0,5.641665899560037,8130794439,cold_state
1704336780.268,2024-01-04 02:53:00.268,0,79.09,3786228,0.8750000000418225,0,5.623816191903865,8131142814,cold_state
1704336780.792,2024-01-04 02:53:00.792,0,59.43,3786264,0.9374999999181313,0,5.669513394291386,8131342519,cold_state
1704336781.329,2024-01-04 02:53:01.329,0,55.65,3786300,0.9374999999181313,0,5.669513394291386,8131608971,cold_state
1704336781.857,2024-01-04 02:53:01.857,0,86.9,3786336,0.8750000000873115,0,5.6526025032264196,8132080572,cold_state
1704336782.381,2024-01-04 02:53:02.381,0,82.54,3786372,0.8750000000873115,0,5.6526025032264196,8132320068,cold_state
1704336782.914,2024-01-04 02:53:02.914,0,60.75,3786408,0.9999999999763673,0,5.6401784239220225,8132632216,cold_state
1704336783.441,2024-01-04 02:53:03.441,0,60.04,3786444,0.9999999999763673,0,5.6401784239220225,8132910826,cold_state
1704336783.963,2024-01-04 02:53:03.963,0,87.05,3786480,0.6250000000363656,0,5.682815328070677,8133171020,cold_state
1704336784.488,2024-01-04 02:53:04.488,0,80.0,3786516,0.6250000000363656,0,5.682815328070677,8133448150,cold_state
1704336785.011,2024-01-04 02:53:05.011,0,61.07,3786588,0.8124999999836007,0,5.6685380004303925,8133717486,cold_state
1704336785.533,2024-01-04 02:53:05.533,0,64.12,3786588,0.8124999999836007,0,5.6685380004303925,8133975205,cold_state
1704336786.056,2024-01-04 02:53:06.056,0,86.07,3786624,0.9375000000090807,0,5.657028352870676,8134236513,cold_state
1704336786.578,2024-01-04 02:53:06.578,0,85.29,3786696,0.9375000000090807,0,5.657028352870676,8134505184,cold_state
1704336787.123,2024-01-04 02:53:07.123,0,63.34,3786732,0.6249999999908908,0,5.674999984759471,8134768523,cold_to_null_process
1704336867.837,2024-01-04 02:54:27.837,0,56.24,3792492,1.3749999999618012,0,5.641105048089965,8236258156,warm_disk_state
1704336868.364,2024-01-04 02:54:28.364,0,81.59,3792528,1.3749999999618012,0,5.641105048089965,8236496115,warm_disk_state
1704336868.89,2024-01-04 02:54:28.890,0,75.85,3792564,0.3125000000181757,0,5.63192415337337,8236776919,warm_disk_state
1704336869.421,2024-01-04 02:54:29.421,0,60.66,3792636,0.3125000000181757,0,5.63192415337337,8237028524,warm_disk_state
1704336869.944,2024-01-04 02:54:29.944,0,60.57,3792672,0.9999999999763531,0,5.656004189316633,8237300958,warm_disk_state
1704336870.467,2024-01-04 02:54:30.467,0,81.4,3792672,0.9999999999763531,0,5.656004189316633,8237627996,warm_disk_state
1704336870.991,2024-01-04 02:54:30.991,0,78.01,3792744,0.8750000000418225,0,5.659210796634647,8237888159,warm_disk_state
1704336871.515,2024-01-04 02:54:31.515,0,57.06,3792744,0.8750000000418225,0,5.659210796634647,8238139772,warm_disk_state
1704336872.037,2024-01-04 02:54:32.037,0,61.59,3792780,0.874999999859952,0,5.685643970267557,8238414361,warm_disk_state
1704336872.561,2024-01-04 02:54:32.561,0,89.05,3792852,0.874999999859952,0,5.685643970267557,8238677126,warm_disk_state
1704336873.084,2024-01-04 02:54:33.084,0,83.38,3792888,0.8750000000873115,0,5.673037004614223,8238938818,warm_disk_state
1704336873.61,2024-01-04 02:54:33.610,0,68.44,3792924,0.8750000000873115,0,5.673037004614223,8239439365,warm_disk_state
1704336874.133,2024-01-04 02:54:34.133,0,54.54,3792960,1.4374999999745341,0,5.653541319817626,8239712417,warm_disk_state
1704336874.657,2024-01-04 02:54:34.657,0,88.02,3792996,1.4374999999745341,0,5.653541319817626,8239973818,warm_disk_state
1704336875.181,2024-01-04 02:54:35.181,0,55.44,3793032,0.6250000000363798,0,5.65775989826642,8240219740,warm_disk_state
1704336875.705,2024-01-04 02:54:35.705,0,68.27,3793068,0.6250000000363798,0,5.65775989826642,8240494307,warm_disk_state
1704336876.228,2024-01-04 02:54:36.228,0,55.44,3793104,1.4375000000654694,0,5.667635761108974,8240745194,warm_disk_state
1704336876.753,2024-01-04 02:54:36.753,0,61.24,3793140,1.4375000000654694,0,5.646567253711527,8241042212,warm_disk_state
1704336877.275,2024-01-04 02:54:37.275,0,54.33,3793176,0.9999999999763673,0,5.646567253711527,8241270044,warm_disk_state
1704336877.8,2024-01-04 02:54:37.800,0,61.13,3793212,0.4374999999527063,0,5.658845023936775,8241573842,warm_disk_state
1704336878.323,2024-01-04 02:54:38.323,0,78.34,3793248,0.4374999999527063,0,5.658845023936775,8241831649,warm_disk_state
1704336878.846,2024-01-04 02:54:38.846,0,82.19,3793284,0.687500000003638,0,5.671878724404293,8242112183,warm_disk_state
1704336879.368,2024-01-04 02:54:39.368,0,56.98,3793320,0.687500000003638,0,5.671878724404293,8242342905,warm_disk_state
1704336879.89,2024-01-04 02:54:39.890,0,59.32,3793356,0.9374999999636344,0,5.694483477132806,8242629027,warm_disk_state
1704336880.414,2024-01-04 02:54:40.414,0,77.83,3793392,0.9374999999636344,0,5.694483477132806,8242840217,warm_disk_state
1704336880.94,2024-01-04 02:54:40.940,0,62.47,3793428,0.624999999990905,0,5.682388593256492,8243103364,warm_disk_state
1704336881.47,2024-01-04 02:54:41.470,0,54.57,3793464,0.624999999990905,0,5.682388593256492,8243500732,warm_disk_state
1704336881.994,2024-01-04 02:54:41.994,0,90.18,3793500,1.3125000000854925,0,5.672256689525428,8243779956,warm_disk_state
1704336882.519,2024-01-04 02:54:42.519,0,79.07,3793536,1.3125000000854925,0,5.672256689525428,8244052767,warm_disk_state
1704336883.044,2024-01-04 02:54:43.044,0,82.83,3793572,1.24999999998181,0,5.673756357586704,8244343237,warm_disk_state
1704336883.575,2024-01-04 02:54:43.575,0,69.72,3793644,1.24999999998181,0,5.673756357586704,8244773904,warm_disk_state
1704336884.101,2024-01-04 02:54:44.101,0,64.34,3793644,0.5000000000563745,0,5.6580281315781935,8245095792,warm_disk_state
1704336884.625,2024-01-04 02:54:44.625,0,87.8,3793680,0.5000000000563745,0,5.6580281315781935,8245349230,warm_disk_state
1704336885.155,2024-01-04 02:54:45.155,0,58.71,3793752,1.3124999998581046,0,5.732767686176779,8245625225,warm_disk_state
1704336885.679,2024-01-04 02:54:45.679,0,70.67,3793752,1.3124999998581046,0,5.732767686176779,8245898971,warm_disk_state
1704336886.206,2024-01-04 02:54:46.206,0,53.4,3793788,0.6874999999581632,0,5.646359982516065,8246129501,warm_disk_state
1704336886.734,2024-01-04 02:54:46.734,0,76.01,3793860,0.6874999999581632,0,5.646359982516065,8246408502,warm_disk_state
1704336887.262,2024-01-04 02:54:47.262,0,59.17,3793860,0.43750000004364153,0,5.676609384630109,8246657249,warm_disk_state
1704336887.789,2024-01-04 02:54:47.789,0,56.45,3793896,1.3750000000527507,0,5.660686079849399,8246964252,warm_disk_state
1704336888.311,2024-01-04 02:54:48.311,0,52.05,3793932,1.3750000000527507,0,5.660686079849399,8247221561,warm_disk_state
1704336888.835,2024-01-04 02:54:48.835,0,76.0,3793968,0.37500000007639755,0,5.659954534453655,8247512046,warm_disk_state
1704336889.358,2024-01-04 02:54:49.358,0,59.93,3794040,0.37500000007639755,0,5.659954534453655,8247748547,warm_disk_state
1704336889.881,2024-01-04 02:54:49.881,0,54.98,3794040,1.2499999999363212,0,5.6739636287821655,8248023955,warm_disk_state
1704336890.404,2024-01-04 02:54:50.404,0,71.05,3794076,1.2499999999363212,0,5.6739636287821655,8248281293,warm_disk_state
1704336890.928,2024-01-04 02:54:50.928,0,87.4,3794148,0.8125000000291038,0,5.657918399768832,8248538638,warm_disk_state
1704336891.461,2024-01-04 02:54:51.461,0,55.96,3794148,0.8125000000291038,0,5.657918399768832,8248777723,warm_disk_state
1704336891.995,2024-01-04 02:54:51.995,0,66.04,3794220,1.2499999998908464,0,5.675829069541314,8249031533,warm_disk_state
1704336892.529,2024-01-04 02:54:52.529,0,89.33,3794256,1.2499999998908464,0,5.675829069541314,8249310992,warm_disk_state
1704336893.052,2024-01-04 02:54:53.052,0,88.27,3794292,0.31250000006366463,0,5.648176653582165,8249612611,warm_disk_state
1704336893.579,2024-01-04 02:54:53.579,0,70.91,3794328,0.31250000006366463,0,5.648176653582165,8249812290,warm_disk_state
1704336895.591,2024-01-04 02:54:55.591,0,70.77,3794436,0.9999999999308784,0,5.663856109897626,8250084050,warm_disk_state
1704336897.696,2024-01-04 02:54:57.696,0,72.78,3794616,0.4374999999981952,0,5.668123458039471,8250483758,warm_disk_state
1704336899.702,2024-01-04 02:54:59.702,0,69.73,3794724,0.9374999999181313,0,5.635728189431242,8250727187,warm_disk_state
1704336900.224,2024-01-04 02:55:00.224,0,58.56,3794760,1.1874999999690772,0,5.6537120137432995,8251035220,warm_disk_state
1704336900.749,2024-01-04 02:55:00.749,0,77.45,3794832,1.1874999999690772,0,5.6537120137432995,8251294961,warm_disk_state
1704336901.273,2024-01-04 02:55:01.273,0,74.23,3794868,0.4374999999981952,0,5.650090864034363,8251539989,warm_disk_state
1704336901.798,2024-01-04 02:55:01.798,0,54.87,3794904,0.8124999999836007,0,5.665880052159187,8251846932,warm_disk_state
1704336902.323,2024-01-04 02:55:02.323,0,63.13,3794940,0.8124999999836007,0,5.665880052159187,8252084363,warm_disk_state
1704336902.847,2024-01-04 02:55:02.847,0,76.9,3794976,1.0625000001255103,0,5.646676985520887,8252402665,warm_disk_state
1704336903.37,2024-01-04 02:55:03.370,0,54.62,3795012,1.0625000001255103,0,5.646676985520887,8252650860,warm_disk_state
1704336903.897,2024-01-04 02:55:03.897,0,54.2,3795012,0.8749999999508873,0,5.658357327006279,8252971024,warm_disk_state
1704336904.42,2024-01-04 02:55:04.420,0,66.12,3795048,0.8749999999508873,0,5.658357327006279,8253235090,warm_disk_state
1704336904.944,2024-01-04 02:55:04.944,0,82.76,3795120,0.9999999999763673,0,5.659247373904434,8253494480,warm_disk_state
1704336905.475,2024-01-04 02:55:05.475,0,78.4,3795156,0.9999999999763673,0,5.659247373904434,8253756773,warm_disk_state
1704336906.007,2024-01-04 02:55:06.007,0,59.81,3795192,0.9999999999763389,0,5.632350888187554,8254032339,warm_disk_state
1704336906.53,2024-01-04 02:55:06.530,0,92.79,3795228,0.9999999999763389,0,5.632350888187554,8254304372,warm_disk_state
1704336907.053,2024-01-04 02:55:07.053,0,82.11,3795264,1.0000000000673026,0,5.638593408897909,8254553140,warm_disk_state
1704336907.577,2024-01-04 02:55:07.577,0,72.86,3795300,1.0000000000673026,0,5.638593408897909,8254986402,warm_disk_state
1704336908.1,2024-01-04 02:55:08.100,0,64.77,3795336,1.1250000000472795,0,5.64951782014103,8255289412,warm_disk_state
1704336908.625,2024-01-04 02:55:08.625,0,94.28,3795372,1.1250000000472795,0,5.64951782014103,8255546300,warm_disk_state
1704336909.147,2024-01-04 02:55:09.147,0,76.3,3795408,0.3750000000309228,0,5.638069134697625,8255798684,warm_disk_state
1704336909.67,2024-01-04 02:55:09.670,0,70.98,3795444,0.3750000000309228,0,5.638069134697625,8256070106,warm_disk_state
1704336910.194,2024-01-04 02:55:10.194,0,52.45,3795480,1.1249999998653806,0,5.622743258656772,8256337080,warm_disk_state
1704336910.717,2024-01-04 02:55:10.717,0,83.4,3795516,1.1249999998653806,0,5.622743258656772,8256598712,warm_disk_state
1704336911.241,2024-01-04 02:55:11.241,0,75.07,3795552,0.8125000001200391,0,5.608941435523723,8256842770,warm_disk_state
1704336911.764,2024-01-04 02:55:11.764,0,55.84,3795624,1.062499999989086,0,5.606027446364005,8257131493,warm_disk_state
1704336912.289,2024-01-04 02:55:12.289,0,52.99,3795624,1.062499999989086,0,5.606027446364005,8257395770,warm_disk_state
1704336912.818,2024-01-04 02:55:12.818,0,76.64,3795696,0.8125000000291038,0,5.623999078252801,8257702505,warm_disk_state
1704336913.344,2024-01-04 02:55:13.344,0,62.26,3795732,0.8125000000291038,0,5.623999078252801,8257950351,warm_disk_state
1704336913.866,2024-01-04 02:55:13.866,0,58.35,3795732,1.0624999998981366,0,5.637532668074079,8258257036,warm_disk_state
1704336914.415,2024-01-04 02:55:14.415,0,64.43,3795804,1.0624999998981366,0,5.637532668074079,8258525153,warm_disk_state
1704336914.941,2024-01-04 02:55:14.941,0,84.99,3795840,0.6874999999127027,0,5.6439946524031575,8258779852,warm_disk_state
1704336915.465,2024-01-04 02:55:15.465,0,59.64,3795876,0.6874999999127027,0,5.6439946524031575,8259042502,warm_disk_state
1704336915.991,2024-01-04 02:55:15.991,0,64.88,3795912,0.7500000000618456,0,5.673000427344435,8259336842,warm_disk_state
1704336916.516,2024-01-04 02:55:16.516,0,94.2,3795948,0.7500000000618456,0,5.673000427344435,8259610728,warm_disk_state
1704336917.038,2024-01-04 02:55:17.038,0,82.96,3795984,0.8749999999508873,0,5.663027025115782,8259869723,warm_disk_state
1704336917.563,2024-01-04 02:55:17.563,0,71.26,3796020,0.8749999999508873,0,5.663027025115782,8260290055,warm_disk_state
1704336918.088,2024-01-04 02:55:18.088,0,65.97,3796056,0.9375000000545555,0,5.690082012335075,8260601231,warm_disk_state
1704336918.621,2024-01-04 02:55:18.621,0,96.38,3796092,0.9375000000545555,0,5.690082012335075,8260857529,warm_disk_state
1704336919.158,2024-01-04 02:55:19.158,0,79.65,3796128,0.8750000000418225,0,5.685668355114081,8261093469,warm_disk_state
1704336919.684,2024-01-04 02:55:19.684,0,74.48,3796164,0.8750000000418225,0,5.685668355114081,8261371283,warm_disk_state
1704336920.209,2024-01-04 02:55:20.209,0,54.22,3796200,1.6874999999799911,0,5.6755730286528046,8261621744,warm_disk_state
1704336920.73,2024-01-04 02:55:20.730,0,84.29,3796236,1.6874999999799911,0,5.6755730286528046,8261885085,warm_disk_state
1704336921.252,2024-01-04 02:55:21.252,0,75.1,3796272,0.8749999999508873,0,5.643311876700461,8262128296,warm_disk_state
1704336921.776,2024-01-04 02:55:21.776,0,60.24,3796308,0.3750000000309086,0,5.619500074068971,8262417917,warm_disk_state
1704336922.299,2024-01-04 02:55:22.299,0,58.53,3796344,0.3750000000309086,0,5.619500074068971,8262668650,warm_disk_state
1704336922.823,2024-01-04 02:55:22.823,0,79.6,3796380,0.7500000000163851,0,5.651127220011668,8262974050,warm_disk_state
1704336923.348,2024-01-04 02:55:23.348,0,63.57,3796452,0.7500000000163851,0,5.651127220011668,8263227918,warm_disk_state
1704336923.875,2024-01-04 02:55:23.875,0,62.04,3796452,1.1250000000472937,0,5.65649188624713,8263531366,warm_disk_state
1704336924.431,2024-01-04 02:55:24.431,0,58.47,3796488,1.1250000000472937,0,5.65649188624713,8263813125,warm_disk_state
1704336924.957,2024-01-04 02:55:24.957,0,81.87,3796560,1.1249999998653948,0,5.668964735244577,8264072197,warm_disk_state
1704336925.484,2024-01-04 02:55:25.484,0,60.02,3796596,1.1249999998653948,0,5.668964735244577,8264334504,warm_disk_state
1704336926.008,2024-01-04 02:55:26.008,0,62.11,3796632,0.7500000000618599,0,5.656004189316633,8264628780,warm_disk_state
1704336926.53,2024-01-04 02:55:26.530,0,104.49,3796668,0.7500000000618599,0,5.656004189316633,8264988317,warm_disk_state
1704336927.053,2024-01-04 02:55:27.053,0,86.36,3796704,2.8125000000727454,0,5.638690948284008,8265238763,warm_disk_state
1704336927.576,2024-01-04 02:55:27.576,0,90.45,3796740,2.8125000000727454,0,5.638690948284008,8265666764,warm_disk_state
1704336928.098,2024-01-04 02:55:28.098,0,64.66,3796776,0.6874999999581632,0,5.647323183953796,8265953591,warm_disk_state
1704336928.628,2024-01-04 02:55:28.628,0,66.55,3796812,0.6874999999581632,0,5.647323183953796,8266219322,warm_disk_state
1704336929.16,2024-01-04 02:55:29.160,0,84.92,3796848,0.7499999999709104,0,5.660710464695924,8266483388,warm_disk_state
1704336929.709,2024-01-04 02:55:29.709,0,85.89,3796920,0.7499999999709104,0,5.660710464695924,8266752284,warm_disk_state
1704336930.232,2024-01-04 02:55:30.232,0,62.28,3796956,0.874999999996362,0,5.650164018573937,8267092806,warm_disk_state
1704336930.756,2024-01-04 02:55:30.756,0,66.38,3796992,1.0000000000218137,0,5.64916423986642,8267373330,warm_disk_state
1704336931.28,2024-01-04 02:55:31.280,0,78.09,3797028,1.0000000000218137,0,5.64916423986642,8267602147,warm_disk_state
1704336931.804,2024-01-04 02:55:31.804,0,87.26,3797064,1.3750000000072617,0,5.655406760576775,8267883125,warm_disk_state
1704336932.33,2024-01-04 02:55:32.330,0,65.19,3797100,1.3750000000072617,0,5.655406760576775,8268144669,warm_disk_state
1704336932.852,2024-01-04 02:55:32.852,0,64.2,3797136,0.8750000000418368,0,5.655345798460463,8268463052,warm_disk_state
1704336933.378,2024-01-04 02:55:33.378,0,57.96,3797172,0.8750000000418368,0,5.655345798460463,8268692709,warm_disk_state
1704336933.912,2024-01-04 02:55:33.912,0,88.53,3797208,0.624999999990905,0,5.655528684809399,8269012802,warm_disk_state
1704336934.436,2024-01-04 02:55:34.436,0,80.41,3797244,0.624999999990905,0,5.655528684809399,8269293968,warm_disk_state
1704336934.962,2024-01-04 02:55:34.962,0,64.2,3797316,0.5624999999781721,0,5.670025476068407,8269554600,warm_disk_state
1704336935.535,2024-01-04 02:55:35.535,0,69.75,3797352,0.5624999999781721,0,5.670025476068407,8269833715,warm_disk_to_warm_cpu_process
1704336935.787,2024-01-04 02:55:35.787,0,79.5,3797352,1.625000000012733,0,5.681815549363159,8269982312,warm_disk_to_warm_cpu_process
1704336936.047,2024-01-04 02:55:36.047,0,89.84,3797352,1.625000000012733,0,5.681815549363159,8270103894,warm_disk_to_warm_cpu_process
1704336936.698,2024-01-04 02:55:36.698,0,89.81,3797424,1.625000000012733,0,5.681815549363159,8270271989,warm_disk_to_warm_cpu_process
1704336937.12,2024-01-04 02:55:37.120,0,59.55,3797460,0.3749999999854481,0,5.681437584242024,8270718540,warm_disk_to_warm_cpu_process
1704336937.463,2024-01-04 02:55:37.463,0,55.88,3797460,0.3749999999854481,0,5.681437584242024,8271785096,warm_disk_to_warm_cpu_process
1704336938.071,2024-01-04 02:55:38.071,2,65.86,3797532,1.125000000001819,0,5.66256371303181,8276953215,warm_disk_to_warm_cpu_process
1704336944.607,2024-01-04 02:55:44.607,2,68.09,3798072,0.8124999999381544,0,7.112120914699978,8279861118,warm_disk_to_warm_cpu_process
1704336945.116,2024-01-04 02:55:45.116,2,88.67,3798108,0.8125000000745928,0,7.09024770736721,8282191940,warm_disk_to_warm_cpu_process
1704336965.711,2024-01-04 02:56:05.711,2,80.07,3799656,0.7500000000163567,0,7.074934023749621,8334013136,warm_cpu_state
1704336966.276,2024-01-04 02:56:06.276,2,80.86,3799692,1.1249999999563443,0,7.079506182473026,8335492499,warm_cpu_state
1704336966.84,2024-01-04 02:56:06.840,2,57.78,3799728,1.3750000000527507,0,7.0927593465592675,8336911071,warm_cpu_state
1704336967.42,2024-01-04 02:56:07.420,2,87.56,3799764,1.3750000000527507,0,7.0927593465592675,8338305287,warm_cpu_state
1704336967.982,2024-01-04 02:56:07.982,2,85.98,3799836,0.3749999999854623,0,7.108255916525794,8339716740,warm_cpu_state
1704336968.572,2024-01-04 02:56:08.572,2,68.72,3799872,0.3749999999854623,0,7.108255916525794,8340987494,warm_cpu_state
1704336969.149,2024-01-04 02:56:09.149,2,61.19,3799908,0.7500000000163709,0,7.091357217884091,8342488211,warm_cpu_state
1704336969.712,2024-01-04 02:56:09.712,2,87.01,3799944,0.7500000000163709,0,7.091357217884091,8343861156,warm_cpu_state
1704336970.275,2024-01-04 02:56:10.275,2,79.97,3799980,1.0624999998981224,0,7.102245051857424,8345240088,warm_cpu_state
1704336970.837,2024-01-04 02:56:10.837,2,69.22,3800052,1.3750000000527507,0,7.101330620112743,8346631662,warm_cpu_state
1704336971.401,2024-01-04 02:56:11.401,2,65.15,3800088,1.3750000000527507,0,7.101330620112743,8348012319,warm_cpu_state
1704336971.967,2024-01-04 02:56:11.967,2,85.06,3800124,0.24999999995996802,0,7.120533686751042,8349382319,warm_cpu_state
1704336972.646,2024-01-04 02:56:12.646,2,69.57,3800160,0.24999999995996802,0,7.120533686751042,8350779059,warm_cpu_state
1704336973.271,2024-01-04 02:56:13.271,2,60.78,3800196,0.9375000000545555,0,7.0766653478528845,8352097363,warm_cpu_state
1704336973.835,2024-01-04 02:56:13.835,2,82.89,3800268,1.125000000001819,0,7.079750030938274,8353499178,warm_cpu_state
1704336974.4,2024-01-04 02:56:14.400,2,80.82,3800304,1.125000000001819,0,7.079750030938274,8354882501,warm_cpu_state
1704336974.964,2024-01-04 02:56:14.964,2,66.46,3800340,1.0000000000218279,0,7.110730978448062,8356205658,warm_cpu_state
1704336975.532,2024-01-04 02:56:15.532,2,70.5,3800376,1.0000000000218279,0,7.110730978448062,8357609969,warm_cpu_state
1704336976.099,2024-01-04 02:56:16.099,2,79.26,3800412,0.8749999999509015,0,7.096136647802956,8359104530,warm_cpu_state
1704336976.663,2024-01-04 02:56:16.663,2,74.91,3800448,0.8749999999509015,0,7.096136647802956,8360507377,warm_cpu_state
1704336977.229,2024-01-04 02:56:17.229,2,53.56,3800484,1.0624999999435971,0,7.0683623076111814,8361911892,warm_cpu_state
1704336977.793,2024-01-04 02:56:17.793,2,84.73,3800556,1.4375000001109584,0,7.083736953345082,8363258804,warm_cpu_state
1704336978.36,2024-01-04 02:56:18.360,2,79.82,3800592,1.4375000001109584,0,7.083736953345082,8364738952,warm_cpu_state
1704336978.925,2024-01-04 02:56:18.925,2,61.81,3800628,0.18750000003818457,0,7.0846391926665016,8366203873,warm_cpu_state
1704336979.488,2024-01-04 02:56:19.488,2,69.93,3800664,0.18750000003818457,0,7.0846391926665016,8367492673,warm_cpu_state
1704336980.05,2024-01-04 02:56:20.050,2,88.11,3800700,1.312499999994543,0,7.085382930485508,8368861408,warm_cpu_state
1704336980.612,2024-01-04 02:56:20.612,2,79.72,3800736,1.312499999994543,0,7.085382930485508,8370245901,warm_cpu_state
1704336981.18,2024-01-04 02:56:21.180,2,58.62,3800808,0.49999999991995026,0,7.116400455265085,8371735431,warm_cpu_state
1704336981.743,2024-01-04 02:56:21.743,2,72.9,3800844,0.49999999991995026,0,7.116400455265085,8373112455,warm_cpu_state
1704336982.308,2024-01-04 02:56:22.308,2,80.12,3800880,1.187499999969063,0,7.103513063876715,8374387722,warm_cpu_state
1704336982.873,2024-01-04 02:56:22.873,2,60.35,3800916,0.8749999999963478,0,7.116949114311893,8375866604,warm_cpu_state
1704336983.451,2024-01-04 02:56:23.451,2,62.68,3800952,0.8749999999963478,0,7.116949114311893,8377320831,warm_cpu_state
1704336984.013,2024-01-04 02:56:24.013,2,84.04,3800988,0.7500000001073062,0,7.13032420263076,8378695284,warm_cpu_state
1704336984.579,2024-01-04 02:56:24.579,2,82.14,3801024,0.7500000001073062,0,7.13032420263076,8380177406,warm_cpu_state
1704336985.168,2024-01-04 02:56:25.168,2,60.19,3801060,0.9374999999181313,0,7.132201835813171,8381405674,warm_cpu_state
1704336985.735,2024-01-04 02:56:25.735,2,72.01,3801132,0.9374999999181313,0,7.132201835813171,8382813521,warm_cpu_state
1704336986.311,2024-01-04 02:56:26.311,2,84.31,3801168,0.9375000000090807,0,7.109328849772886,8384401782,warm_cpu_state
1704336986.886,2024-01-04 02:56:26.886,2,64.59,3801204,2.5000000000545697,0,7.071520145236146,8386529603,warm_cpu_state
1704336987.45,2024-01-04 02:56:27.450,2,58.5,3801240,2.5000000000545697,0,7.071520145236146,8387933199,warm_cpu_state
1704336988.019,2024-01-04 02:56:28.019,2,87.67,3801276,0.749999999970882,0,7.052024460439549,8389225957,warm_cpu_state
1704336988.587,2024-01-04 02:56:28.587,2,82.3,3801348,0.749999999970882,0,7.052024460439549,8390621030,warm_cpu_state
1704336989.161,2024-01-04 02:56:29.161,2,60.81,3801384,1.1249999998653948,0,7.066667560777706,8392003927,warm_cpu_state
1704336989.737,2024-01-04 02:56:29.737,2,69.21,3801420,1.1249999998653948,0,7.066667560777706,8393517635,warm_cpu_state
1704336990.303,2024-01-04 02:56:30.303,2,78.5,3801456,0.7500000001073204,0,7.101403774652318,8395023967,warm_cpu_state
1704336990.868,2024-01-04 02:56:30.868,2,66.65,3801492,1.312499999994543,0,7.130007199625936,8396470105,warm_cpu_state
1704336991.431,2024-01-04 02:56:31.431,2,57.64,3801528,1.312499999994543,0,7.130007199625936,8397850559,warm_cpu_state
1704336991.994,2024-01-04 02:56:31.994,2,87.45,3801564,0.5000000000109139,0,7.114327743310475,8399324874,warm_cpu_state
1704336992.557,2024-01-04 02:56:32.557,2,83.12,3801636,0.5000000000109139,0,7.114327743310475,8400704132,warm_cpu_state
1704336993.118,2024-01-04 02:56:33.118,2,60.75,3801672,0.8125000000745928,0,7.102208474587638,8402123046,warm_cpu_state
1704336993.683,2024-01-04 02:56:33.683,2,63.42,3801708,0.8125000000745928,0,7.102208474587638,8403530319,warm_cpu_state
1704336994.25,2024-01-04 02:56:34.250,2,79.03,3801744,0.8750000000418368,0,7.0788721764633795,8404998839,warm_cpu_state
1704336994.812,2024-01-04 02:56:34.812,2,59.89,3801780,1.4374999997471605,0,7.08028649756182,8406410636,warm_cpu_state
1704336995.375,2024-01-04 02:56:35.375,2,62.54,3801816,1.4374999997471605,0,7.08028649756182,8407714502,warm_cpu_state
1704336995.951,2024-01-04 02:56:35.951,2,93.42,3801852,0.6250000000363798,0,7.080908311148202,8409183308,warm_cpu_state
1704336996.519,2024-01-04 02:56:36.519,2,86.35,3801924,0.6250000000363798,0,7.080908311148202,8410516406,warm_cpu_state
1704336997.085,2024-01-04 02:56:37.085,2,59.85,3801960,1.0625000000800355,0,7.089308890776006,8411923620,warm_cpu_state
1704336997.65,2024-01-04 02:56:37.650,2,67.36,3801960,1.0625000000800355,0,7.089308890776006,8413428088,warm_cpu_state
1704336998.219,2024-01-04 02:56:38.219,2,82.38,3802032,0.6250000000363798,0,7.091210908804942,8414766213,warm_cpu_state
1704336998.802,2024-01-04 02:56:38.802,2,77.08,3802068,1.0625000000345608,0,7.0579987478381305,8416133729,warm_cpu_state
1704336999.364,2024-01-04 02:56:39.364,2,62.11,3802104,1.0625000000345608,0,7.0579987478381305,8417496010,warm_cpu_state
1704336999.936,2024-01-04 02:56:39.936,2,94.62,3802140,0.7500000000163851,0,7.1071098287391266,8418892221,warm_cpu_state
1704337000.507,2024-01-04 02:56:40.507,2,87.67,3802212,0.7500000000163851,0,7.1071098287391266,8420153105,warm_cpu_state
1704337001.151,2024-01-04 02:56:41.151,2,55.3,3802248,0.5625000000236184,0,7.087443450016856,8421548823,warm_cpu_state
1704337001.715,2024-01-04 02:56:41.715,2,58.55,3802284,0.5625000000236184,0,7.087443450016856,8422845449,warm_cpu_state
1704337002.281,2024-01-04 02:56:42.281,2,81.23,3802356,1.3124999999036078,0,7.1008916928752965,8424306777,warm_cpu_state
1704337002.844,2024-01-04 02:56:42.844,2,81.81,3802392,0.6249999999908908,0,7.100452765637849,8425623219,warm_cpu_state
1704337003.416,2024-01-04 02:56:43.416,2,65.61,3802428,0.6249999999908908,0,7.100452765637849,8427144165,warm_cpu_state
1704337003.977,2024-01-04 02:56:43.977,2,98.51,3802464,0.8124999999836149,0,7.117351464279553,8428513109,warm_cpu_state
1704337004.541,2024-01-04 02:56:44.541,2,89.22,3802500,0.8124999999836149,0,7.117351464279553,8429986366,warm_cpu_state
1704337005.104,2024-01-04 02:56:45.104,2,62.92,3802572,1.375000000007276,0,7.110401783019977,8431385811,warm_cpu_state
1704337005.672,2024-01-04 02:56:45.672,2,57.49,3802608,1.375000000007276,0,7.110401783019977,8432837861,warm_cpu_state
1704337006.235,2024-01-04 02:56:46.235,2,87.2,3802644,0.5625000000236469,0,7.116802805232744,8434222421,warm_cpu_state
1704337006.798,2024-01-04 02:56:46.798,2,78.13,3802680,0.7500000000163709,0,7.102049973085226,8435641948,warm_cpu_state
1704337007.362,2024-01-04 02:56:47.362,2,56.7,3802716,0.7500000000163709,0,7.102049973085226,8437141526,warm_cpu_state
1704337007.928,2024-01-04 02:56:47.928,2,92.5,3802752,0.9999999999763531,0,7.119168135345652,8438482743,warm_cpu_state
1704337008.505,2024-01-04 02:56:48.505,2,88.83,3802824,0.9999999999763531,0,7.119168135345652,8439926214,warm_cpu_state
1704337009.067,2024-01-04 02:56:49.067,2,83.34,3802860,1.0625000000345608,0,7.122423512356717,8441232588,warm_cpu_state
1704337009.634,2024-01-04 02:56:49.634,2,69.68,3802896,1.0625000000345608,0,7.122423512356717,8442725333,warm_cpu_state
1704337010.199,2024-01-04 02:56:50.199,2,89.46,3802932,1.3124999999945288,0,7.12203335481232,8444095026,warm_cpu_state
1704337010.765,2024-01-04 02:56:50.765,2,79.91,3802968,0.437499999998181,0,7.122374742663666,8445602802,warm_cpu_state
1704337011.33,2024-01-04 02:56:51.330,2,55.48,3803040,0.437499999998181,0,7.122374742663666,8446954517,warm_cpu_state
1704337011.895,2024-01-04 02:56:51.895,2,87.11,3803076,0.8125000000291038,0,7.099331062697707,8448159581,warm_cpu_state
1704337012.458,2024-01-04 02:56:52.458,2,80.21,3803112,0.8125000000291038,0,7.099331062697707,8449629723,warm_cpu_state
1704337013.02,2024-01-04 02:56:53.020,2,68.71,3803148,0.8750000000418368,0,7.087077677318984,8451053275,warm_cpu_state
1704337013.582,2024-01-04 02:56:53.582,2,67.48,3803184,0.8750000000418368,0,7.087077677318984,8452328023,warm_cpu_state
1704337014.147,2024-01-04 02:56:54.147,2,91.19,3803256,0.9374999999181455,0,7.061546743007494,8453710504,warm_cpu_state
1704337014.714,2024-01-04 02:56:54.714,2,80.39,3803292,0.9374999999181455,0,7.061546743007494,8455189780,warm_cpu_state
1704337015.298,2024-01-04 02:56:55.298,2,61.6,3803328,0.8749999998599378,0,7.064607041246358,8456491578,warm_cpu_state
1704337015.862,2024-01-04 02:56:55.862,2,57.71,3803364,0.8750000000873115,0,7.067947765220259,8457915092,warm_cpu_state
1704337016.426,2024-01-04 02:56:56.426,2,87.17,3803400,0.8750000000873115,0,7.067947765220259,8459440064,warm_cpu_state
1704337016.99,2024-01-04 02:56:56.990,2,83.59,3803472,0.9375000000545839,0,7.081188736883239,8460826601,warm_cpu_state
1704337017.556,2024-01-04 02:56:57.556,2,69.49,3803508,0.9375000000545839,0,7.081188736883239,8461797930,warm_cpu_state
1704337019.122,2024-01-04 02:56:59.122,2,70.94,3803652,1.1874999999690772,0,7.055852881343946,8462350992,warm_cpu_state
1704337021.341,2024-01-04 02:57:01.341,2,63.66,3803796,1.187500000014552,0,7.0825542882886285,8462883552,warm_cpu_state
1704337022.547,2024-01-04 02:57:02.547,2,87.31,3803904,0.4999999999654534,0,7.078738059807494,8463207436,warm_cpu_state
1704337023.603,2024-01-04 02:57:03.603,2,67.86,3803976,0.7500000000618599,0,7.098124012794729,8464748057,warm_cpu_state
1704337024.174,2024-01-04 02:57:04.174,2,79.69,3804012,1.1874999999690772,0,7.095758682681821,8466183839,warm_cpu_state
1704337024.736,2024-01-04 02:57:04.736,2,79.68,3804048,1.1874999999690772,0,7.095758682681821,8467660775,warm_cpu_state
1704337025.3,2024-01-04 02:57:05.300,2,63.28,3804084,0.6249999998999698,0,7.107524371130049,8468976521,warm_cpu_state
1704337025.864,2024-01-04 02:57:05.864,2,55.49,3804120,0.9375000000545697,0,7.079164794621678,8470487639,warm_cpu_state
1704337026.426,2024-01-04 02:57:06.426,2,87.2,3804156,0.9375000000545697,0,7.079164794621678,8471502704,warm_cpu_state
1704337026.989,2024-01-04 02:57:06.989,2,72.16,3804228,1.4374999999290736,0,7.0976972779805445,8472876973,warm_cpu_state
1704337027.554,2024-01-04 02:57:07.554,2,71.55,3804264,1.4374999999290736,0,7.0976972779805445,8474260373,warm_cpu_state
1704337028.117,2024-01-04 02:57:08.117,2,79.9,3804300,0.5625000000691074,0,7.099404217237282,8475685091,warm_cpu_state
1704337028.681,2024-01-04 02:57:08.681,2,76.39,3804336,0.5625000000691074,0,7.099404217237282,8476962777,warm_cpu_state
1704337029.245,2024-01-04 02:57:09.245,2,57.29,3804372,0.874999999996362,0,7.113498658528631,8478351680,warm_cpu_state
1704337029.808,2024-01-04 02:57:09.808,2,56.25,3804408,0.9375000000090807,0,7.114681323585084,8479744806,warm_cpu_state
1704337030.37,2024-01-04 02:57:10.370,2,77.86,3804444,0.9375000000090807,0,7.114681323585084,8481116943,warm_cpu_state
1704337030.932,2024-01-04 02:57:10.932,2,80.78,3804516,1.0625000000345466,0,7.114327743310475,8482596732,warm_cpu_state
1704337031.497,2024-01-04 02:57:11.497,2,73.96,3804552,1.0625000000345466,0,7.114327743310475,8483990887,warm_cpu_state
1704337032.138,2024-01-04 02:57:12.138,2,78.29,3804588,0.687500000003638,0,7.087589759096005,8485277481,warm_cpu_state
1704337032.702,2024-01-04 02:57:12.702,2,73.57,3804624,0.687500000003638,0,7.087589759096005,8486654700,warm_cpu_state
1704337033.265,2024-01-04 02:57:13.265,2,60.14,3804660,0.8125000000291038,0,7.07710427509033,8488073035,warm_cpu_state
1704337033.838,2024-01-04 02:57:13.838,2,55.53,3804696,2.0624999999199645,0,7.046086750310754,8489361795,warm_cpu_state
1704337034.401,2024-01-04 02:57:14.401,2,76.57,3804732,2.0624999999199645,0,7.046086750310754,8490655272,warm_cpu_state
1704337034.964,2024-01-04 02:57:14.964,2,63.81,3804768,0.5000000000108997,0,7.070995871035862,8492049516,warm_cpu_state
1704337035.529,2024-01-04 02:57:15.529,2,69.07,3804804,0.5000000000108997,0,7.070995871035862,8493545203,warm_cpu_state
1704337036.095,2024-01-04 02:57:16.095,2,81.62,3804876,0.8125000000290896,0,7.056352770697705,8494951597,warm_cpu_state
1704337036.661,2024-01-04 02:57:16.661,2,89.99,3804912,0.8125000000290896,0,7.056352770697705,8496392325,warm_cpu_state
1704337037.225,2024-01-04 02:57:17.225,2,55.56,3804948,1.3749999999163123,0,7.071361643733734,8497770939,warm_cpu_state
1704337068.688,2024-01-04 02:57:48.688,2,77.43,3807216,0.9999999998854179,0,8.456445311190267,8570170063,active_state
1704337069.256,2024-01-04 02:57:49.256,2,73.54,3807252,0.5625000000236469,0,8.445789133258918,8571526226,active_state
1704337069.832,2024-01-04 02:57:49.832,2,103.72,3807324,7.437499999969063,0,9.582915488827778,8572941134,active_state
1704337070.4,2024-01-04 02:57:50.400,2,121.99,3807396,7.437499999969063,0,9.582915488827778,8574314775,active_state
1704337070.962,2024-01-04 02:57:50.962,2,113.39,3807468,13.687500000105501,0,10.36869278324371,8575694318,active_state
1704337071.525,2024-01-04 02:57:51.525,2,103.73,3807504,13.687500000105501,0,10.36869278324371,8577072814,active_state
1704337072.087,2024-01-04 02:57:52.087,2,110.78,3807576,13.500000000067303,0,11.00792934246871,8578524380,active_state
1704337072.653,2024-01-04 02:57:52.653,2,122.81,3807612,13.500000000067303,0,11.00792934246871,8579923516,active_state
1704337073.216,2024-01-04 02:57:53.216,2,102.82,3807684,13.374999999859924,0,11.522205755677248,8581420967,active_state
1704337073.779,2024-01-04 02:57:53.779,2,100.07,3807756,14.125000000058193,0,11.868958273260247,8582666640,active_state
1704337074.341,2024-01-04 02:57:54.341,2,125.24,3807828,14.125000000058193,0,11.868958273260247,8584065695,active_state
1704337074.904,2024-01-04 02:57:54.904,2,121.05,3807900,12.749999999914507,0,12.17423216690452,8585577053,active_state
1704337075.465,2024-01-04 02:57:55.465,2,103.81,3807972,12.749999999914507,0,12.17423216690452,8586988712,active_state
1704337076.027,2024-01-04 02:57:56.027,2,98.77,3808008,13.500000000067303,0,12.75887105476044,8588384660,active_state
1704337076.587,2024-01-04 02:57:56.587,2,123.45,3808080,13.500000000067303,0,12.75887105476044,8589865478,active_state
1704337077.159,2024-01-04 02:57:57.159,2,97.18,3808152,13.000000000010914,0,12.941428208268535,8591278869,active_state
1704337077.72,2024-01-04 02:57:57.720,2,101.64,3808188,13.000000000010914,0,12.941428208268535,8592694743,active_state
1704337078.287,2024-01-04 02:57:58.287,2,125.45,3808260,13.625000000001819,0,12.910678916800734,8594092538,active_state
1704337078.849,2024-01-04 02:57:58.849,2,120.33,3808296,13.624999999956344,0,12.919274575200735,8595501867,active_state
1704337079.416,2024-01-04 02:57:59.416,2,102.12,3808368,13.624999999956344,0,12.919274575200735,8596863019,active_state
1704337079.991,2024-01-04 02:57:59.991,2,97.92,3808440,13.74999999998181,0,12.939306726620876,8598258884,active_state
1704337080.554,2024-01-04 02:58:00.554,2,124.87,3808512,13.74999999998181,0,12.939306726620876,8599719665,active_state
1704337081.116,2024-01-04 02:58:01.116,2,118.05,3808584,13.062500000023647,0,12.959570534083003,8601090336,active_state
1704337081.693,2024-01-04 02:58:01.693,2,99.32,3808656,13.062500000023647,0,12.959570534083003,8602566636,active_state
1704337082.257,2024-01-04 02:58:02.257,2,125.84,3808728,13.562499999989086,0,12.958034288751941,8604041734,active_state
1704337082.82,2024-01-04 02:58:02.820,2,122.3,3808764,13.312500000029118,0,12.959668073469105,8605463319,active_state
1704337083.392,2024-01-04 02:58:03.392,2,102.83,3808836,13.312500000029118,0,12.959668073469105,8606941955,active_state
1704337083.96,2024-01-04 02:58:03.960,2,97.48,3808872,13.375000000041837,0,12.938258178220307,8608259733,active_state
1704337084.52,2024-01-04 02:58:04.520,2,125.98,3808944,13.375000000041837,0,12.938258178220307,8609625056,active_state
1704337085.084,2024-01-04 02:58:05.084,2,100.46,3809016,13.31249999993814,0,12.968995277264849,8611011246,active_state
1704337085.656,2024-01-04 02:58:05.656,2,101.88,3809088,13.31249999993814,0,12.968995277264849,8612356592,active_state
1704337086.221,2024-01-04 02:58:06.221,2,100.58,3809124,13.750000000072745,0,12.966203212337756,8613816575,active_state
1704337086.796,2024-01-04 02:58:06.796,2,120.65,3809196,13.87500000005275,0,12.951767383195062,8615247879,active_state
1704337087.372,2024-01-04 02:58:07.372,2,100.43,3809268,13.87500000005275,0,12.951767383195062,8616609959,active_state
1704337087.944,2024-01-04 02:58:07.944,2,100.38,3809340,12.875000000030923,0,12.950962683259743,8618047777,active_state
1704337088.507,2024-01-04 02:58:08.507,2,127.74,3809412,12.875000000030923,0,12.950962683259743,8619440366,active_state
1704337089.076,2024-01-04 02:58:09.076,2,99.81,3809484,13.499999999885404,0,12.938697105457756,8620825648,active_state
1704337089.646,2024-01-04 02:58:09.646,2,106.67,3809520,13.499999999885404,0,12.938697105457756,8622205309,active_state
1704337090.227,2024-01-04 02:58:10.227,2,97.42,3809556,13.891650099354763,0,12.921591135620591,8623376803,active_state
1704337090.792,2024-01-04 02:58:10.792,2,121.42,3809628,13.60663983904702,0,12.92107905384357,8624880876,active_state
1704337091.36,2024-01-04 02:58:11.360,2,99.39,3809700,13.60663983904702,0,12.92107905384357,8626342096,active_state
1704337091.926,2024-01-04 02:58:11.926,2,100.83,3809772,13.500000000067303,0,12.936319582921584,8627849864,active_state
1704337092.488,2024-01-04 02:58:12.488,2,124.36,3809844,13.500000000067303,0,12.936319582921584,8629225364,active_state
1704337093.059,2024-01-04 02:58:13.059,2,99.28,3809916,13.187499999958177,0,12.94730495628102,8630212428,active_state
1704337093.882,2024-01-04 02:58:13.882,2,100.95,3809988,13.499999999976353,0,12.968202769752793,8630514662,active_state
1704337094.848,2024-01-04 02:58:14.848,2,122.82,3810096,13.499999999976353,0,12.968202769752793,8630802790,active_state
1704337097.077,2024-01-04 02:58:17.077,2,101.78,3810348,13.249999999925421,0,12.964679159429956,8631368115,active_state
1704337099.958,2024-01-04 02:58:19.958,2,102.85,3810672,13.125000000081855,0,12.953157319446976,8632936242,active_state
1704337100.539,2024-01-04 02:58:20.539,2,126.54,3810744,13.125000000081855,0,12.953157319446976,8634337202,active_state
1704337101.111,2024-01-04 02:58:21.111,2,121.03,3810816,13.12499999999092,0,12.935539267832791,8635712639,active_state
1704337101.675,2024-01-04 02:58:21.675,2,102.62,3810852,13.12499999999092,0,12.935539267832791,8637195779,active_state
1704337102.238,2024-01-04 02:58:22.238,2,98.22,3810888,13.874999999961801,0,12.914629261937755,8638657286,active_state
1704337102.802,2024-01-04 02:58:22.802,2,123.86,3810996,13.687499999969077,0,12.918628376767824,8640075033,active_state
1704337103.375,2024-01-04 02:58:23.375,2,105.04,3811032,13.687499999969077,0,12.918628376767824,8641382354,active_state
1704337103.94,2024-01-04 02:58:23.940,2,102.29,3811104,13.062500000023618,0,12.933881098269104,8642782205,active_state
1704337104.504,2024-01-04 02:58:24.504,2,126.27,3811176,13.062500000023618,0,12.933881098269104,8644262214,active_state
1704337105.084,2024-01-04 02:58:25.084,2,113.36,3811248,13.187500000049113,0,12.951718613502011,8645535789,active_state
1704337105.653,2024-01-04 02:58:25.653,2,100.92,3811320,13.187500000049113,0,12.951718613502011,8646933182,active_state
1704337106.218,2024-01-04 02:58:26.218,2,98.98,3811356,13.437500000009095,0,12.955522649559883,8648402547,active_state
1704337106.828,2024-01-04 02:58:26.828,2,131.69,3811428,15.187500000001833,0,12.958595140222013,8649840938,active_state
1704337107.396,2024-01-04 02:58:27.396,2,107.36,3811500,15.187500000001833,0,12.958595140222013,8651188359,active_state
1704337107.961,2024-01-04 02:58:27.961,2,102.59,3811572,13.749999999936335,0,12.954376561773218,8652622313,active_state
1704337108.524,2024-01-04 02:58:28.524,2,125.83,3811644,13.749999999936335,0,12.954376561773218,8654132208,active_state
1704337109.095,2024-01-04 02:58:29.095,2,120.18,3811716,13.375000000041823,0,12.943074185408962,8655520116,active_state
1704337109.657,2024-01-04 02:58:29.657,2,101.3,3811752,13.375000000041823,0,12.943074185408962,8656940573,active_state
1704337110.223,2024-01-04 02:58:30.223,2,94.91,3811788,13.937500000065484,0,12.924797742938607,8658314473,active_state
1704337110.791,2024-01-04 02:58:30.791,2,121.55,3811860,12.500000000000014,0,13.02126419579081,8659732367,active_state
1704337111.363,2024-01-04 02:58:31.363,2,107.99,3811932,12.500000000000014,0,13.02126419579081,8661027155,active_state
1704337111.987,2024-01-04 02:58:31.987,2,104.27,3812004,14.12499999983082,0,12.955620188945982,8662660612,active_state
1704337112.55,2024-01-04 02:58:32.550,2,128.75,3812076,14.12499999983082,0,12.955620188945982,8664139860,active_state
1704337113.112,2024-01-04 02:58:33.112,2,119.68,3812148,13.312499999983615,0,12.988466577214922,8665561528,active_state
1704337113.678,2024-01-04 02:58:33.678,2,101.71,3812220,13.312499999983615,0,12.988466577214922,8666962530,active_state
1704337114.244,2024-01-04 02:58:34.244,2,98.56,3812256,13.187500000049099,0,13.01458274784301,8668268794,active_state
1704337114.81,2024-01-04 02:58:34.810,2,121.87,3812328,13.875000000098225,0,12.985369701706267,8669748415,active_state
1704337115.372,2024-01-04 02:58:35.372,2,112.49,3812400,13.875000000098225,0,12.985369701706267,8671101692,active_state
1704337115.939,2024-01-04 02:58:35.939,2,102.12,3812472,13.12499999994543,0,12.983845648798468,8672515108,active_state
1704337116.502,2024-01-04 02:58:36.502,2,125.91,3812544,13.12499999994543,0,12.983845648798468,8674033011,active_state
1704337117.081,2024-01-04 02:58:37.081,2,114.97,3812616,13.749999999890875,0,12.988649463563858,8675321786,active_state
1704337117.646,2024-01-04 02:58:37.646,2,104.39,3812652,13.749999999890875,0,12.988649463563858,8676739424,active_state
1704337118.213,2024-01-04 02:58:38.213,2,98.77,3812688,13.187500000049099,0,13.021203233674497,8678214325,active_state
1704337118.796,2024-01-04 02:58:38.796,2,124.09,3812760,13.250000000016371,0,13.011242023869107,8679557420,active_state
1704337119.358,2024-01-04 02:58:39.358,2,98.45,3812832,13.250000000016371,0,13.011242023869107,8680977972,active_state
1704337119.925,2024-01-04 02:58:39.925,2,100.62,3812904,13.625000000092783,0,12.96561797602116,8682234326,active_state
1704337120.488,2024-01-04 02:58:40.488,2,125.37,3812976,13.625000000092783,0,12.96561797602116,8683608807,active_state
1704337121.051,2024-01-04 02:58:41.051,2,100.31,3813048,13.74999999993635,0,12.972153114889814,8685004471,active_state
1704337121.613,2024-01-04 02:58:41.613,2,101.41,3813084,13.74999999993635,0,12.972153114889814,8686477350,active_state
1704337122.178,2024-01-04 02:58:42.178,2,130.23,3813156,13.437500000009095,0,12.96616663506797,8687960206,active_state
1704337122.74,2024-01-04 02:58:42.740,2,122.61,3813228,13.437500000009095,0,12.96616663506797,8689363459,active_state
1704337123.313,2024-01-04 02:58:43.313,2,100.16,3813300,13.375000000087311,0,12.954010789075346,8690778812,active_state
1704337123.88,2024-01-04 02:58:43.880,2,101.19,3813336,13.187499999912674,0,12.92400523542655,8691879402,active_state
1704337124.444,2024-01-04 02:58:44.444,2,106.78,3813408,13.187499999912674,0,12.92400523542655,8693343356,active_state
1704337125.006,2024-01-04 02:58:45.006,2,119.8,3813480,13.875000000007262,0,12.940928318914777,8694731232,active_state
1704337125.571,2024-01-04 02:58:45.571,2,103.16,3813516,13.875000000007262,0,12.940928318914777,8696095966,active_state
1704337126.143,2024-01-04 02:58:46.143,2,99.87,3813588,13.687499999923602,0,12.953413360335485,8697590926,active_state
1704337126.705,2024-01-04 02:58:46.705,2,116.69,3813660,13.687499999923602,0,12.953413360335485,8699007987,active_state
1704337127.286,2024-01-04 02:58:47.286,2,104.18,3813732,13.249999999970882,0,12.967519994050097,8700386194,active_state
1704337127.846,2024-01-04 02:58:47.846,2,98.96,3813804,13.12500000012733,0,12.967715072822298,8701829057,active_state
1704337128.409,2024-01-04 02:58:48.409,2,103.69,3813840,13.12500000012733,0,12.967715072822298,8703208781,active_state
1704337128.978,2024-01-04 02:58:48.978,2,120.89,3813912,13.43749999991816,0,12.96880019849265,8704634039,active_state
1704337129.54,2024-01-04 02:58:49.540,2,104.41,3813984,13.43749999991816,0,12.96880019849265,8706113960,active_state
1704337130.106,2024-01-04 02:58:50.106,2,98.83,3814020,13.56250000008005,0,12.966983527426551,8707429887,active_state
1704337130.685,2024-01-04 02:58:50.685,2,121.6,3814092,13.56250000008005,0,12.966983527426551,8708815060,active_state
1704337131.291,2024-01-04 02:58:51.291,2,103.86,3814164,13.062500000023633,0,12.98477227296641,8710323510,active_state
1704337131.915,2024-01-04 02:58:51.915,2,101.45,3814236,14.06249999986359,0,13.003499835097475,8711818759,active_state
1704337132.478,2024-01-04 02:58:52.478,2,124.12,3814308,14.06249999986359,0,13.003499835097475,8713181003,active_state
1704337133.044,2024-01-04 02:58:53.044,2,118.23,3814380,12.812500000018176,0,12.990417364936906,8714705476,active_state
1704337133.608,2024-01-04 02:58:53.608,2,106.5,3814416,12.812500000018176,0,12.990417364936906,8715987049,active_state
1704337134.18,2024-01-04 02:58:54.180,2,101.77,3814488,13.937500000110958,0,13.015046059926979,8717370237,active_state
1704337134.758,2024-01-04 02:58:54.758,2,121.17,3814560,12.624999999934516,0,13.001195467100878,8718865072,active_state
1704337135.321,2024-01-04 02:58:55.321,2,103.76,3814596,12.624999999934516,0,13.001195467100878,8720225507,active_state
1704337135.884,2024-01-04 02:58:55.884,2,100.67,3814668,14.687499999990905,0,12.989905283159885,8721672903,active_state
1704337136.462,2024-01-04 02:58:56.462,2,127.13,3814740,14.687499999990905,0,12.989905283159885,8723186117,active_state
1704337137.036,2024-01-04 02:58:57.036,2,119.77,3814776,12.68749999994725,0,12.945341976135772,8724625699,active_state
1704337137.599,2024-01-04 02:58:57.599,2,104.98,3814848,12.68749999994725,0,12.945341976135772,8725998833,active_state
1704337138.179,2024-01-04 02:58:58.179,2,99.09,3814920,13.25000000010732,0,12.923651655151938,8727519694,active_state
1704337138.742,2024-01-04 02:58:58.742,2,121.81,3814992,13.25000000010732,0,12.923651655151938,8728923559,active_state
1704337139.309,2024-01-04 02:58:59.309,2,97.73,3815064,13.500000000021828,0,12.931430421193358,8730313932,active_state
1704337139.868,2024-01-04 02:58:59.868,2,101.35,3815100,13.56250000003456,0,12.943683806572082,8731737358,active_state
1704337140.438,2024-01-04 02:59:00.438,2,97.6,3815136,13.56250000003456,0,12.943683806572082,8733077308,active_state
1704337141.001,2024-01-04 02:59:01.001,2,118.45,3815208,13.437499999781707,0,12.950109213631372,8734418289,active_state
1704337443.363,2024-01-04 03:04:03.363,2,80.27,3841236,0.3125000000636504,0,7.08179835804636,9452466398,warm_cpu_to_warm_disk_process
1704337443.945,2024-01-04 03:04:03.945,2,84.66,3841308,1.8750000001091394,0,7.116863767349056,9455620370,warm_cpu_to_warm_disk_process
1704337444.365,2024-01-04 03:04:04.365,2,69.49,3841344,1.8750000001091394,0,7.116863767349056,9456243774,warm_cpu_to_warm_disk_process
1704337444.685,2024-01-04 03:04:04.685,2,72.9,3841380,1.8750000001091394,0,7.116863767349056,9456512091,warm_cpu_to_warm_disk_process
1704337444.998,2024-01-04 03:04:04.998,2,70.82,3841380,1.8749999999272404,0,5.759822673396071,9457124770,warm_cpu_to_warm_disk_process
1704337445.306,2024-01-04 03:04:05.306,2,83.58,3841416,1.8749999999272404,0,5.759822673396071,9457434976,warm_cpu_to_warm_disk_process
1704337445.623,2024-01-04 03:04:05.623,2,98.81,3841416,1.8749999999272404,0,5.759822673396071,9457701316,warm_cpu_to_warm_disk_process
1704337445.935,2024-01-04 03:04:05.935,2,86.53,3841452,0.8124999999381544,0,5.728293066839473,9458245612,warm_cpu_to_warm_disk_process
1704337446.255,2024-01-04 03:04:06.255,2,81.17,3841488,0.8124999999381544,0,5.728293066839473,9458659526,warm_cpu_to_warm_disk_process
1704337446.572,2024-01-04 03:04:06.572,2,75.65,3841524,0.8124999999381544,0,5.728293066839473,9458975230,warm_cpu_to_warm_disk_process
1704337446.884,2024-01-04 03:04:06.884,2,61.22,3841524,0.2500000000509175,0,5.736949687355787,9459236133,warm_cpu_to_warm_disk_process
1704337447.769,2024-01-04 03:04:07.769,2,55.65,3841596,1.1249999999108695,0,5.725403462526282,9459975962,warm_cpu_to_warm_disk_process
1704337454.444,2024-01-04 03:04:14.444,2,76.31,3842100,0.1250000000709406,0,5.723428289957772,9461265016,warm_cpu_to_warm_disk_process
1704337454.751,2024-01-04 03:04:14.751,2,91.22,3842136,0.1250000000709406,0,5.723428289957772,9461560793,warm_cpu_to_warm_disk_process
1704337455.057,2024-01-04 03:04:15.057,2,83.08,3842172,0.9999999999763673,0,5.726086238228977,9461808215,warm_cpu_to_warm_disk_process
1704337455.373,2024-01-04 03:04:15.373,2,85.09,3842172,0.9999999999763673,0,5.726086238228977,9462338412,warm_cpu_to_warm_disk_process
1704337455.689,2024-01-04 03:04:15.689,2,58.85,3842208,0.9999999999763673,0,5.726086238228977,9462933564,warm_cpu_to_warm_disk_process
1704337456.003,2024-01-04 03:04:16.003,2,66.95,3842208,1.0624999999436255,0,5.730012198519474,9463182026,warm_cpu_to_warm_disk_process
1704337456.328,2024-01-04 03:04:16.328,2,64.75,3842244,1.0624999999436255,0,5.730012198519474,9463484593,warm_cpu_to_warm_disk_process
1704337456.649,2024-01-04 03:04:16.649,2,66.08,3842244,1.0624999999436255,0,5.730012198519474,9464104116,warm_cpu_to_warm_disk_process
1704337456.959,2024-01-04 03:04:16.959,2,85.26,3842280,0.9375000000090807,0,5.73545001929451,9464368822,warm_cpu_to_warm_disk_process
1704337457.323,2024-01-04 03:04:17.323,2,77.81,3842316,0.9375000000090807,0,5.73545001929451,9464690905,warm_cpu_to_warm_disk_process
1704337457.643,2024-01-04 03:04:17.643,2,70.0,3842352,0.9375000000090807,0,5.73545001929451,9465078163,warm_cpu_to_warm_disk_process
1704337457.954,2024-01-04 03:04:17.954,2,65.34,3842352,1.6875000000709406,0,5.722550435482878,9465582032,warm_cpu_to_warm_disk_process
1704337458.263,2024-01-04 03:04:18.263,2,73.23,3842388,1.6875000000709406,0,5.722550435482878,9465814438,warm_cpu_to_warm_disk_process
1704337458.58,2024-01-04 03:04:18.580,2,89.1,3842388,1.6875000000709406,0,5.722550435482878,9466112230,warm_cpu_to_warm_disk_process
1704337458.895,2024-01-04 03:04:18.895,2,83.55,3842424,0.062499999921783456,0,5.711126134885998,9466700093,warm_cpu_to_warm_disk_process
1704337459.208,2024-01-04 03:04:19.208,2,83.08,3842460,0.062499999921783456,0,5.711126134885998,9466974983,warm_cpu_to_warm_disk_process
1704337459.514,2024-01-04 03:04:19.514,2,67.59,3842496,0.062499999921783456,0,5.711126134885998,9467276357,warm_cpu_to_warm_disk_process
1704337459.82,2024-01-04 03:04:19.820,2,65.07,3842496,1.0624999999436113,0,5.700031029717203,9467521299,warm_cpu_to_warm_disk_process
1704337460.155,2024-01-04 03:04:20.155,2,55.06,3842532,1.0624999999436113,0,5.700031029717203,9468190269,warm_cpu_to_warm_disk_process
1704337460.462,2024-01-04 03:04:20.462,2,96.48,3842568,1.0624999999436113,0,5.700031029717203,9468471745,warm_cpu_to_warm_disk_process
1704337460.773,2024-01-04 03:04:20.773,2,86.11,3842568,0.624999999990905,0,5.731048554496779,9468780777,warm_cpu_to_warm_disk_process
1704337461.088,2024-01-04 03:04:21.088,2,79.97,3842604,0.624999999990905,0,5.731048554496779,9469171151,warm_cpu_to_warm_disk_process
1704337461.404,2024-01-04 03:04:21.404,2,85.2,3842604,0.624999999990905,0,5.731048554496779,9469647508,warm_cpu_to_warm_disk_process
1704337461.714,2024-01-04 03:04:21.714,2,60.73,3842640,0.624999999990905,0,5.731048554496779,9469876094,warm_cpu_to_warm_disk_process
1704337462.023,2024-01-04 03:04:22.023,2,61.21,3842676,1.4375000001109441,0,5.751800058889405,9470169646,warm_cpu_to_warm_disk_process
1704337462.332,2024-01-04 03:04:22.332,2,64.47,3842676,1.4375000001109441,0,5.751800058889405,9470696563,warm_cpu_to_warm_disk_process
1704337462.645,2024-01-04 03:04:22.645,2,64.96,3842712,1.4375000001109441,0,5.751800058889405,9471007887,warm_cpu_to_warm_disk_process
1704337463.003,2024-01-04 03:04:23.003,2,85.38,3842748,0.4999999999654392,0,5.763516977644582,9471250750,warm_cpu_to_warm_disk_process
1704337463.311,2024-01-04 03:04:23.311,2,85.65,3842748,0.4999999999654392,0,5.763516977644582,9471574984,warm_cpu_to_warm_disk_process
1704337463.628,2024-01-04 03:04:23.628,2,83.65,3842784,0.4999999999654392,0,5.763516977644582,9472144087,warm_cpu_to_warm_disk_process
1704337463.938,2024-01-04 03:04:23.938,2,64.04,3842820,0.8750000000873115,0,5.737278882783872,9472459046,warm_cpu_to_warm_disk_process
1704337464.259,2024-01-04 03:04:24.259,2,63.18,3842820,0.8750000000873115,0,5.737278882783872,9472754152,warm_cpu_to_warm_disk_process
1704337464.569,2024-01-04 03:04:24.569,2,66.29,3842856,0.8750000000873115,0,5.737278882783872,9473263004,warm_cpu_to_warm_disk_process
1704337464.88,2024-01-04 03:04:24.880,2,88.49,3842892,0.8124999998926796,0,5.737083804011673,9473609626,warm_cpu_to_warm_disk_process
1704337465.19,2024-01-04 03:04:25.190,2,78.04,3842892,0.8124999998926796,0,5.737083804011673,9473906408,warm_cpu_to_warm_disk_process
1704337465.502,2024-01-04 03:04:25.502,2,86.08,3842928,0.8124999998926796,0,5.737083804011673,9474170937,warm_cpu_to_warm_disk_process
1704337465.806,2024-01-04 03:04:25.806,2,56.6,3842928,1.6875000000254374,0,5.752677913364298,9474823280,warm_cpu_to_warm_disk_process
1704337466.178,2024-01-04 03:04:26.178,2,59.35,3842964,1.6875000000254374,0,5.752677913364298,9475086528,warm_cpu_to_warm_disk_process
1704337466.496,2024-01-04 03:04:26.496,2,68.34,3843000,1.6875000000254374,0,5.752677913364298,9475400806,warm_cpu_to_warm_disk_process
1704337466.81,2024-01-04 03:04:26.810,2,63.47,3843000,0.12500000002546585,0,5.7482520637200425,9475748290,warm_cpu_to_warm_disk_process
1704337467.152,2024-01-04 03:04:27.152,2,90.33,3843036,0.12500000002546585,0,5.7482520637200425,9476288577,warm_cpu_to_warm_disk_process
1704337467.473,2024-01-04 03:04:27.473,2,92.89,3843072,0.12500000002546585,0,5.7482520637200425,9476602795,warm_cpu_to_warm_disk_process
1704337467.797,2024-01-04 03:04:27.797,2,76.82,3843108,2.577191235005401,0,5.72352582934387,9476928726,warm_cpu_to_warm_disk_process
1704337468.117,2024-01-04 03:04:28.117,2,56.58,3843108,2.577191235005401,0,5.72352582934387,9477475709,warm_cpu_to_warm_disk_process
1704337468.475,2024-01-04 03:04:28.475,2,71.04,3843144,2.577191235005401,0,5.72352582934387,9477823282,warm_cpu_to_warm_disk_process
1704337468.789,2024-01-04 03:04:28.789,2,61.4,3843144,0.9161646586747167,0,5.709858122866707,9478145825,warm_cpu_to_warm_disk_process
1704337469.19,2024-01-04 03:04:29.190,2,87.74,3843180,0.9161646586747167,0,5.709858122866707,9479166780,warm_cpu_to_warm_disk_process
1704337469.684,2024-01-04 03:04:29.684,2,63.8,3843252,0.9161646586747167,0,5.709858122866707,9479822050,warm_cpu_to_warm_disk_process
1704337469.994,2024-01-04 03:04:29.994,2,64.35,3843252,1.1249999999108695,0,5.6863999005098265,9480122821,warm_cpu_to_warm_disk_process
1704337470.303,2024-01-04 03:04:30.303,2,59.16,3843288,1.1249999999108695,0,5.6863999005098265,9480510498,warm_cpu_to_warm_disk_process
1704337470.616,2024-01-04 03:04:30.616,2,69.74,3843288,1.1249999999108695,0,5.6863999005098265,9480990781,warm_cpu_to_warm_disk_process
1704337470.93,2024-01-04 03:04:30.930,2,85.54,3843324,0.8750000000873257,0,5.706553976162594,9481414036,warm_cpu_to_warm_disk_process
1704337471.242,2024-01-04 03:04:31.242,2,84.77,3843324,0.8750000000873257,0,5.706553976162594,9481722423,warm_cpu_to_warm_disk_process
1704337471.551,2024-01-04 03:04:31.551,2,92.03,3843360,0.8750000000873257,0,5.706553976162594,9481987486,warm_cpu_to_warm_disk_process
1704337471.859,2024-01-04 03:04:31.859,2,63.33,3843396,1.24999999998181,0,5.71038239706699,9482613050,warm_cpu_to_warm_disk_process
1704337472.166,2024-01-04 03:04:32.166,2,59.82,3843396,1.24999999998181,0,5.71038239706699,9482901381,warm_cpu_to_warm_disk_process
1704337472.476,2024-01-04 03:04:32.476,2,68.41,3843432,1.24999999998181,0,5.71038239706699,9483146861,warm_cpu_to_warm_disk_process
1704337472.787,2024-01-04 03:04:32.787,2,62.45,3843432,1.4374999999290594,0,5.696397687585004,9483465826,warm_cpu_to_warm_disk_process
1704337473.099,2024-01-04 03:04:33.099,2,79.13,3843468,1.4374999999290594,0,5.696397687585004,9484063298,warm_cpu_to_warm_disk_process
1704337473.413,2024-01-04 03:04:33.413,2,89.45,3843504,1.4374999999290594,0,5.696397687585004,9484389314,warm_cpu_to_warm_disk_process
1704337473.726,2024-01-04 03:04:33.726,2,78.17,3843540,1.4374999999290594,0,5.696397687585004,9484653291,warm_cpu_to_warm_disk_process
1704337474.038,2024-01-04 03:04:34.038,2,65.81,3843540,3.062500000123677,0,5.652882928961455,9485073038,warm_cpu_to_warm_disk_process
1704337474.39,2024-01-04 03:04:34.390,0,63.81,3843576,3.062500000123677,0,5.652882928961455,9486594020,warm_cpu_to_warm_disk_process
1704337500.471,2024-01-04 03:05:00.471,2,67.1,3845592,1.4713279678178282,0,8.578040348386303,9552226875,active_to_warm_disk_process
1704337500.831,2024-01-04 03:05:00.831,2,58.86,3845592,0.5625000000691074,0,8.594561081906871,9553269591,active_to_warm_disk_process
1704337501.299,2024-01-04 03:05:01.299,2,83.2,3845664,0.5625000000691074,0,8.594561081906871,9555901621,active_to_warm_disk_process
1704337501.64,2024-01-04 03:05:01.640,2,87.97,3845664,0.5625000000691074,0,8.594561081906871,9557292472,active_to_warm_disk_process
1704337502.032,2024-01-04 03:05:02.032,2,64.75,3845700,1.4999999998963176,0,8.609143220128715,9558901464,active_to_warm_disk_process
1704337502.411,2024-01-04 03:05:02.411,2,65.69,3845736,1.4999999998963176,0,8.609143220128715,9561979809,active_to_warm_disk_process
1704337502.793,2024-01-04 03:05:02.793,2,62.9,3845736,0.8749999999963478,0,8.585038799338927,9564268426,active_to_warm_disk_process
1704337503.399,2024-01-04 03:05:03.399,2,86.9,3845808,0.8749999999963478,0,8.585038799338927,9565200207,active_to_warm_disk_process
1704337509.099,2024-01-04 03:05:09.099,2,87.03,3846204,1.3124999999035936,0,8.591866556365877,9566912803,active_to_warm_disk_process
1704337509.439,2024-01-04 03:05:09.439,2,82.29,3846240,1.3124999999035936,0,8.591866556365877,9567325321,active_to_warm_disk_process
1704337509.757,2024-01-04 03:05:09.757,2,64.4,3846276,1.437500000020023,0,7.1431262470562915,9567666407,active_to_warm_disk_process
1704337510.075,2024-01-04 03:05:10.075,2,67.48,3846276,1.437500000020023,0,7.1431262470562915,9568205669,active_to_warm_disk_process
1704337510.415,2024-01-04 03:05:10.415,2,56.77,3846312,1.437500000020023,0,7.1431262470562915,9568602269,active_to_warm_disk_process
1704337510.803,2024-01-04 03:05:10.803,2,69.17,3846312,1.499999999987267,0,5.722928400604013,9568984565,active_to_warm_disk_process
1704337511.109,2024-01-04 03:05:11.109,2,102.15,3846384,1.499999999987267,0,5.722928400604013,9569509854,active_to_warm_disk_process
1704337511.424,2024-01-04 03:05:11.424,2,101.43,3846384,1.499999999987267,0,5.722928400604013,9569819346,active_to_warm_disk_process
1704337511.742,2024-01-04 03:05:11.742,2,92.56,3846420,1.499999999987267,0,5.722928400604013,9570128833,active_to_warm_disk_process
1704337512.056,2024-01-04 03:05:12.056,2,96.8,3846456,1.1875000000145377,0,5.729012419811956,9570365284,active_to_warm_disk_process
1704337512.374,2024-01-04 03:05:12.374,2,97.71,3846492,1.1875000000145377,0,5.729012419811956,9570994188,active_to_warm_disk_process
1704337512.679,2024-01-04 03:05:12.679,2,93.88,3846528,1.1875000000145377,0,5.729012419811956,9571310982,active_to_warm_disk_process
1704337512.989,2024-01-04 03:05:12.989,2,98.95,3846564,-0.25000000009642065,0,5.752909569406284,9571615863,active_to_warm_disk_process
1704337513.297,2024-01-04 03:05:13.297,2,87.9,3846600,-0.25000000009642065,0,5.752909569406284,9572039645,active_to_warm_disk_process
1704337513.619,2024-01-04 03:05:13.619,2,92.65,3846600,-0.25000000009642065,0,5.752909569406284,9572456687,active_to_warm_disk_process
1704337513.93,2024-01-04 03:05:13.930,2,83.08,3846636,0.9375000001455192,0,5.753811808727702,9572775221,active_to_warm_disk_process
1704337514.27,2024-01-04 03:05:14.270,2,66.16,3846672,0.9375000001455192,0,5.753811808727702,9573125966,active_to_warm_disk_process
1704337514.583,2024-01-04 03:05:14.583,2,68.42,3846672,0.9375000001455192,0,5.753811808727702,9573684473,active_to_warm_disk_process
1704337514.896,2024-01-04 03:05:14.896,2,73.11,3846708,1.312499999949054,0,5.756420987305858,9574004081,active_to_warm_disk_process
1704337515.207,2024-01-04 03:05:15.207,2,89.72,3846708,1.312499999949054,0,5.756420987305858,9574302673,active_to_warm_disk_process
1704337515.52,2024-01-04 03:05:15.520,2,91.49,3846744,1.312499999949054,0,5.756420987305858,9574599545,active_to_warm_disk_process
1704337515.856,2024-01-04 03:05:15.856,2,84.21,3846780,0.6250000001273293,0,5.7563844100360715,9575189102,active_to_warm_disk_process
1704337516.214,2024-01-04 03:05:16.214,2,78.91,3846816,0.6250000001273293,0,5.7563844100360715,9575520483,active_to_warm_disk_process
1704337516.524,2024-01-04 03:05:16.524,2,69.67,3846852,0.6250000001273293,0,5.7563844100360715,9575864838,active_to_warm_disk_process
1704337516.838,2024-01-04 03:05:16.838,2,57.25,3846852,0.8124999998926796,0,5.7442651413132335,9576426071,active_to_warm_disk_process
1704337517.163,2024-01-04 03:05:17.163,2,84.34,3846888,0.8124999998926796,0,5.7442651413132335,9576726259,active_to_warm_disk_process
1704337517.486,2024-01-04 03:05:17.486,2,90.84,3846924,0.8124999998926796,0,5.7442651413132335,9577130928,active_to_warm_disk_process
1704337517.801,2024-01-04 03:05:17.801,2,81.01,3846924,1.625000000012733,0,5.717990469182736,9577476566,active_to_warm_disk_process
1704337518.114,2024-01-04 03:05:18.114,2,55.52,3846960,1.625000000012733,0,5.717990469182736,9578001418,active_to_warm_disk_process
1704337518.421,2024-01-04 03:05:18.421,2,63.57,3846960,1.625000000012733,0,5.717990469182736,9578429470,active_to_warm_disk_process
1704337518.733,2024-01-04 03:05:18.733,2,58.05,3846996,1.625000000012733,0,5.717990469182736,9578745517,active_to_warm_disk_process
1704337519.066,2024-01-04 03:05:19.066,2,87.51,3847032,0.7499999998799467,0,5.727927294141601,9579206356,active_to_warm_disk_process
1704337519.422,2024-01-04 03:05:19.422,2,87.64,3847032,0.7499999998799467,0,5.727927294141601,9579698352,active_to_warm_disk_process
1704337519.735,2024-01-04 03:05:19.735,2,82.32,3847068,0.7499999998799467,0,5.727927294141601,9579996484,active_to_warm_disk_process
1704337520.046,2024-01-04 03:05:20.046,2,85.94,3847104,0.625000000036394,0,5.732084910474084,9580298835,active_to_warm_disk_process
1704337520.353,2024-01-04 03:05:20.353,2,67.49,3847104,0.625000000036394,0,5.732084910474084,9580831201,active_to_warm_disk_process
1704337520.682,2024-01-04 03:05:20.682,2,57.77,3847140,0.625000000036394,0,5.732084910474084,9581298842,active_to_warm_disk_process
1704337520.997,2024-01-04 03:05:20.997,2,62.03,3847176,0.6874999999581632,0,5.746630471426141,9581606513,active_to_warm_disk_process
1704337521.313,2024-01-04 03:05:21.313,2,83.98,3847176,0.6874999999581632,0,5.746630471426141,9581895694,active_to_warm_disk_process
1704337521.641,2024-01-04 03:05:21.641,2,90.74,3847212,0.6874999999581632,0,5.746630471426141,9582453542,active_to_warm_disk_process
1704337521.949,2024-01-04 03:05:21.949,2,61.13,3847248,1.8750000000636646,0,5.74591111845366,9582765742,active_to_warm_disk_process
1704337522.262,2024-01-04 03:05:22.262,2,63.7,3847248,1.8750000000636646,0,5.74591111845366,9583066586,active_to_warm_disk_process
1704337522.571,2024-01-04 03:05:22.571,2,67.9,3847284,1.8750000000636646,0,5.74591111845366,9583543339,active_to_warm_disk_process
1704337522.896,2024-01-04 03:05:22.896,2,61.82,3847284,0.3749999999854481,0,5.758335197758057,9583969801,active_to_warm_disk_process
1704337523.208,2024-01-04 03:05:23.208,2,80.12,3847320,0.3749999999854481,0,5.758335197758057,9584270232,active_to_warm_disk_process
1704337523.522,2024-01-04 03:05:23.522,2,91.13,3847356,0.3749999999854481,0,5.758335197758057,9584583301,active_to_warm_disk_process
1704337523.826,2024-01-04 03:05:23.826,2,77.67,3847356,1.1875000000600267,0,5.773880537417632,9585140032,active_to_warm_disk_process
1704337524.138,2024-01-04 03:05:24.138,2,58.15,3847392,1.1875000000600267,0,5.773880537417632,9585447082,active_to_warm_disk_process
1704337524.449,2024-01-04 03:05:24.449,2,58.77,3847392,1.1875000000600267,0,5.773880537417632,9585779511,active_to_warm_disk_process
1704337524.869,2024-01-04 03:05:24.869,2,63.7,3847428,0.5624999999781721,0,5.779379320308981,9586319209,active_to_warm_disk_process
1704337525.181,2024-01-04 03:05:25.181,2,81.03,3847464,0.5624999999781721,0,5.779379320308981,9586652819,active_to_warm_disk_process
1704337525.491,2024-01-04 03:05:25.491,2,93.22,3847500,0.5624999999781721,0,5.779379320308981,9586966786,active_to_warm_disk_process
1704337525.802,2024-01-04 03:05:25.802,2,78.11,3847500,0.8125000000291038,0,5.780866795946995,9587297986,active_to_warm_disk_process
1704337526.147,2024-01-04 03:05:26.147,2,61.44,3847536,0.8125000000291038,0,5.780866795946995,9588202091,active_to_warm_disk_process
1704337526.578,2024-01-04 03:05:26.578,2,72.64,3847572,0.8125000000291038,0,5.780866795946995,9589377414,active_to_warm_disk_process
1704337526.891,2024-01-04 03:05:26.891,2,61.31,3847572,1.312499999994543,0,5.77942809000203,9589627485,active_to_warm_disk_process
1704337527.206,2024-01-04 03:05:27.206,2,79.11,3847608,1.312499999994543,0,5.77942809000203,9590131495,active_to_warm_disk_process
1704337527.531,2024-01-04 03:05:27.531,2,95.46,3847644,1.312499999994543,0,5.77942809000203,9590604083,active_to_warm_disk_process
1704337527.849,2024-01-04 03:05:27.849,2,79.54,3847644,2.062500000010914,0,5.753531382992667,9590886295,active_to_warm_disk_process
1704337528.157,2024-01-04 03:05:28.157,2,56.46,3847680,2.062500000010914,0,5.753531382992667,9591232017,active_to_warm_disk_process
1704337528.481,2024-01-04 03:05:28.481,2,72.0,3847716,2.062500000010914,0,5.753531382992667,9591945882,active_to_warm_disk_process
1704337528.798,2024-01-04 03:05:28.798,2,57.0,3847716,1.1250000000927542,0,5.746606086579617,9592312933,active_to_warm_disk_process
1704337529.111,2024-01-04 03:05:29.111,2,82.41,3847752,1.1250000000927542,0,5.746606086579617,9592545545,active_to_warm_disk_process
1704337529.447,2024-01-04 03:05:29.447,2,79.7,3847752,1.1250000000927542,0,5.746606086579617,9593140154,active_to_warm_disk_process
1704337529.763,2024-01-04 03:05:29.763,2,79.25,3847788,0.8749999999963478,0,5.744082254964297,9593671492,active_to_warm_disk_process
1704337530.074,2024-01-04 03:05:30.074,2,60.99,3847824,0.8749999999963478,0,5.744082254964297,9593965730,active_to_warm_disk_process
1704337530.388,2024-01-04 03:05:30.388,2,59.73,3847824,0.8749999999963478,0,5.744082254964297,9594210885,active_to_warm_disk_process
1704337530.722,2024-01-04 03:05:30.722,2,63.48,3847860,0.8749999999963478,0,5.744082254964297,9594983122,active_to_warm_disk_process
1704337531.056,2024-01-04 03:05:31.056,2,83.42,3847896,1.4040755466582056,0,5.730377971217346,9595291781,active_to_warm_disk_process
1704337531.375,2024-01-04 03:05:31.375,2,83.68,3847896,1.4040755466582056,0,5.730377971217346,9595597344,active_to_warm_disk_process
1704337531.678,2024-01-04 03:05:31.678,2,80.5,3847932,1.4040755466582056,0,5.730377971217346,9595851358,active_to_warm_disk_process
1704337531.99,2024-01-04 03:05:31.990,2,86.94,3847968,0.5281690141321036,0,5.731938601394935,9596476163,active_to_warm_disk_process
1704337532.306,2024-01-04 03:05:32.306,2,64.32,3848004,0.5281690141321036,0,5.731938601394935,9596817231,active_to_warm_disk_process
1704337532.614,2024-01-04 03:05:32.614,1,71.31,3848004,0.5281690141321036,0,5.731938601394935,9597595559,active_to_warm_disk_process
1704337532.897,2024-01-04 03:05:32.897,1,67.39,3848040,3.3124999999017746,0,5.684631999136776,9597818401,active_to_warm_disk_process
1704337533.171,2024-01-04 03:05:33.171,1,86.06,3848040,3.3124999999017746,0,5.684631999136776,9598168940,active_to_warm_disk_process
