1704803943.175,2024-01-09 12:39:03.175,0,76.09,41667732,1.0000000002037126,0,6.4552541114375295,208796703000,null_state
1704803944.129,2024-01-09 12:39:04.129,0,54.91,41667804,7.374999999592561,0,6.435221960017386,208796933449,null_state
1704803944.655,2024-01-09 12:39:04.655,0,64.92,41667840,7.374999999592561,0,6.435221960017386,208797188436,null_state
1704803945.347,2024-01-09 12:39:05.347,0,80.06,41667912,0.8750000004510952,0,6.45040152697909,208797403255,null_state
1704803945.875,2024-01-09 12:39:05.875,0,77.31,41667948,8.750000000145505,0,6.448084966559231,208797733291,null_state
1704803946.408,2024-01-09 12:39:06.408,0,56.74,41667984,8.750000000145505,0,6.448084966559231,208798115958,null_state
1704803946.935,2024-01-09 12:39:06.935,0,95.44,41668020,0.5000000001018492,0,6.451120879951572,208798357603,null_state
1704803947.458,2024-01-09 12:39:07.458,0,107.11,41668092,0.5000000001018492,0,6.451120879951572,208798611152,null_state
1704803947.983,2024-01-09 12:39:07.983,0,96.5,41668128,7.625000000189189,0,6.4300767574006485,208798994948,null_state
1704803948.506,2024-01-09 12:39:08.506,0,67.33,41668164,7.625000000189189,0,6.4300767574006485,208799256347,null_state
1704803949.033,2024-01-09 12:39:09.033,0,69.06,41668200,0.9999999998399431,0,6.434612338854266,208799524300,null_state
1704803949.555,2024-01-09 12:39:09.555,0,106.58,41668236,0.9999999998399431,0,6.434612338854266,208799783025,null_state
1704803950.078,2024-01-09 12:39:10.078,0,56.58,41668272,8.000000000174609,0,6.424919362360648,208800059341,null_state
1704803950.603,2024-01-09 12:39:10.603,0,65.12,41668308,8.000000000174609,0,6.424919362360648,208800335933,null_state
1704803951.132,2024-01-09 12:39:11.132,0,51.84,41668344,0.7500000003346656,0,6.428833130227883,208800631567,null_state
1704803951.655,2024-01-09 12:39:11.655,0,111.14,41668416,0.7500000003346656,0,6.428833130227883,208800907376,null_state
1704803952.184,2024-01-09 12:39:12.184,0,78.48,41668452,8.374999999432475,0,6.395401505642348,208801183246,null_state
1704803952.718,2024-01-09 12:39:12.718,0,58.44,41668488,8.374999999432475,0,6.395401505642348,208801449131,null_state
1704803953.244,2024-01-09 12:39:13.244,0,80.21,41668524,0.3125000002910241,0,6.3903538424117095,208801662759,null_state
1704803953.767,2024-01-09 12:39:13.767,0,112.08,41668560,7.749999999941792,0,6.425919141068166,208802029412,null_state
1704803954.291,2024-01-09 12:39:14.291,0,64.45,41668596,7.749999999941792,0,6.425919141068166,208802272817,null_state
1704803954.818,2024-01-09 12:39:14.818,0,59.11,41668632,0.8750000000873115,0,6.499963727540795,208802553972,null_state
1704803955.34,2024-01-09 12:39:15.340,0,81.84,41668668,0.8750000000873115,0,6.499963727540795,208802806567,null_state
1704803955.864,2024-01-09 12:39:15.864,0,99.05,41668740,7.624999999825377,0,6.438331027949301,208803110361,null_state
1704803956.388,2024-01-09 12:39:16.388,0,74.8,41668776,7.624999999825377,0,6.438331027949301,208803385945,null_state
1704803956.911,2024-01-09 12:39:16.911,0,63.56,41668812,0.8125000000290896,0,6.440611011099373,208803648142,null_state
1704803957.437,2024-01-09 12:39:17.437,0,86.94,41668848,0.8125000000290896,0,6.440611011099373,208804081812,null_state
1704803957.963,2024-01-09 12:39:17.963,0,95.85,41668884,7.624999999461579,0,6.388573748615397,208804393779,null_state
1704803958.5,2024-01-09 12:39:18.500,0,85.5,41668956,7.624999999461579,0,6.388573748615397,208804714379,null_state
1704803959.022,2024-01-09 12:39:19.022,0,64.34,41668956,0.7499999999708962,0,6.413921796577952,208804980352,null_state
1704803959.546,2024-01-09 12:39:19.546,0,86.74,41668992,0.7499999999708962,0,6.413921796577952,208805252379,null_state
1704803960.068,2024-01-09 12:39:20.068,0,86.87,41669064,8.000000000174623,0,6.3887932122341216,208805523688,null_state
1704803960.593,2024-01-09 12:39:20.593,0,87.34,41669100,8.000000000174623,0,6.3887932122341216,208805774673,null_state
1704803961.116,2024-01-09 12:39:21.116,0,62.36,41669136,0.9375000001455334,0,6.420749553604903,208806057403,null_state
1704803961.64,2024-01-09 12:39:21.640,0,87.15,41669172,0.9375000001455334,0,6.420749553604903,208806325237,null_state
1704803962.162,2024-01-09 12:39:22.162,0,94.15,41669208,8.12499999992724,0,6.3989860780814976,208806580093,null_state
1704803962.685,2024-01-09 12:39:22.685,0,80.41,41669280,8.12499999992724,0,6.3989860780814976,208806855056,null_state
1704803963.207,2024-01-09 12:39:23.207,0,83.23,41669316,0.6249999994906972,0,6.419152346157528,208807107275,null_state
1704803963.729,2024-01-09 12:39:23.729,0,91.79,41669352,0.6249999994906972,0,6.419152346157528,208807440665,null_state
1704803964.254,2024-01-09 12:39:24.254,0,81.87,41669388,8.250000000407454,0,6.386708307856249,208807701481,null_state
1704803964.779,2024-01-09 12:39:24.779,0,81.64,41669424,0.3749999999854481,0,6.3881470138012135,208807984170,null_state
1704803965.303,2024-01-09 12:39:25.303,0,62.8,41669496,0.3749999999854481,0,6.3881470138012135,208808267485,null_state
1704803965.833,2024-01-09 12:39:25.833,0,89.35,41669532,8.18749999962165,0,6.390195340909299,208808595748,null_state
1704803966.367,2024-01-09 12:39:26.367,0,77.73,41669568,8.18749999962165,0,6.390195340909299,208808866364,null_state
1704803966.896,2024-01-09 12:39:26.896,0,83.68,41669604,0.9375000008731149,0,6.373199102881497,208809147349,null_state
1704803967.421,2024-01-09 12:39:27.421,0,76.19,41669640,0.9375000008731149,0,6.373199102881497,208809354596,null_state
1704803967.949,2024-01-09 12:39:27.949,0,76.62,41669712,7.749999999578009,0,6.377051908632418,208809702396,null_state
1704803968.473,2024-01-09 12:39:28.473,0,64.91,41669748,7.749999999578009,0,6.377051908632418,208810036596,null_state
1704803968.997,2024-01-09 12:39:28.997,0,77.98,41669748,0.562499999796259,0,6.393206869455115,208810315560,null_state
1704803969.522,2024-01-09 12:39:29.522,0,108.15,41669820,0.562499999796259,0,6.393206869455115,208810585439,null_state
1704803970.047,2024-01-09 12:39:30.047,0,64.24,41669856,8.187500000713044,0,6.371175160619937,208810862361,null_state
1704803970.57,2024-01-09 12:39:30.570,0,61.84,41669892,8.187500000713044,0,6.371175160619937,208811113236,null_state
1704803971.095,2024-01-09 12:39:31.095,0,85.01,41669928,1.125000000320128,0,6.390463574221073,208811383289,null_state
1704803971.621,2024-01-09 12:39:31.621,0,109.29,41669964,1.125000000320128,0,6.390463574221073,208811663340,null_state
1704803972.146,2024-01-09 12:39:32.146,0,68.44,41670036,7.999999999083215,0,6.428357625720649,208811938146,null_state
1704803972.67,2024-01-09 12:39:32.670,0,57.94,41670072,7.999999999083215,0,6.428357625720649,208812200311,null_state
1704803973.193,2024-01-09 12:39:33.193,0,52.24,41670108,0.18750000017460877,0,6.443037303328593,208812454725,null_state
1704803973.719,2024-01-09 12:39:33.719,0,111.64,41670144,0.18750000017460877,0,6.443037303328593,208812751258,null_state
1704803974.251,2024-01-09 12:39:34.251,0,75.04,41670216,7.875000000058222,0,6.468787701258807,208813059880,null_state
1704803974.774,2024-01-09 12:39:34.774,0,58.88,41670216,0.6250000002182787,0,6.463459612293132,208813332372,null_state
1704803975.297,2024-01-09 12:39:35.297,0,76.54,41670252,0.6250000002182787,0,6.463459612293132,208813590417,null_state
1704803975.822,2024-01-09 12:39:35.822,0,113.91,41670324,8.562499999607112,0,6.455680846251714,208813902167,null_state
1704803976.35,2024-01-09 12:39:36.350,0,84.49,41670360,8.562499999607112,0,6.455680846251714,208814262714,null_state
1704803976.874,2024-01-09 12:39:36.874,0,61.89,41670396,0.7499999999708962,0,6.450243025476678,208814558379,null_state
1704803977.397,2024-01-09 12:39:37.397,0,66.25,41670432,0.7499999999708962,0,6.450243025476678,208814823691,null_state
1704803977.92,2024-01-09 12:39:37.920,0,83.83,41670468,7.43750000037835,0,6.450194255783629,208815140955,null_state
1704803978.447,2024-01-09 12:39:38.447,0,86.36,41670540,7.43750000037835,0,6.450194255783629,208815504171,null_state
1704803978.97,2024-01-09 12:39:38.970,0,75.22,41670576,1.2499999997089617,0,6.445609904636962,208815772936,null_state
1704803979.494,2024-01-09 12:39:39.494,0,88.23,41670612,1.2499999997089617,0,6.445609904636962,208816036266,null_state
1704803980.016,2024-01-09 12:39:40.016,0,88.05,41670648,7.812499999636202,0,6.435234152440648,208816315513,null_state
1704803980.541,2024-01-09 12:39:40.541,0,94.77,41670684,7.812499999636202,0,6.435234152440648,208816604929,null_state
1704803981.067,2024-01-09 12:39:41.067,0,75.27,41670756,0.6250000002182787,0,6.451389113263345,208816893992,null_state
1704803981.588,2024-01-09 12:39:41.588,0,91.96,41670792,0.6250000002182787,0,6.451389113263345,208817174887,null_state
1704803982.111,2024-01-09 12:39:42.111,0,52.36,41670828,7.74999999957798,0,6.460582200403203,208817443296,null_state
1704803982.638,2024-01-09 12:39:42.638,0,99.4,41670864,7.74999999957798,0,6.460582200403203,208817708207,null_state
1704803983.163,2024-01-09 12:39:43.163,0,76.23,41670900,0.3124999999272404,0,6.473189166056538,208817955820,null_state
1704803983.686,2024-01-09 12:39:43.686,0,90.62,41670972,0.3124999999272404,0,6.473189166056538,208818232689,null_state
1704803984.211,2024-01-09 12:39:44.211,0,56.0,41670972,7.6250000012805685,0,6.506828061837533,208818607043,null_state
1704803984.737,2024-01-09 12:39:44.737,0,57.55,41671008,7.6250000012805685,0,6.506828061837533,208818857112,null_state
1704803985.263,2024-01-09 12:39:45.263,0,78.67,41671080,0.9374999994179376,0,6.507840032968312,208819130053,null_state
1704803985.787,2024-01-09 12:39:45.787,0,108.94,41671116,7.812500000363798,0,6.500097844196681,208819417429,null_state
1704803986.31,2024-01-09 12:39:46.310,0,55.95,41671152,7.812500000363798,0,6.500097844196681,208819678067,null_state
1704803986.835,2024-01-09 12:39:46.835,0,57.11,41671188,0.6250000002182929,0,6.5001953835827795,208819985606,null_state
1704803987.358,2024-01-09 12:39:47.358,0,86.4,41671224,0.6250000002182929,0,6.5001953835827795,208820219387,null_state
1704803987.886,2024-01-09 12:39:47.886,0,94.71,41671296,7.999999999083229,0,6.489953748042354,208820506336,null_state
1704803988.407,2024-01-09 12:39:48.407,0,70.38,41671332,7.999999999083229,0,6.489953748042354,208820912277,null_state
1704803988.932,2024-01-09 12:39:48.932,0,61.41,41671368,1.312500000494751,0,6.478322176250013,208821171199,null_state
1704803989.457,2024-01-09 12:39:49.457,0,118.79,41671404,1.312500000494751,0,6.478322176250013,208821424908,null_state
1704803989.98,2024-01-09 12:39:49.980,0,95.83,41671440,7.999999999447041,0,6.453608134297103,208821676385,null_state
1704803990.503,2024-01-09 12:39:50.503,0,83.45,41671512,7.999999999447041,0,6.453608134297103,208821927766,null_state
1704803991.028,2024-01-09 12:39:51.028,0,60.98,41671512,0.0624999993306119,0,6.437343441665046,208822169838,null_state
1704803991.553,2024-01-09 12:39:51.553,0,91.05,41671548,0.0624999993306119,0,6.437343441665046,208822457666,null_state
1704803992.076,2024-01-09 12:39:52.076,0,88.23,41671620,8.125000001018648,0,6.432588396592704,208822719923,null_state
1704803992.604,2024-01-09 12:39:52.604,0,90.1,41671656,8.125000001018648,0,6.432588396592704,208822984075,null_state
1704803993.129,2024-01-09 12:39:53.129,0,73.37,41671692,0.8749999997235136,0,6.437526328013981,208823249503,null_state
1704803993.652,2024-01-09 12:39:53.652,0,90.95,41671728,0.8749999997235136,0,6.437526328013981,208823534066,null_state
1704803994.175,2024-01-09 12:39:54.175,0,53.59,41671764,7.625000000552959,0,6.452937551017671,208823845032,null_state
1704803994.698,2024-01-09 12:39:54.698,0,85.73,41671800,7.625000000552959,0,6.452937551017671,208824116977,null_state
1704803995.228,2024-01-09 12:39:55.228,0,92.04,41671836,0.4999999997380655,0,6.487807881548171,208824370026,null_state
1704803995.758,2024-01-09 12:39:55.758,0,91.0,41671908,9.43749999969441,0,6.492623888736822,208824739186,null_state
1704803996.281,2024-01-09 12:39:56.281,0,58.16,41671944,9.43749999969441,0,6.492623888736822,208824995220,null_state
1704803996.805,2024-01-09 12:39:56.805,0,87.93,41671980,0.7499999999708962,0,6.412580630019087,208825292222,null_state
1704803997.332,2024-01-09 12:39:57.332,0,74.66,41672016,0.7499999999708962,0,6.412580630019087,208825525399,null_state
1704803997.855,2024-01-09 12:39:57.855,0,74.75,41672088,8.437500000582077,0,6.3846355959016385,208825825427,null_state
1704803998.381,2024-01-09 12:39:58.381,0,55.02,41672088,8.437500000582077,0,6.3846355959016385,208826208466,null_state
1704803998.904,2024-01-09 12:39:58.904,0,83.9,41672160,0.43749999967985786,0,6.386184033655966,208826479067,null_state
1704803999.429,2024-01-09 12:39:59.429,0,59.88,41672196,0.43749999967985786,0,6.386184033655966,208826751931,null_state
1704803999.952,2024-01-09 12:39:59.952,0,73.65,41672232,8.375000000160085,0,6.393011790682916,208827017649,null_state
1704804000.476,2024-01-09 12:40:00.476,0,93.34,41672268,8.375000000160085,0,6.393011790682916,208827308808,null_state
1704804000.999,2024-01-09 12:40:00.999,0,81.92,41672304,0.8750000008149215,0,6.399181156853697,208827561627,null_state
1704804001.523,2024-01-09 12:40:01.523,0,89.53,41672340,0.8750000008149215,0,6.399181156853697,208827842783,null_state
1704804002.046,2024-01-09 12:40:02.046,0,74.95,41672376,8.06249999877764,0,6.364006015741637,208828105605,null_state
1704804002.569,2024-01-09 12:40:02.569,0,97.9,41672448,8.06249999877764,0,6.364006015741637,208828362696,null_state
1704804003.094,2024-01-09 12:40:03.094,0,78.03,41672484,0.3124999999272404,0,6.382672615756391,208828623872,null_state
1704804003.615,2024-01-09 12:40:03.615,0,108.17,41672520,0.3124999999272404,0,6.382672615756391,208828885684,null_state
1704804004.145,2024-01-09 12:40:04.145,0,54.57,41672556,7.749999999941792,0,6.4369288992741245,208829179723,null_state
1704804004.673,2024-01-09 12:40:04.673,0,56.16,41672592,7.749999999941792,0,6.4369288992741245,208829467376,null_state
1704804005.212,2024-01-09 12:40:05.212,0,85.82,41672628,0.8125000003929017,0,6.40602110630391,208829718430,null_state
1704804005.738,2024-01-09 12:40:05.738,0,111.71,41672700,0.8125000003929017,0,6.40602110630391,208830026270,null_state
1704804006.337,2024-01-09 12:40:06.337,0,56.29,41672736,7.8750000004220055,0,6.422883227675825,208830418404,null_to_cold_process
1704804006.797,2024-01-09 12:40:06.797,0,57.95,41672772,0.9999999998399147,0,6.453973906994976,208830567661,null_to_cold_process
1704804007.658,2024-01-09 12:40:07.658,0,113.13,41672844,0.9999999998399147,0,6.453973906994976,208830662064,null_to_cold_process
1704804012.34,2024-01-09 12:40:12.340,0,81.4,41673204,7.437500000378364,0,6.401619641506179,208831173518,null_to_cold_process
1704804012.713,2024-01-09 12:40:12.713,0,79.68,41673240,7.437500000378364,0,6.401619641506179,208831555116,null_to_cold_process
1704804012.946,2024-01-09 12:40:12.946,0,86.43,41673240,0.7499999999708962,0,6.385513450376533,208831681601,null_to_cold_process
1704804013.181,2024-01-09 12:40:13.181,0,59.97,41673276,0.7499999999708962,0,6.385513450376533,208831796639,null_to_cold_process
1704804013.413,2024-01-09 12:40:13.413,0,56.77,41673276,0.7499999999708962,0,6.385513450376533,208831938230,null_to_cold_process
1704804013.644,2024-01-09 12:40:13.644,0,89.19,41673312,0.7499999999708962,0,6.385513450376533,208832057915,null_to_cold_process
1704804013.881,2024-01-09 12:40:13.881,0,74.85,41673312,8.437500000218279,0,6.402631612636959,208832198965,null_to_cold_process
1704804014.112,2024-01-09 12:40:14.112,0,88.38,41673348,8.437500000218279,0,6.402631612636959,208832386862,null_to_cold_process
1704804014.345,2024-01-09 12:40:14.345,0,93.72,41673384,8.437500000218279,0,6.402631612636959,208832502023,null_to_cold_process
1704804014.574,2024-01-09 12:40:14.574,0,98.39,41673384,8.437500000218279,0,6.402631612636959,208832645815,null_to_cold_process
1704804014.805,2024-01-09 12:40:14.805,0,82.71,41673420,0.25000000023283064,0,6.429674407432989,208832780002,null_to_cold_process
1704804015.039,2024-01-09 12:40:15.039,0,87.2,41673420,0.25000000023283064,0,6.429674407432989,208832893775,null_to_cold_process
1704804015.281,2024-01-09 12:40:15.281,0,76.39,41673456,0.25000000023283064,0,6.429674407432989,208833029705,null_to_cold_process
1704804015.514,2024-01-09 12:40:15.514,0,110.22,41673456,0.25000000023283064,0,6.429674407432989,208833172479,null_to_cold_process
1704804015.747,2024-01-09 12:40:15.747,0,94.81,41673492,0.25000000023283064,0,6.429674407432989,208833301992,null_to_cold_process
1704804015.98,2024-01-09 12:40:15.980,0,76.52,41673492,7.999999999447027,0,6.418603687110719,208833426759,null_to_cold_process
1704804016.224,2024-01-09 12:40:16.224,0,63.43,41673528,7.999999999447027,0,6.418603687110719,208833513087,null_to_cold_process
1704804031.483,2024-01-09 12:40:31.483,0,92.19,41674752,0.3749999996216218,0,6.408740016691428,208842049877,cold_state
1704804032.009,2024-01-09 12:40:32.009,0,74.66,41674788,8.5624999992433,0,6.399546929551569,208842315896,cold_state
1704804032.54,2024-01-09 12:40:32.540,0,65.22,41674824,8.5624999992433,0,6.399546929551569,208842570929,cold_state
1704804033.111,2024-01-09 12:40:33.111,0,78.39,41674896,0.8125000000291038,0,6.40733788801625,208842996797,cold_state
1704804033.641,2024-01-09 12:40:33.641,0,91.3,41674932,0.8125000000291038,0,6.40733788801625,208843260220,cold_state
1704804034.169,2024-01-09 12:40:34.169,0,58.76,41674968,7.81250000072761,0,6.409117981812562,208843597432,cold_state
1704804034.693,2024-01-09 12:40:34.693,0,68.43,41675004,7.81250000072761,0,6.409117981812562,208843864005,cold_state
1704804035.219,2024-01-09 12:40:35.219,0,81.84,41675040,0.6874999999126885,0,6.434648916124052,208844095378,cold_state
1704804035.743,2024-01-09 12:40:35.743,0,102.04,41675076,0.6874999999126885,0,6.434648916124052,208844394020,cold_state
1704804036.268,2024-01-09 12:40:36.268,0,64.78,41675148,8.124999999199659,0,6.443866388110436,208844691700,cold_state
1704804036.795,2024-01-09 12:40:36.795,0,56.67,41675148,1.0625000009895587,0,6.4616429412270335,208845041000,cold_state
1704804037.385,2024-01-09 12:40:37.385,0,94.88,41675220,1.0625000009895587,0,6.4616429412270335,208845310041,cold_state
1704804037.909,2024-01-09 12:40:37.909,0,91.54,41675256,7.187499999781721,0,6.478261214133702,208845591921,cold_state
1704804038.433,2024-01-09 12:40:38.433,0,77.82,41675292,7.187499999781721,0,6.478261214133702,208845845586,cold_state
1704804038.96,2024-01-09 12:40:38.960,0,63.31,41675328,0.7499999999709104,0,6.47446937049909,208846068936,cold_state
1704804039.488,2024-01-09 12:40:39.488,0,93.64,41675364,0.7499999999709104,0,6.47446937049909,208846320250,cold_state
1704804040.016,2024-01-09 12:40:40.016,0,94.04,41675436,7.624999999825391,0,6.477700362663629,208846594916,cold_state
1704804040.543,2024-01-09 12:40:40.543,0,88.51,41675472,7.624999999825391,0,6.477700362663629,208846856121,cold_state
1704804041.067,2024-01-09 12:40:41.067,0,59.77,41675508,1.1249999999563585,0,6.511144179672426,208847114940,cold_state
1704804041.592,2024-01-09 12:40:41.592,0,92.94,41675544,1.1249999999563585,0,6.511144179672426,208847385067,cold_state
1704804042.118,2024-01-09 12:40:42.118,0,92.53,41675616,7.875000000785775,0,6.475761767364907,208847656854,cold_state
1704804042.645,2024-01-09 12:40:42.645,0,108.0,41675652,7.875000000785775,0,6.475761767364907,208847954953,cold_state
1704804043.19,2024-01-09 12:40:43.190,0,96.25,41675688,0.43750000004365575,0,6.4775662460077434,208848357718,cold_state
1704804043.713,2024-01-09 12:40:43.713,0,128.7,41675760,0.43750000004365575,0,6.4775662460077434,208848636971,cold_state
1704804044.241,2024-01-09 12:40:44.241,0,87.14,41675796,7.5624999994033715,0,6.465337245475544,208848981070,cold_state
1704804044.77,2024-01-09 12:40:44.770,0,78.47,41675868,0.5625000001600853,0,6.466910068076396,208849266866,cold_state
1704804045.293,2024-01-09 12:40:45.293,0,59.98,41675904,0.5625000001600853,0,6.466910068076396,208849529526,cold_state
1704804045.821,2024-01-09 12:40:45.821,0,90.66,41675940,8.437499999854467,0,6.425504598677244,208849796062,cold_state
1704804046.344,2024-01-09 12:40:46.344,0,97.75,41675976,8.437499999854467,0,6.425504598677244,208850032478,cold_state
1704804046.868,2024-01-09 12:40:46.868,0,86.17,41676048,0.18750000017462298,0,6.459692153505047,208850319811,cold_state
1704804047.394,2024-01-09 12:40:47.394,0,78.59,41676084,0.18750000017462298,0,6.459692153505047,208850582475,cold_state
1704804047.919,2024-01-09 12:40:47.919,0,69.7,41676120,8.187500000349246,0,6.477663785393843,208850879196,cold_state
1704804048.46,2024-01-09 12:40:48.460,0,60.95,41676156,8.187500000349246,0,6.477663785393843,208851135873,cold_state
1704804048.983,2024-01-09 12:40:48.983,0,93.9,41676192,0.7499999996070983,0,6.470799451097105,208851404557,cold_state
1704804049.526,2024-01-09 12:40:49.526,0,117.08,41676264,0.7499999996070983,0,6.470799451097105,208851672629,cold_state
1704804050.05,2024-01-09 12:40:50.050,0,86.92,41676300,7.437499999650754,0,6.475444764360083,208851937419,cold_state
1704804050.573,2024-01-09 12:40:50.573,0,70.12,41676336,7.437499999650754,0,6.475444764360083,208852186471,cold_state
1704804051.1,2024-01-09 12:40:51.100,0,64.32,41676372,0.5625000001600711,0,6.507230411805192,208852461865,cold_state
1704804051.63,2024-01-09 12:40:51.630,0,123.96,41676408,0.5625000001600711,0,6.507230411805192,208852736603,cold_state
1704804052.154,2024-01-09 12:40:52.154,0,78.23,41676480,8.375000000160085,0,6.468946202761218,208853003642,cold_state
1704804052.677,2024-01-09 12:40:52.677,0,63.73,41676516,8.375000000160085,0,6.468946202761218,208853265086,cold_state
1704804053.202,2024-01-09 12:40:53.202,0,64.14,41676552,0.6874999995488906,0,6.446597490921217,208853677976,cold_state
1704804053.727,2024-01-09 12:40:53.727,0,90.3,41676588,0.6874999995488906,0,6.446597490921217,208853942515,cold_state
1704804054.251,2024-01-09 12:40:54.251,0,95.14,41676624,7.312499999898151,0,6.470579987478381,208854217665,cold_state
1704804054.774,2024-01-09 12:40:54.774,0,100.35,41676696,0.6250000002182645,0,6.46147224730136,208854526153,cold_state
1704804055.298,2024-01-09 12:40:55.298,0,116.4,41676768,0.6250000002182645,0,6.46147224730136,208854794200,cold_state
1704804055.822,2024-01-09 12:40:55.822,0,132.36,41676804,9.812500000043656,0,6.483552725829587,208855099022,cold_state
1704804056.346,2024-01-09 12:40:56.346,0,85.72,41676876,9.812500000043656,0,6.483552725829587,208855335896,cold_state
1704804056.871,2024-01-09 12:40:56.871,0,85.53,41676912,0.06250000042199133,0,6.486564254375403,208855623382,cold_state
1704804057.398,2024-01-09 12:40:57.398,0,60.25,41676948,0.06250000042199133,0,6.486564254375403,208855891767,cold_state
1704804057.927,2024-01-09 12:40:57.927,0,72.16,41676984,7.999999999447013,0,6.500122229043205,208856232593,cold_state
1704804058.451,2024-01-09 12:40:58.451,0,95.62,41677020,7.999999999447013,0,6.500122229043205,208856485749,cold_state
1704804058.98,2024-01-09 12:40:58.980,0,90.44,41677092,0.8125000000291038,0,6.49762278227441,208856764937,cold_state
1704804059.503,2024-01-09 12:40:59.503,0,113.35,41677128,0.8125000000291038,0,6.49762278227441,208857038224,cold_state
1704804060.028,2024-01-09 12:41:00.028,0,70.11,41677164,7.687500000247383,0,6.454876146316395,208857306322,cold_state
1704804060.552,2024-01-09 12:41:00.552,0,66.35,41677200,7.687500000247383,0,6.454876146316395,208857553151,cold_state
1704804061.088,2024-01-09 12:41:01.088,0,86.13,41677272,0.5625000001600711,0,6.486283828640368,208857795771,cold_state
1704804061.622,2024-01-09 12:41:01.622,0,116.1,41677308,0.5625000001600711,0,6.486283828640368,208858075814,cold_state
1704804062.149,2024-01-09 12:41:02.149,0,57.67,41677344,7.624999999461593,0,6.484759775732567,208858356363,cold_state
1704804062.673,2024-01-09 12:41:02.673,0,57.6,41677380,7.624999999461593,0,6.484759775732567,208858617753,cold_state
1704804063.195,2024-01-09 12:41:03.195,0,56.41,41677416,0.6874999995488906,0,6.471945538883772,208859019091,cold_state
1704804063.722,2024-01-09 12:41:03.722,0,118.4,41677488,0.6874999995488906,0,6.471945538883772,208859309534,cold_state
1704804064.248,2024-01-09 12:41:04.248,0,78.49,41677524,7.812500000727596,0,6.449791905815968,208859583403,cold_state
1704804064.773,2024-01-09 12:41:04.773,0,57.74,41677560,0.5625000001600853,0,6.467836692244338,208859913883,cold_state
1704804065.301,2024-01-09 12:41:05.301,0,57.41,41677596,0.5625000001600853,0,6.467836692244338,208860186708,cold_state
1704804065.83,2024-01-09 12:41:05.830,0,88.89,41677632,8.562500000698492,0,6.418871920422492,208860566041,cold_state
1704804066.353,2024-01-09 12:41:06.353,0,80.51,41677704,8.562500000698492,0,6.418871920422492,208860956928,cold_state
1704804066.876,2024-01-09 12:41:06.876,0,69.25,41677740,0.24999999986901855,0,6.493257894746468,208861243140,cold_state
1704804067.399,2024-01-09 12:41:07.399,0,57.04,41677740,0.24999999986901855,0,6.493257894746468,208861481548,cold_state
1704804067.932,2024-01-09 12:41:07.932,0,69.73,41677812,7.874999999330612,0,6.418347646222208,208861790247,cold_state
1704804068.456,2024-01-09 12:41:08.456,0,88.42,41677848,7.874999999330612,0,6.418347646222208,208862036595,cold_state
1704804068.977,2024-01-09 12:41:08.977,0,93.11,41677884,0.5625000001600711,0,6.413775487498803,208862300989,cold_state
1704804069.5,2024-01-09 12:41:09.500,0,111.31,41677956,0.5625000001600711,0,6.413775487498803,208862567438,cold_state
1704804070.023,2024-01-09 12:41:10.023,0,75.24,41677992,7.999999999810825,0,6.362762388568871,208862846252,cold_state
1704804070.549,2024-01-09 12:41:10.549,0,66.52,41678028,7.999999999810825,0,6.362762388568871,208863097428,cold_state
1704804071.073,2024-01-09 12:41:11.073,0,85.88,41678064,0.8750000000872973,0,6.393511680036674,208863353789,cold_state
1704804071.597,2024-01-09 12:41:11.597,0,114.35,41678100,0.8750000000872973,0,6.393511680036674,208863628818,cold_state
1704804072.12,2024-01-09 12:41:12.120,0,59.62,41678136,7.875000000785789,0,6.446682837884053,208863904145,cold_state
1704804072.642,2024-01-09 12:41:12.642,0,65.45,41678172,7.875000000785789,0,6.446682837884053,208864188462,cold_state
1704804073.166,2024-01-09 12:41:13.166,0,59.47,41678208,0.624999999490683,0,6.463679075911856,208864583820,cold_state
1704804073.691,2024-01-09 12:41:13.691,0,118.63,41678280,0.624999999490683,0,6.463679075911856,208864868515,cold_state
1704804074.214,2024-01-09 12:41:14.214,0,84.29,41678316,8.000000000174623,0,6.4227369185966765,208865250584,cold_state
1704804074.759,2024-01-09 12:41:14.759,0,66.03,41678352,8.000000000174623,0,6.428052815139088,208865578754,cold_state
1704804075.289,2024-01-09 12:41:15.289,0,58.84,41678388,0.9999999998399289,0,6.428052815139088,208865839001,cold_state
1704804075.812,2024-01-09 12:41:15.812,0,89.43,41678424,7.999999999447027,0,6.386635153316675,208866155427,cold_state
1704804076.336,2024-01-09 12:41:16.336,0,79.73,41678496,7.999999999447027,0,6.386635153316675,208866403105,cold_state
1704804076.86,2024-01-09 12:41:16.860,0,82.65,41678532,0.31249999956344254,0,6.38823236076405,208866698250,cold_state
1704804077.382,2024-01-09 12:41:17.382,0,58.95,41678568,0.31249999956344254,0,6.38823236076405,208866959643,cold_state
1704804077.907,2024-01-09 12:41:17.907,0,67.19,41678604,8.000000000174623,0,6.427345654589868,208867233862,cold_state
1704804078.431,2024-01-09 12:41:18.431,0,81.22,41678640,8.000000000174623,0,6.427345654589868,208867459509,cold_state
1704804078.956,2024-01-09 12:41:18.956,0,87.2,41678712,0.43750000004365575,0,6.464435006154126,208867722074,cold_state
1704804079.479,2024-01-09 12:41:19.479,0,100.29,41678748,0.43750000004365575,0,6.464435006154126,208867990677,cold_state
1704804080.005,2024-01-09 12:41:20.005,0,68.69,41678784,7.562500000130967,0,6.4544494115022095,208868259180,cold_state
1704804080.529,2024-01-09 12:41:20.529,0,65.35,41678820,7.562500000130967,0,6.4544494115022095,208868521628,cold_state
1704804081.053,2024-01-09 12:41:21.053,0,83.92,41678856,0.6875000002764864,0,6.46147224730136,208868782611,cold_state
1704804081.576,2024-01-09 12:41:21.576,0,100.23,41678892,0.6875000002764864,0,6.46147224730136,208869058491,cold_state
1704804082.099,2024-01-09 12:41:22.099,0,62.41,41678964,8.000000000174623,0,6.431930005736536,208869316946,cold_state
1704804082.622,2024-01-09 12:41:22.622,0,65.53,41678964,8.000000000174623,0,6.431930005736536,208869586787,cold_state
1704804083.146,2024-01-09 12:41:23.146,0,74.94,41679036,0.4999999997380655,0,6.437392211358096,208869992612,cold_state
1704804083.672,2024-01-09 12:41:23.672,0,90.19,41679072,0.4999999997380655,0,6.437392211358096,208870270453,cold_state
1704804084.195,2024-01-09 12:41:24.195,0,59.77,41679108,8.312500000465675,0,6.420091162748733,208870508162,cold_state
1704804084.718,2024-01-09 12:41:24.718,0,78.85,41679144,8.312500000465675,0,6.420091162748733,208870842197,cold_state
1704804085.241,2024-01-09 12:41:25.241,0,80.58,41679180,0.24999999950522067,0,6.451194034491146,208871097287,cold_state
1704804085.771,2024-01-09 12:41:25.771,0,90.43,41679216,8.062500000232816,0,6.478541639868736,208871425806,cold_state
1704804086.293,2024-01-09 12:41:26.293,0,82.29,41679288,8.062500000232816,0,6.478541639868736,208871672367,cold_state
1704804086.815,2024-01-09 12:41:26.815,0,87.72,41679324,1.000000000203741,0,6.493404203825618,208871976774,cold_state
1704804087.339,2024-01-09 12:41:27.339,0,86.64,41679360,1.000000000203741,0,6.493404203825618,208872212719,cold_state
1704804087.862,2024-01-09 12:41:27.862,0,105.12,41679396,7.687500000247383,0,6.491636302452567,208872578955,cold_state
1704804088.386,2024-01-09 12:41:28.386,0,64.38,41679432,7.687500000247383,0,6.491636302452567,208872836549,cold_state
1704804088.912,2024-01-09 12:41:28.912,0,94.62,41679504,1.1874999989231583,0,6.506620790642072,208873120364,cold_state
1704804089.435,2024-01-09 12:41:29.435,0,86.88,41679540,1.1874999989231583,0,6.506620790642072,208873390840,cold_state
1704804089.959,2024-01-09 12:41:29.959,0,82.82,41679576,7.187500000145519,0,6.499146835182213,208873664665,cold_state
1704804090.484,2024-01-09 12:41:30.484,0,68.24,41679612,7.187500000145519,0,6.499146835182213,208873929264,cold_state
1704804091.007,2024-01-09 12:41:31.007,0,60.5,41679648,1.1875000000145377,0,6.503828725714979,208874196357,cold_state
1704804091.533,2024-01-09 12:41:31.533,0,128.01,41679684,1.1875000000145377,0,6.503828725714979,208874457094,cold_state
1704804092.058,2024-01-09 12:41:32.058,0,92.57,41679756,7.250000000203727,0,6.5037189939056175,208874729168,cold_state
1704804092.583,2024-01-09 12:41:32.583,0,86.94,41679792,7.250000000203727,0,6.5037189939056175,208874994621,cold_state
1704804093.107,2024-01-09 12:41:33.107,0,57.17,41679828,0.8125000000290896,0,6.527969723774555,208875411558,cold_state
1704804093.637,2024-01-09 12:41:33.637,0,91.55,41679864,0.8125000000290896,0,6.527969723774555,208875669281,cold_state
1704804094.16,2024-01-09 12:41:34.160,0,82.45,41679936,7.687499999883599,0,6.505377163469306,208875928126,cold_state
1704804094.704,2024-01-09 12:41:34.704,0,77.91,41679972,7.687499999883599,0,6.505377163469306,208876282803,cold_to_null_process
1704804175.561,2024-01-09 12:42:55.561,0,100.27,41686524,0.937500000509317,0,6.40086371126391,208991896587,warm_disk_state
1704804176.084,2024-01-09 12:42:56.084,0,58.13,41686596,9.625000000232845,0,6.357885419263906,208992230259,warm_disk_state
1704804176.609,2024-01-09 12:42:56.609,0,65.31,41686596,9.625000000232845,0,6.357885419263906,208992701513,warm_disk_state
1704804177.144,2024-01-09 12:42:57.144,0,92.02,41686668,1.1249999995925464,0,6.392353399826746,208992971364,warm_disk_state
1704804177.67,2024-01-09 12:42:57.670,0,123.62,41686704,1.1249999995925464,0,6.392353399826746,208993236396,warm_disk_state
1704804178.195,2024-01-09 12:42:58.195,0,75.49,41686740,7.562500000494779,0,6.432539626899655,208993511343,warm_disk_state
1704804178.718,2024-01-09 12:42:58.718,0,56.26,41686812,7.562500000494779,0,6.432539626899655,208993785978,warm_disk_state
1704804179.241,2024-01-09 12:42:59.241,0,53.64,41686812,0.4999999997380655,0,6.521190736440653,208994033295,warm_disk_state
1704804179.767,2024-01-09 12:42:59.767,0,104.9,41686884,8.000000000174637,0,6.435929120566606,208994318240,warm_disk_state
1704804180.293,2024-01-09 12:43:00.293,0,75.37,41686920,8.000000000174637,0,6.435929120566606,208994624612,warm_disk_state
1704804180.814,2024-01-09 12:43:00.814,0,64.25,41686956,0.8125000000290896,0,6.4484019695640535,208994940195,warm_disk_state
1704804181.338,2024-01-09 12:43:01.338,0,54.2,41686992,0.8125000000290896,0,6.4484019695640535,208995166178,warm_disk_state
1704804181.861,2024-01-09 12:43:01.861,0,102.12,41687028,7.75000000030559,0,6.461264976105899,208995474755,warm_disk_state
1704804182.388,2024-01-09 12:43:02.388,0,75.85,41687064,7.75000000030559,0,6.461264976105899,208995711174,warm_disk_state
1704804182.914,2024-01-09 12:43:02.914,0,67.21,41687100,1.187499999650754,0,6.473896326605757,208995990901,warm_disk_state
1704804183.437,2024-01-09 12:43:03.437,0,52.95,41687136,1.187499999650754,0,6.473896326605757,208996236502,warm_disk_state
1704804183.959,2024-01-09 12:43:03.959,0,99.49,41687208,8.000000000538435,0,6.439647809661642,208996511624,warm_disk_state
1704804184.495,2024-01-09 12:43:04.495,0,76.25,41687244,8.000000000538435,0,6.439647809661642,208996736250,warm_disk_state
1704804185.026,2024-01-09 12:43:05.026,0,65.1,41687280,0.3749999999854481,0,6.429662215009727,208997148764,warm_disk_state
1704804185.549,2024-01-09 12:43:05.549,0,94.92,41687316,0.3749999999854481,0,6.429662215009727,208997421457,warm_disk_state
1704804186.074,2024-01-09 12:43:06.074,0,97.14,41687352,8.249999998588464,0,6.453925137301926,208997733367,warm_disk_state
1704804186.6,2024-01-09 12:43:06.600,0,89.16,41687388,8.249999998588464,0,6.453925137301926,208998318993,warm_disk_state
1704804187.122,2024-01-09 12:43:07.122,0,65.53,41687460,0.5000000004656329,0,6.449352978578522,208998613700,warm_disk_state
1704804187.645,2024-01-09 12:43:07.645,0,94.34,41687460,0.5000000004656329,0,6.449352978578522,208998879489,warm_disk_state
1704804188.166,2024-01-09 12:43:08.166,0,88.47,41687532,8.437499999854467,0,6.393645796692561,208999162262,warm_disk_state
1704804188.691,2024-01-09 12:43:08.691,0,75.95,41687568,8.437499999854467,0,6.393645796692561,208999424613,warm_disk_state
1704804189.216,2024-01-09 12:43:09.216,0,62.44,41687604,0.5625000001600711,0,6.399132387160647,208999686210,warm_disk_state
1704804189.738,2024-01-09 12:43:09.738,0,90.33,41687640,0.5625000001600711,0,6.399132387160647,208999951237,warm_disk_state
1704804190.276,2024-01-09 12:43:10.276,0,73.47,41687676,8.437500000582062,0,6.356617407244617,209000213908,warm_disk_state
1704804190.801,2024-01-09 12:43:10.801,0,78.05,41687748,0.8749999997235278,0,6.357397722333411,209000515388,warm_disk_state
1704804191.324,2024-01-09 12:43:11.324,0,56.42,41687784,0.8749999997235278,0,6.357397722333411,209000740717,warm_disk_state
1704804191.85,2024-01-09 12:43:11.850,0,90.54,41687820,8.187499999985462,0,6.3986934599232,209001032441,warm_disk_state
1704804192.374,2024-01-09 12:43:12.374,0,85.65,41687856,8.187499999985462,0,6.3986934599232,209001288424,warm_disk_state
1704804192.9,2024-01-09 12:43:12.900,0,81.8,41687928,0.6874999999126885,0,6.421176288419088,209001586080,warm_disk_state
1704804193.428,2024-01-09 12:43:13.428,0,69.48,41687928,0.6874999999126885,0,6.421176288419088,209001839302,warm_disk_state
1704804193.952,2024-01-09 12:43:13.952,0,71.36,41688000,8.687500000087311,0,6.420700783911854,209002099771,warm_disk_state
1704804194.488,2024-01-09 12:43:14.488,0,54.27,41688000,8.687500000087311,0,6.420700783911854,209002322521,warm_disk_state
1704804195.012,2024-01-09 12:43:15.012,0,86.51,41688072,0.43750000004365575,0,6.409227713621924,209002613067,warm_disk_state
1704804195.536,2024-01-09 12:43:15.536,0,116.53,41688108,0.43750000004365575,0,6.409227713621924,209002904827,warm_disk_state
1704804196.061,2024-01-09 12:43:16.061,0,72.24,41688144,7.687500000247383,0,6.474115790224482,209003223554,warm_disk_state
1704804196.585,2024-01-09 12:43:16.585,0,66.04,41688180,7.687500000247383,0,6.474115790224482,209003689579,warm_disk_state
1704804197.11,2024-01-09 12:43:17.110,0,85.75,41688252,1.2500000000727596,0,6.451754885961217,209003965400,warm_disk_state
1704804197.64,2024-01-09 12:43:17.640,0,116.92,41688288,1.2500000000727596,0,6.451754885961217,209004235280,warm_disk_state
1704804198.168,2024-01-09 12:43:18.168,0,55.84,41688324,7.750000000305604,0,6.4504868739419265,209004482264,warm_disk_state
1704804199.351,2024-01-09 12:43:19.351,0,90.34,41688396,1.3124999994033715,0,6.466093175717813,209004601986,warm_disk_state
1704804200.183,2024-01-09 12:43:20.183,0,72.78,41688504,7.062500000392902,0,6.500134421466468,209005511353,warm_disk_state
1704804200.956,2024-01-09 12:43:20.956,0,59.96,41688540,1.187499999650754,0,6.4700922905478855,209005605252,warm_disk_state
1704804203.011,2024-01-09 12:43:23.011,0,65.45,41688720,0.6250000002182645,0,6.488929584488311,209005941000,warm_disk_state
1704804203.534,2024-01-09 12:43:23.534,0,95.26,41688756,0.6250000002182645,0,6.488929584488311,209006193354,warm_disk_state
1704804204.06,2024-01-09 12:43:24.060,0,93.85,41688792,7.687499998792177,0,6.472262541888594,209006451855,warm_disk_state
1704804204.599,2024-01-09 12:43:24.599,0,86.36,41688828,7.687499998792177,0,6.472262541888594,209006695278,warm_disk_state
1704804205.125,2024-01-09 12:43:25.125,0,56.3,41688864,0.8125000003929017,0,6.446780377270153,209006982679,warm_disk_state
1704804205.654,2024-01-09 12:43:25.654,0,93.53,41688900,0.8125000003929017,0,6.446780377270153,209007255527,warm_disk_state
1704804206.179,2024-01-09 12:43:26.179,0,87.9,41688972,8.374999999796273,0,6.445780598562635,209007546913,warm_disk_state
1704804206.705,2024-01-09 12:43:26.705,0,77.17,41689008,8.374999999796273,0,6.445780598562635,209008008347,warm_disk_state
1704804207.228,2024-01-09 12:43:27.228,0,57.82,41689044,0.12500000011641532,0,6.437392211358096,209008287071,warm_disk_state
1704804207.756,2024-01-09 12:43:27.756,0,88.42,41689080,7.999999999447027,0,6.411678390697668,209008587329,warm_disk_state
1704804208.28,2024-01-09 12:43:28.280,0,57.8,41689116,7.999999999447027,0,6.411678390697668,209008827516,warm_disk_state
1704804208.804,2024-01-09 12:43:28.804,0,78.83,41689152,0.9375000001455334,0,6.409374022701073,209009129894,warm_disk_state
1704804209.328,2024-01-09 12:43:29.328,0,57.45,41689224,0.9375000001455334,0,6.409374022701073,209009373936,warm_disk_state
1704804209.85,2024-01-09 12:43:29.850,0,87.78,41689260,8.062500000232845,0,6.422980767061924,209009646269,warm_disk_state
1704804210.384,2024-01-09 12:43:30.384,0,87.46,41689296,8.062500000232845,0,6.422980767061924,209009938716,warm_disk_state
1704804210.925,2024-01-09 12:43:30.925,0,82.84,41689332,0.812499999665306,0,6.4345391843146915,209010230434,warm_disk_state
1704804211.451,2024-01-09 12:43:31.451,0,80.64,41689368,0.812499999665306,0,6.4345391843146915,209010492966,warm_disk_state
1704804211.975,2024-01-09 12:43:31.975,0,68.72,41689440,8.125000000654822,0,6.4137998723453284,209010766371,warm_disk_state
1704804212.499,2024-01-09 12:43:32.499,0,70.21,41689476,8.125000000654822,0,6.4137998723453284,209011028534,warm_disk_state
1704804213.023,2024-01-09 12:43:33.023,0,89.06,41689476,1.1250000003201421,0,6.398059453913555,209011295726,warm_disk_state
1704804213.548,2024-01-09 12:43:33.548,0,118.03,41689548,1.1250000003201421,0,6.398059453913555,209011543695,warm_disk_state
1704804214.071,2024-01-09 12:43:34.071,0,70.17,41689584,7.9374999990250075,0,6.377795646451426,209011805006,warm_disk_state
1704804214.594,2024-01-09 12:43:34.594,0,71.31,41689620,7.9374999990250075,0,6.377795646451426,209012058877,warm_disk_state
1704804215.118,2024-01-09 12:43:35.118,0,84.15,41689656,0.8125000007567138,0,6.367675935143624,209012335839,warm_disk_state
1704804215.642,2024-01-09 12:43:35.642,0,120.06,41689692,0.8125000007567138,0,6.367675935143624,209012627391,warm_disk_state
1704804216.167,2024-01-09 12:43:36.167,0,59.63,41689764,8.43749999985448,0,6.358312154078091,209012869009,warm_disk_state
1704804216.693,2024-01-09 12:43:36.693,0,58.64,41689800,8.43749999985448,0,6.358312154078091,209013477736,warm_disk_state
1704804217.216,2024-01-09 12:43:37.216,0,57.72,41689836,1.2500000000727596,0,6.377588375255964,209013739242,warm_disk_state
1704804217.741,2024-01-09 12:43:37.741,0,110.87,41689872,1.2500000000727596,0,6.377588375255964,209014029346,warm_disk_state
1704804218.27,2024-01-09 12:43:38.270,0,62.81,41689908,8.25000000004367,0,6.415592158564904,209014275720,warm_disk_state
1704804218.831,2024-01-09 12:43:38.831,0,61.41,41689944,0.5624999990686774,0,6.451864617770579,209014561666,warm_disk_state
1704804219.354,2024-01-09 12:43:39.354,0,83.57,41689980,0.5624999990686774,0,6.451864617770579,209014828835,warm_disk_state
1704804219.879,2024-01-09 12:43:39.879,0,110.41,41690052,7.875000000058222,0,6.41749417659384,209015110886,warm_disk_state
1704804220.402,2024-01-09 12:43:40.402,0,62.33,41690088,7.875000000058222,0,6.41749417659384,209015367518,warm_disk_state
1704804220.924,2024-01-09 12:43:40.924,0,60.95,41690124,0.7500000006984919,0,6.423651350341357,209015649787,warm_disk_state
1704804221.45,2024-01-09 12:43:41.450,0,82.6,41690160,0.7500000006984919,0,6.423651350341357,209015908189,warm_disk_state
1704804221.98,2024-01-09 12:43:41.980,0,91.6,41690232,8.000000000174623,0,6.382648230909865,209016184285,warm_disk_state
1704804222.504,2024-01-09 12:43:42.504,0,72.33,41690268,8.000000000174623,0,6.382648230909865,209016449223,warm_disk_state
1704804223.028,2024-01-09 12:43:43.028,0,64.85,41690304,0.8124999993014939,0,6.402863268678945,209016731415,warm_disk_state
1704804223.552,2024-01-09 12:43:43.552,0,94.83,41690340,0.8124999993014939,0,6.402863268678945,209016988321,warm_disk_state
1704804224.076,2024-01-09 12:43:44.076,0,89.14,41690376,7.8750000000581935,0,6.426272721342776,209017242595,warm_disk_state
1704804224.603,2024-01-09 12:43:44.603,0,88.77,41690412,7.8750000000581935,0,6.426272721342776,209017492062,warm_disk_state
1704804225.127,2024-01-09 12:43:45.127,0,58.7,41690448,1.4375000002473968,0,6.452864396478096,209017801247,warm_disk_state
1704804225.651,2024-01-09 12:43:45.651,0,94.01,41690484,1.4375000002473968,0,6.452864396478096,209018107587,warm_disk_state
1704804226.175,2024-01-09 12:43:46.175,0,98.75,41690556,7.750000000305604,0,6.480675313939659,209018390566,warm_disk_state
1704804226.697,2024-01-09 12:43:46.697,0,85.73,41690592,7.750000000305604,0,6.480675313939659,209018844412,warm_disk_state
1704804227.22,2024-01-09 12:43:47.220,0,77.4,41690628,0.8749999993597157,0,6.473701247833559,209019115186,warm_disk_state
1704804227.75,2024-01-09 12:43:47.750,0,89.6,41690700,0.8749999993597157,0,6.453486210064479,209019401716,warm_disk_state
1704804228.271,2024-01-09 12:43:48.271,0,58.5,41690736,7.249999999839929,0,6.453486210064479,209019646877,warm_disk_state
1704804228.796,2024-01-09 12:43:48.796,0,59.22,41690772,0.8750000008149073,0,6.454351872116111,209019938749,warm_disk_state
1704804229.322,2024-01-09 12:43:49.322,0,89.02,41690808,0.8750000008149073,0,6.454351872116111,209020196027,warm_disk_state
1704804229.845,2024-01-09 12:43:49.845,0,111.87,41690844,7.624999999825377,0,6.473262320596112,209020481454,warm_disk_state
1704804230.403,2024-01-09 12:43:50.403,0,62.72,41690916,7.624999999825377,0,6.473262320596112,209020720991,warm_disk_state
1704804230.928,2024-01-09 12:43:50.928,0,65.05,41690952,1.1249999988649648,0,6.4608260488684515,209020971527,warm_disk_state
1704804231.455,2024-01-09 12:43:51.455,0,81.83,41690988,1.1249999988649648,0,6.4608260488684515,209021250297,warm_disk_state
1704804231.98,2024-01-09 12:43:51.980,0,92.95,41691024,8.312500000829473,0,6.465227513666183,209021517808,warm_disk_state
1704804232.504,2024-01-09 12:43:52.504,0,77.39,41691096,8.312500000829473,0,6.465227513666183,209021774124,warm_disk_state
1704804233.028,2024-01-09 12:43:53.028,0,67.14,41691096,3.637836698544561e-10,0,6.415506811602066,209022050031,warm_disk_state
1704804233.551,2024-01-09 12:43:53.551,0,97.66,41691168,3.637836698544561e-10,0,6.415506811602066,209022291755,warm_disk_state
1704804234.075,2024-01-09 12:43:54.075,0,94.93,41691204,7.999999999810825,0,6.43357598287696,209022550599,warm_disk_state
1704804234.598,2024-01-09 12:43:54.598,0,96.52,41691240,7.999999999810825,0,6.43357598287696,209022804915,warm_disk_state
1704804235.122,2024-01-09 12:43:55.122,0,79.05,41691312,0.4999999997380655,0,6.542600631689449,209023080976,warm_disk_state
1704804235.648,2024-01-09 12:43:55.648,0,114.66,41691348,0.4999999997380655,0,6.542600631689449,209023392818,warm_disk_state
1704804236.172,2024-01-09 12:43:56.172,0,65.49,41691384,9.624999999869019,0,6.429796331665613,209023648438,warm_disk_state
1704804236.696,2024-01-09 12:43:56.696,0,69.94,41691420,9.624999999869019,0,6.429796331665613,209024147992,warm_disk_state
1704804237.221,2024-01-09 12:43:57.221,0,93.14,41691456,0.5000000004656471,0,6.415055691941357,209024430314,warm_disk_state
1704804237.745,2024-01-09 12:43:57.745,0,113.07,41691528,0.5000000004656471,0,6.415055691941357,209024718647,warm_disk_state
1704804238.268,2024-01-09 12:43:58.268,0,78.84,41691564,7.812499999636202,0,6.450986763295685,209024959063,warm_disk_state
1704804238.792,2024-01-09 12:43:58.792,0,59.06,41691600,0.8750000004511094,0,6.447231496930862,209025246208,warm_disk_state
1704804239.317,2024-01-09 12:43:59.317,0,56.54,41691636,0.8750000004511094,0,6.447231496930862,209025497490,warm_disk_state
1704804239.843,2024-01-09 12:43:59.843,0,95.17,41691672,7.499999999708962,0,6.458570450564906,209025789616,warm_disk_state
1704804240.366,2024-01-09 12:44:00.366,0,54.07,41691708,7.499999999708962,0,6.458570450564906,209026086489,warm_disk_state
1704804240.892,2024-01-09 12:44:00.892,0,56.19,41691744,1.0624999995343387,0,6.4850523938908635,209026380904,warm_disk_state
1704804241.5,2024-01-09 12:44:01.500,0,68.07,41691780,1.0624999995343387,0,6.4850523938908635,209026676873,warm_disk_to_warm_cpu_process
1704804241.758,2024-01-09 12:44:01.758,0,109.11,41691816,1.0624999995343387,0,6.445158784976253,209026793914,warm_disk_to_warm_cpu_process
1704804242.001,2024-01-09 12:44:02.001,0,92.16,41691852,8.125000000291053,0,6.445158784976253,209026927849,warm_disk_to_warm_cpu_process
1704804242.25,2024-01-09 12:44:02.250,0,70.57,41691852,8.125000000291053,0,6.445158784976253,209027048359,warm_disk_to_warm_cpu_process
1704804242.489,2024-01-09 12:44:02.489,0,54.06,41691888,8.125000000291053,0,6.445158784976253,209027177320,warm_disk_to_warm_cpu_process
1704804242.726,2024-01-09 12:44:02.726,0,57.16,41691888,8.125000000291053,0,6.445158784976253,209027296701,warm_disk_to_warm_cpu_process
1704804242.962,2024-01-09 12:44:02.962,0,63.97,41691924,0.5625000001600711,0,6.447719193861359,209027431724,warm_disk_to_warm_cpu_process
1704804247.8,2024-01-09 12:44:07.800,0,86.4,41692284,9.890776694578776,0,6.417933103831286,209028101236,warm_disk_to_warm_cpu_process
1704804248.196,2024-01-09 12:44:08.196,0,87.41,41692320,9.890776694578776,0,6.417933103831286,209029209541,warm_disk_to_warm_cpu_process
1704804248.516,2024-01-09 12:44:08.516,0,89.08,41692356,9.890776694578776,0,6.417933103831286,209030433804,warm_disk_to_warm_cpu_process
1704804248.915,2024-01-09 12:44:08.915,2,82.34,41692392,1.0947046848215365,0,6.344644447600928,209033691031,warm_disk_to_warm_cpu_process
1704804249.573,2024-01-09 12:44:09.573,2,119.8,41692428,1.0947046848215365,0,6.344644447600928,209038365212,warm_disk_to_warm_cpu_process
1704804256.047,2024-01-09 12:44:16.047,2,90.42,41693004,8.375000001615248,0,7.830230260009523,209041942559,warm_disk_to_warm_cpu_process
1704804256.639,2024-01-09 12:44:16.639,3,92.13,41693076,8.375000001615248,0,7.830230260009523,209045635502,warm_disk_to_warm_cpu_process
1704804257.498,2024-01-09 12:44:17.498,3,83.49,41693112,8.74999999941791,0,8.384290550323312,209050285144,warm_disk_to_warm_cpu_process
1704804278.487,2024-01-09 12:44:38.487,3,80.48,41694804,8.937500000320114,0,8.528721996289846,209103587525,warm_cpu_state
1704804279.067,2024-01-09 12:44:39.067,3,68.94,41694840,0.1250000004802132,0,8.540243836272825,209105151579,warm_cpu_state
1704804279.677,2024-01-09 12:44:39.677,3,98.1,41694912,0.1250000004802132,0,8.540243836272825,209106302782,warm_cpu_state
1704804280.316,2024-01-09 12:44:40.316,3,80.24,41694984,8.062499999505235,0,8.526381051023463,209107851465,warm_cpu_state
1704804280.902,2024-01-09 12:44:40.902,3,72.29,41694984,0.8750000000873115,0,8.54658389636928,209109436565,warm_cpu_state
1704804281.485,2024-01-09 12:44:41.485,3,57.14,41695020,0.8750000000873115,0,8.54658389636928,209111016851,warm_cpu_state
1704804282.068,2024-01-09 12:44:42.068,3,81.78,41695092,8.375000000887653,0,8.538780745481334,209112604192,warm_cpu_state
1704804282.654,2024-01-09 12:44:42.654,3,71.01,41695128,8.375000000887653,0,8.538780745481334,209114027944,warm_cpu_state
1704804283.238,2024-01-09 12:44:43.238,3,59.38,41695164,1.4999999995780087,0,8.571651518596799,209115589950,warm_cpu_state
1704804283.95,2024-01-09 12:44:43.950,3,89.94,41695236,7.999999999083229,0,8.546413202443604,209117200624,warm_cpu_state
1704804284.598,2024-01-09 12:44:44.598,3,70.72,41695272,7.999999999083229,0,8.546413202443604,209118757476,warm_cpu_state
1704804285.186,2024-01-09 12:44:45.186,3,62.24,41695308,1.375000000552987,0,8.557081572798216,209120333040,warm_cpu_state
1704804285.778,2024-01-09 12:44:45.778,3,109.55,41695380,7.374999999956344,0,8.559166477176088,209121835590,warm_cpu_state
1704804286.364,2024-01-09 12:44:46.364,3,93.61,41695416,7.374999999956344,0,8.559166477176088,209123413753,warm_cpu_state
1704804286.951,2024-01-09 12:44:46.951,3,99.69,41695488,0.6874999995488906,0,8.561568384558784,209125008676,warm_cpu_state
1704804287.537,2024-01-09 12:44:47.537,3,135.54,41695560,0.6874999995488906,0,8.561568384558784,209126594067,warm_cpu_state
1704804288.121,2024-01-09 12:44:48.121,3,81.04,41695632,8.562500000334708,0,8.515712680668852,209128051007,warm_cpu_state
1704804288.726,2024-01-09 12:44:48.726,3,75.9,41695668,8.562500000334708,0,8.515712680668852,209129775328,warm_cpu_state
1704804289.311,2024-01-09 12:44:49.311,3,55.05,41695704,0.06250000005820766,0,8.568786299130132,209131285053,warm_cpu_state
1704804289.897,2024-01-09 12:44:49.897,3,84.79,41695740,8.062499999869033,0,8.568432718855522,209132731284,warm_cpu_state
1704804290.484,2024-01-09 12:44:50.484,3,54.77,41695776,8.062499999869033,0,8.568432718855522,209134296676,warm_cpu_state
1704804291.064,2024-01-09 12:44:51.064,3,65.54,41695812,0.5625000001600711,0,8.666154991303754,209135707702,warm_cpu_state
1704804291.656,2024-01-09 12:44:51.656,3,97.05,41695848,0.5625000001600711,0,8.666154991303754,209137148051,warm_cpu_state
1704804292.269,2024-01-09 12:44:52.269,3,93.01,41695920,8.06250000023283,0,8.56245843145694,209138716364,warm_cpu_state
1704804292.885,2024-01-09 12:44:52.885,3,92.78,41695992,1.1249999995925464,0,8.570005541456373,209140161160,warm_cpu_state
1704804293.477,2024-01-09 12:44:53.477,3,92.39,41696028,1.1249999995925464,0,8.570005541456373,209141729282,warm_cpu_state
1704804294.066,2024-01-09 12:44:54.066,3,101.1,41696100,7.2500000005675105,0,8.577345380260343,209143160763,warm_cpu_state
1704804294.652,2024-01-09 12:44:54.652,3,89.91,41696172,7.2500000005675105,0,8.577345380260343,209144726561,warm_cpu_state
1704804295.238,2024-01-09 12:44:55.238,3,61.19,41696208,0.6874999999126885,0,8.59298825930602,209146283195,warm_cpu_state
1704804295.847,2024-01-09 12:44:55.847,3,85.03,41696244,10.374999999476131,0,8.551217017208995,209147778101,warm_cpu_state
1704804296.429,2024-01-09 12:44:56.429,3,55.44,41696316,10.374999999476131,0,8.551217017208995,209149344395,warm_cpu_state
1704804297.013,2024-01-09 12:44:57.013,3,66.99,41696352,3.637836698544561e-10,0,8.527112596419208,209150925932,warm_cpu_state
1704804297.654,2024-01-09 12:44:57.654,3,97.53,41696388,3.637836698544561e-10,0,8.527112596419208,209152521400,warm_cpu_state
1704804298.233,2024-01-09 12:44:58.233,3,83.36,41696424,8.312500000101863,0,8.498204360864028,209152717128,warm_cpu_state
1704804298.905,2024-01-09 12:44:58.905,3,71.77,41696496,8.312500000101863,0,8.498204360864028,209153190053,warm_cpu_state
1704804301.486,2024-01-09 12:45:01.486,3,78.38,41696712,1.3125000008585772,0,8.511420947680483,209153862747,warm_cpu_state
1704804303.62,2024-01-09 12:45:03.620,3,99.72,41696856,0.8125000007566996,0,8.522650169505164,209155677799,warm_cpu_state
1704804304.203,2024-01-09 12:45:04.203,3,63.05,41696928,7.687500000974978,0,8.538524704592824,209157236857,warm_cpu_state
1704804304.786,2024-01-09 12:45:04.786,3,58.53,41696964,0.6875000002764864,0,8.541719119487578,209158827345,warm_cpu_state
1704804305.371,2024-01-09 12:45:05.371,3,75.43,41697000,0.6875000002764864,0,8.541719119487578,209160125245,warm_cpu_state
1704804305.974,2024-01-09 12:45:05.974,3,66.09,41697036,8.437499999490683,0,8.539268442411831,209161577861,warm_cpu_state
1704804306.563,2024-01-09 12:45:06.563,3,67.14,41697072,8.437499999490683,0,8.539268442411831,209163232110,warm_cpu_state
1704804307.151,2024-01-09 12:45:07.151,3,87.28,41697144,0.5625000001600569,0,8.530648399165306,209164862287,warm_cpu_state
1704804307.733,2024-01-09 12:45:07.733,3,103.87,41697180,0.5625000001600569,0,8.530648399165306,209166288165,warm_cpu_state
1704804308.318,2024-01-09 12:45:08.318,3,54.75,41697216,8.062499999505235,0,8.528758573559633,209167840404,warm_cpu_state
1704804308.902,2024-01-09 12:45:08.902,3,55.16,41697252,0.8125000003929017,0,8.540463299891549,209169418922,warm_cpu_state
1704804309.485,2024-01-09 12:45:09.485,3,76.51,41697288,0.8125000003929017,0,8.540463299891549,209170869441,warm_cpu_state
1704804310.092,2024-01-09 12:45:10.092,3,67.86,41697360,7.749999999941778,0,8.565226111537507,209172581157,warm_cpu_state
1704804310.676,2024-01-09 12:45:10.676,3,66.55,41697396,7.749999999941778,0,8.565226111537507,209174143413,warm_cpu_state
1704804311.261,2024-01-09 12:45:11.261,3,95.99,41697432,0.8125000000291038,0,8.559898022571835,209175583634,warm_cpu_state
1704804311.848,2024-01-09 12:45:11.848,3,123.96,41697504,8.31250000010185,0,8.566628240212685,209177167754,warm_cpu_state
1704804312.43,2024-01-09 12:45:12.430,3,99.27,41697576,8.31250000010185,0,8.566628240212685,209178612242,warm_cpu_state
1704804313.012,2024-01-09 12:45:13.012,3,90.2,41697648,1.1874999989231583,0,8.580600757271409,209180020584,warm_cpu_state
1704804313.599,2024-01-09 12:45:13.599,3,120.6,41697684,1.1874999989231583,0,8.580600757271409,209181562066,warm_cpu_state
1704804314.186,2024-01-09 12:45:14.186,3,59.08,41697756,7.5000000008003695,0,8.539841486305164,209183118716,warm_cpu_state
1704804314.819,2024-01-09 12:45:14.819,3,57.85,41697792,0.7499999996070983,0,8.556801147063181,209184712871,warm_cpu_state
1704804315.412,2024-01-09 12:45:15.412,3,62.46,41697828,0.7499999996070983,0,8.556801147063181,209185838130,warm_cpu_state
1704804316.029,2024-01-09 12:45:16.029,3,64.85,41697864,8.500000000276486,0,8.583222128272826,209187435825,warm_cpu_state
1704804316.62,2024-01-09 12:45:16.620,3,67.82,41697900,8.500000000276486,0,8.583222128272826,209189005058,warm_cpu_state
1704804317.205,2024-01-09 12:45:17.205,3,78.57,41697936,-3.637978807091713e-10,0,8.593244300194531,209190581011,warm_cpu_state
1704804317.792,2024-01-09 12:45:17.792,3,107.47,41698008,8.749999999781721,0,8.54446241472162,209191919655,warm_cpu_state
1704804318.375,2024-01-09 12:45:18.375,3,64.5,41698044,8.749999999781721,0,8.54446241472162,209193495438,warm_cpu_state
1704804318.958,2024-01-09 12:45:18.958,3,60.59,41698080,-0.06249999969440978,0,8.55300930342857,209194787773,warm_cpu_state
1704804319.547,2024-01-09 12:45:19.547,3,97.96,41698152,-0.06249999969440978,0,8.55300930342857,209196362111,warm_cpu_state
1704804320.148,2024-01-09 12:45:20.148,3,59.96,41698188,8.62500000002909,0,8.580466640615523,209197938710,warm_cpu_state
1704804320.734,2024-01-09 12:45:20.734,3,52.02,41698224,8.62500000002909,0,8.580466640615523,209199515474,warm_cpu_state
1704804321.321,2024-01-09 12:45:21.321,3,97.47,41698260,0.374999999621636,0,8.58445356302233,209201077809,warm_cpu_state
1704804321.905,2024-01-09 12:45:21.905,3,123.91,41698332,8.43749999985448,0,8.553643309438216,209202693205,warm_cpu_state
1704804322.486,2024-01-09 12:45:22.486,3,95.67,41698368,8.43749999985448,0,8.553643309438216,209204271371,warm_cpu_state
1704804323.068,2024-01-09 12:45:23.068,3,88.37,41698440,0.18750000017460877,0,8.571224783782613,209205844923,warm_cpu_state
1704804323.653,2024-01-09 12:45:23.653,3,123.45,41698512,0.18750000017460877,0,8.571224783782613,209207403323,warm_cpu_state
1704804324.235,2024-01-09 12:45:24.235,3,56.87,41698548,8.000000000174623,0,8.53824427885779,209208947409,warm_cpu_state
1704804324.825,2024-01-09 12:45:24.825,3,56.18,41698584,1.500000000305576,0,8.499618681962467,209210379937,warm_cpu_state
1704804325.408,2024-01-09 12:45:25.408,3,59.5,41698620,1.500000000305576,0,8.499618681962467,209211974551,warm_cpu_state
1704804326,2024-01-09 12:45:26.000,3,67.83,41698656,7.87499999969441,0,8.511689180992256,209213572480,warm_cpu_state
1704804326.582,2024-01-09 12:45:26.582,3,69.96,41698692,7.87499999969441,0,8.511689180992256,209215136997,warm_cpu_state
1704804327.176,2024-01-09 12:45:27.176,3,77.07,41698764,0.8125000000290896,0,8.50292282866658,209216711959,warm_cpu_state
1704804327.758,2024-01-09 12:45:27.758,3,88.45,41698800,8.124999999927255,0,8.486097284564453,209218201663,warm_cpu_state
1704804328.358,2024-01-09 12:45:28.358,3,76.13,41698836,8.124999999927255,0,8.486097284564453,209219622415,warm_cpu_state
1704804328.943,2024-01-09 12:45:28.943,3,63.28,41698872,1.1249999999563585,0,8.51454220803566,209221182189,warm_cpu_state
1704804329.532,2024-01-09 12:45:29.532,3,99.83,41698944,1.1249999999563585,0,8.51454220803566,209222739903,warm_cpu_state
1704804330.193,2024-01-09 12:45:30.193,3,85.9,41698980,8.250000000407468,0,8.536147182056654,209224470403,warm_cpu_state
1704804330.774,2024-01-09 12:45:30.774,3,76.83,41699052,0.749999999970882,0,8.53789069858318,209225904811,warm_cpu_state
1704804331.358,2024-01-09 12:45:31.358,3,56.32,41699088,0.749999999970882,0,8.53789069858318,209227433346,warm_cpu_state
1704804331.944,2024-01-09 12:45:31.944,3,67.57,41699124,7.625000000189175,0,8.514725094384596,209228904742,warm_cpu_state
1704804332.527,2024-01-09 12:45:32.527,3,69.72,41699160,7.625000000189175,0,8.514725094384596,209230483002,warm_cpu_state
1704804333.111,2024-01-09 12:45:33.111,3,55.1,41699196,1.8124999998690328,0,8.531038556709705,209231977533,warm_cpu_state
1704804333.712,2024-01-09 12:45:33.712,3,103.57,41699268,1.8124999998690328,0,8.531038556709705,209233538340,warm_cpu_state
1704804334.307,2024-01-09 12:45:34.307,3,77.74,41699304,7.250000000203727,0,8.568188870390275,209235102726,warm_cpu_state
1704804334.904,2024-01-09 12:45:34.904,3,72.99,41699340,0.750000000334694,0,8.564214140406728,209236537027,warm_cpu_state
1704804335.487,2024-01-09 12:45:35.487,3,55.68,41699376,0.750000000334694,0,8.564214140406728,209237975695,warm_cpu_state
1704804336.07,2024-01-09 12:45:36.070,3,93.37,41699448,8.62499999966532,0,8.535793601782045,209239576686,warm_cpu_state
1704804336.651,2024-01-09 12:45:36.651,3,87.75,41699484,8.62499999966532,0,8.535793601782045,209241261867,warm_cpu_state
1704804337.232,2024-01-09 12:45:37.232,3,57.66,41699520,0.3125000002910383,0,8.573468189662897,209242823306,warm_cpu_state
1704804337.815,2024-01-09 12:45:37.815,3,103.05,41699556,8.124999999563428,0,8.542755475464881,209244296971,warm_cpu_state
1704804338.403,2024-01-09 12:45:38.403,3,76.65,41699628,8.124999999563428,0,8.542755475464881,209245868558,warm_cpu_state
1704804338.984,2024-01-09 12:45:38.984,3,73.78,41699664,0.812500000029118,0,8.548778532556515,209247439444,warm_cpu_state
1704804339.567,2024-01-09 12:45:39.567,3,98.29,41699700,0.812500000029118,0,8.548778532556515,209248997018,warm_cpu_state
1704804340.166,2024-01-09 12:45:40.166,3,66.86,41699772,7.874999998966814,0,8.572846376076516,209250735340,warm_cpu_state
1704804340.752,2024-01-09 12:45:40.752,3,61.55,41699808,7.874999998966814,0,8.572846376076516,209252317143,warm_cpu_state
1704804341.333,2024-01-09 12:45:41.333,3,53.98,41699844,1.6250000007858034,0,8.478367288216084,209253697594,warm_cpu_state
1704804341.918,2024-01-09 12:45:41.918,3,96.42,41699880,7.312499999898122,0,8.533306347436513,209255167651,warm_cpu_state
1704804342.504,2024-01-09 12:45:42.504,3,89.27,41699952,7.312499999898122,0,8.533306347436513,209256755910,warm_cpu_state
1704804343.084,2024-01-09 12:45:43.084,3,65.29,41699988,0.7500000006984919,0,8.539817101458642,209258328442,warm_cpu_state
1704804343.667,2024-01-09 12:45:43.667,3,96.49,41700024,0.7500000006984919,0,8.539817101458642,209259844151,warm_cpu_state
1704804344.256,2024-01-09 12:45:44.256,3,84.34,41700060,8.624999999665306,0,8.4987652123341,209261439074,warm_cpu_state
1704804344.839,2024-01-09 12:45:44.839,3,76.16,41700132,0.1874999998108251,0,8.519004634949704,209262866925,warm_cpu_state
1704804345.424,2024-01-09 12:45:45.424,3,57.25,41700168,0.1874999998108251,0,8.519004634949704,209264447384,warm_cpu_state
1704804346.009,2024-01-09 12:45:46.009,3,69.72,41700204,8.124999999927255,0,8.499911300120766,209265914830,warm_cpu_state
1704804346.592,2024-01-09 12:45:46.592,3,70.13,41700240,8.124999999927255,0,8.499911300120766,209267479904,warm_cpu_state
1704804347.19,2024-01-09 12:45:47.190,3,59.09,41700276,0.5000000001018492,0,8.53409885494857,209269051495,warm_cpu_state
1704804347.781,2024-01-09 12:45:47.781,3,94.63,41700348,7.812500000363812,0,8.485865628522467,209270514443,warm_cpu_state
1704804348.371,2024-01-09 12:45:48.371,3,76.13,41700384,7.812500000363812,0,8.485865628522467,209271822011,warm_cpu_state
1704804348.957,2024-01-09 12:45:48.957,3,65.78,41700420,0.8749999993597015,0,8.498423824482753,209273408283,warm_cpu_state
1704804349.543,2024-01-09 12:45:49.543,3,98.55,41700492,0.8749999993597015,0,8.498423824482753,209274826339,warm_cpu_state
1704804350.123,2024-01-09 12:45:50.123,3,85.1,41700528,8.000000000902233,0,8.495692721671972,209276410661,warm_cpu_state
1704804350.707,2024-01-09 12:45:50.707,3,76.44,41700600,8.000000000902233,0,8.495692721671972,209277975194,warm_cpu_state
1704804351.289,2024-01-09 12:45:51.289,3,57.77,41700600,1.3124999994034,0,8.549046765868287,209279369418,warm_cpu_state
1704804351.873,2024-01-09 12:45:51.873,3,86.15,41700672,7.812500000363798,0,8.564726222183747,209280966334,warm_cpu_state
1704804352.462,2024-01-09 12:45:52.462,3,71.93,41700708,7.812500000363798,0,8.564726222183747,209282417591,warm_cpu_state
1704804384.234,2024-01-09 12:46:24.234,3,92.44,41703264,7.999999999810825,0,10.631512659088264,209357932194,active_state
1704804384.852,2024-01-09 12:46:24.852,3,91.66,41703336,1.4374999998835847,0,10.940822244832393,209359387446,active_state
1704804385.433,2024-01-09 12:46:25.433,3,109.79,41703408,1.4374999998835847,0,10.940822244832393,209360988112,active_state
1704804386.015,2024-01-09 12:46:26.015,3,110.8,41703480,26.062500000625718,0,12.887306041406688,209362476581,active_state
1704804386.597,2024-01-09 12:46:26.597,3,133.05,41703552,26.062500000625718,0,12.887306041406688,209364003875,active_state
1704804387.183,2024-01-09 12:46:27.183,3,109.49,41703624,20.124999999825363,0,13.880732496404761,209365575179,active_state
1704804387.771,2024-01-09 12:46:27.771,3,119.78,41703696,27.312499999970896,0,14.547877512477422,209367171020,active_state
1704804388.351,2024-01-09 12:46:28.351,3,130.61,41703768,27.312499999970896,0,14.547877512477422,209368724734,active_state
1704804388.944,2024-01-09 12:46:28.944,3,127.54,41703840,20.312499998908606,0,15.143623697925399,209370330189,active_state
1704804389.526,2024-01-09 12:46:29.526,3,132.26,41703912,20.312499998908606,0,15.143623697925399,209371882950,active_state
1704804390.134,2024-01-09 12:46:30.134,3,142.02,41703984,26.937500001440654,0,15.581758427860176,209373328765,active_state
1704804390.741,2024-01-09 12:46:30.741,3,134.56,41704056,26.937500001440654,0,15.581758427860176,209374908527,active_state
1704804391.322,2024-01-09 12:46:31.322,3,112.16,41704128,19.124999999621636,0,15.921585649030124,209376452595,active_state
1704804391.908,2024-01-09 12:46:31.908,3,125.07,41704200,27.562500000203713,0,16.611371995101084,209377885279,active_state
1704804392.489,2024-01-09 12:46:32.489,3,141.7,41704272,27.562500000203713,0,16.611371995101084,209379481404,active_state
1704804393.078,2024-01-09 12:46:33.078,3,138.84,41704344,19.4999999996071,0,17.16809023368608,209381055721,active_state
1704804393.662,2024-01-09 12:46:33.662,3,132.64,41704416,19.4999999996071,0,17.16809023368608,209382661894,active_state
1704804394.25,2024-01-09 12:46:34.250,3,107.96,41704488,27.687500000320142,0,17.341442107631057,209384232240,active_state
1704804394.832,2024-01-09 12:46:34.832,3,127.34,41704596,19.499999999970896,0,17.355109814108218,209385697042,active_state
1704804395.437,2024-01-09 12:46:35.437,3,111.42,41704632,19.499999999970896,0,17.355109814108218,209387140051,active_state
1704804396.022,2024-01-09 12:46:36.022,3,118.0,41704704,28.00000000061118,0,17.379872625754178,209388723850,active_state
1704804396.624,2024-01-09 12:46:36.624,3,133.88,41704812,28.00000000061118,0,17.379872625754178,209390375664,active_state
1704804397.234,2024-01-09 12:46:37.234,3,114.93,41704884,19.4999999992433,0,17.384822749598715,209391858371,active_state
1704804397.82,2024-01-09 12:46:37.820,3,127.2,41704956,26.500000000669388,0,17.412097200436733,209393453022,active_state
1704804398.403,2024-01-09 12:46:38.403,3,140.61,41705028,26.500000000669388,0,17.412097200436733,209394863419,active_state
1704804398.989,2024-01-09 12:46:38.989,3,136.89,41705136,19.562500000392888,0,17.409695293054035,209396451170,active_state
1704804399.569,2024-01-09 12:46:39.569,3,131.89,41705208,19.562500000392888,0,17.409695293054035,209398013726,active_state
1704804400.155,2024-01-09 12:46:40.155,3,113.69,41705280,26.24999999970896,0,17.490713945632766,209399460559,active_state
1704804400.775,2024-01-09 12:46:40.775,3,133.19,41705352,20.124999999825363,0,17.388651170503113,209400445945,active_state
1704804401.999,2024-01-09 12:46:41.999,3,113.42,41705496,26.124999999592532,0,17.36969195233006,209401141319,active_state
1704804402.627,2024-01-09 12:46:42.627,3,131.63,41705568,26.124999999592532,0,17.36969195233006,209402450558,active_state
1704804405.129,2024-01-09 12:46:45.129,3,133.12,41705892,18.999999999869033,0,17.382932923993046,209403015158,active_state
1704804407.183,2024-01-09 12:46:47.183,3,116.69,41706144,19.937499999286956,0,17.34901360247701,209403805562,active_state
1704804407.803,2024-01-09 12:46:47.803,3,127.58,41706216,26.687500000480213,0,17.373691067160134,209405262837,active_state
1704804408.399,2024-01-09 12:46:48.399,3,135.95,41706288,26.687500000480213,0,17.373691067160134,209406858567,active_state
1704804408.983,2024-01-09 12:46:48.983,3,117.47,41706360,19.687500000145505,0,17.380969943847795,209408444476,active_state
1704804409.568,2024-01-09 12:46:49.568,3,153.77,41706468,19.687500000145505,0,17.380969943847795,209410021259,active_state
1704804410.256,2024-01-09 12:46:50.256,3,112.73,41706540,26.75000000017461,0,17.430800377721273,209411666125,active_state
1704804410.859,2024-01-09 12:46:50.859,3,112.86,41706612,19.31250000052387,0,17.451783538155887,209413340754,active_state
1704804411.441,2024-01-09 12:46:51.441,3,142.11,41706684,19.31250000052387,0,17.451783538155887,209414922307,active_state
1704804412.023,2024-01-09 12:46:52.023,3,136.77,41706756,27.374999999665306,0,17.45519741666936,209416481413,active_state
1704804412.607,2024-01-09 12:46:52.607,3,117.17,41706864,27.374999999665306,0,17.45519741666936,209418042187,active_state
1704804413.203,2024-01-09 12:46:53.203,3,116.27,41706900,19.25000000010185,0,17.431068611033044,209419477973,active_state
1704804413.805,2024-01-09 12:46:53.805,3,153.75,41707008,26.87624254389263,0,17.42450908731787,209421067401,active_state
1704804414.438,2024-01-09 12:46:54.438,3,114.07,41707080,26.87624254389263,0,17.42450908731787,209422479734,active_state
1704804415.018,2024-01-09 12:46:55.018,3,113.24,41707152,19.328470825945203,0,17.41147538685035,209423917693,active_state
1704804415.61,2024-01-09 12:46:55.610,3,154.93,41707224,19.328470825945203,0,17.41147538685035,209425550701,active_state
1704804416.199,2024-01-09 12:46:56.199,3,114.97,41707296,28.624999999738066,0,17.43857914376269,209427116712,active_state
1704804416.781,2024-01-09 12:46:56.781,3,130.17,41707368,19.87499999959256,0,17.447174802162692,209428648329,active_state
1704804417.363,2024-01-09 12:46:57.363,3,116.12,41707440,19.87499999959256,0,17.447174802162692,209430091618,active_state
1704804417.948,2024-01-09 12:46:57.948,3,119.23,41707548,27.249999999548876,0,17.365607490537155,209431529097,active_state
1704804418.53,2024-01-09 12:46:58.530,3,137.21,41707620,27.249999999548876,0,17.365607490537155,209433089241,active_state
1704804419.115,2024-01-09 12:46:59.115,3,131.43,41707692,20.375000001513428,0,17.354207574786802,209434672736,active_state
1704804419.698,2024-01-09 12:46:59.698,3,126.6,41707764,20.375000001513428,0,17.354207574786802,209436108510,active_state
1704804420.287,2024-01-09 12:47:00.287,3,113.79,41707800,27.312499998879503,0,17.372435247564106,209437712335,active_state
1704804420.899,2024-01-09 12:47:00.899,3,138.23,41707908,19.81250000026192,0,17.397307791019426,209439241925,active_state
1704804421.489,2024-01-09 12:47:01.489,3,135.97,41707980,19.81250000026192,0,17.397307791019426,209440744650,active_state
1704804422.071,2024-01-09 12:47:02.071,3,119.94,41708052,26.93750000034923,0,17.37256936421999,209442247802,active_state
1704804422.654,2024-01-09 12:47:02.654,3,111.77,41708124,26.93750000034923,0,17.37256936421999,209443671258,active_state
1704804423.237,2024-01-09 12:47:03.237,3,151.77,41708196,19.812500000261934,0,17.367216890407793,209445245774,active_state
1704804423.82,2024-01-09 12:47:03.820,3,154.97,41708304,26.6249999989668,0,17.39580812295815,209446790653,active_state
1704804424.402,2024-01-09 12:47:04.402,3,136.88,41708376,26.6249999989668,0,17.39580812295815,209448352392,active_state
1704804424.985,2024-01-09 12:47:04.985,3,112.96,41708448,19.125000000713058,0,17.382774422490634,209449789865,active_state
1704804425.58,2024-01-09 12:47:05.580,3,130.85,41708520,19.125000000713058,0,17.382774422490634,209451416051,active_state
1704804426.167,2024-01-09 12:47:06.167,3,139.12,41708628,27.24999999991269,0,17.380774865075598,209452986791,active_state
1704804426.75,2024-01-09 12:47:06.750,3,119.44,41708700,27.24999999991269,0,17.380774865075598,209454610004,active_state
1704804427.336,2024-01-09 12:47:07.336,3,110.14,41708772,19.437500000276472,0,17.373691067160134,209456231912,active_state
1704804427.92,2024-01-09 12:47:07.920,3,142.37,41708844,27.06250000010185,0,17.34136895309148,209457677288,active_state
1704804428.504,2024-01-09 12:47:08.504,3,137.04,41708916,27.06250000010185,0,17.34136895309148,209459296908,active_state
1704804429.089,2024-01-09 12:47:09.089,3,116.03,41708988,20.749999999679858,0,17.340625215272475,209460795569,active_state
1704804429.673,2024-01-09 12:47:09.673,3,129.47,41709060,20.749999999679858,0,17.340625215272475,209462306455,active_state
1704804430.258,2024-01-09 12:47:10.258,3,143.78,41709132,26.875000000291024,0,17.378348572846374,209463831658,active_state
1704804430.862,2024-01-09 12:47:10.862,3,136.6,41709204,20.000000000072745,0,17.397917412182547,209465392225,active_state
1704804431.445,2024-01-09 12:47:11.445,3,114.03,41709276,20.000000000072745,0,17.397917412182547,209466838995,active_state
1704804432.032,2024-01-09 12:47:12.032,3,113.25,41709384,26.812499999141437,0,17.38166491197375,209468399605,active_state
1704804432.613,2024-01-09 12:47:12.613,3,141.21,41709456,26.812499999141437,0,17.38166491197375,209469964999,active_state
1704804433.203,2024-01-09 12:47:13.203,3,133.93,41709528,19.687500000509303,0,17.42325326772184,209471528315,active_state
1704804433.794,2024-01-09 12:47:13.794,3,128.29,41709600,26.624999999694396,0,17.40824439468581,209473138566,active_state
1704804434.379,2024-01-09 12:47:14.379,3,112.48,41709672,26.624999999694396,0,17.40824439468581,209474550722,active_state
1704804434.961,2024-01-09 12:47:14.961,3,135.25,41709744,20.062499999767184,0,17.41793737117943,209476138399,active_state
1704804435.543,2024-01-09 12:47:15.543,3,140.95,41709816,20.062499999767184,0,17.41793737117943,209477603053,active_state
1704804436.129,2024-01-09 12:47:16.129,3,111.25,41709888,26.812500000960426,0,17.442736760095173,209478889551,active_state
1704804436.716,2024-01-09 12:47:16.716,3,126.48,41709960,26.812500000960426,0,17.442736760095173,209480471306,active_state
1704804437.377,2024-01-09 12:47:17.377,3,140.52,41710068,20.312499999636202,0,17.424460317624817,209482284086,active_state
1704804437.962,2024-01-09 12:47:17.962,3,139.66,41710140,27.062499999010456,0,17.43400698503929,209483768781,active_state
1704804438.546,2024-01-09 12:47:18.546,3,117.04,41710212,27.062499999010456,0,17.43400698503929,209485207453,active_state
1704804439.138,2024-01-09 12:47:19.138,3,122.82,41710284,19.500000000334694,0,17.451039800336876,209486771151,active_state
1704804439.748,2024-01-09 12:47:19.748,3,153.86,41710392,19.500000000334694,0,17.451039800336876,209488213236,active_state
1704804440.334,2024-01-09 12:47:20.334,3,115.45,41710464,26.625000000785803,0,17.440310467865956,209489800185,active_state
1704804440.967,2024-01-09 12:47:20.967,3,112.05,41710536,19.687499999417938,0,17.43366559718794,209491356220,active_state
1704804441.547,2024-01-09 12:47:21.547,3,159.24,41710608,19.687499999417938,0,17.43366559718794,209492955708,active_state
1704804442.13,2024-01-09 12:47:22.130,3,136.59,41710716,27.3750000007567,0,17.407366540210916,209494516459,active_state
1704804442.715,2024-01-09 12:47:22.715,3,111.67,41710788,27.3750000007567,0,17.407366540210916,209496093789,active_state
1704804443.299,2024-01-09 12:47:23.299,3,106.22,41710824,20.18749999915599,0,17.29138001771559,209497643190,active_state
1704804443.89,2024-01-09 12:47:23.890,3,130.25,41710896,26.874999999927255,0,17.33393157490141,209499170843,active_state
1704804444.478,2024-01-09 12:47:24.478,3,112.82,41710968,26.874999999927255,0,17.33393157490141,209500505241,active_state
1704804445.074,2024-01-09 12:47:25.074,3,117.42,41711040,19.437500000276472,0,17.328371829893747,209502320337,active_state
1704804445.658,2024-01-09 12:47:25.658,3,156.83,41711112,19.437500000276472,0,17.328371829893747,209503808696,active_state
1704804446.262,2024-01-09 12:47:26.262,3,131.48,41711220,27.875000000130967,0,17.304547834838996,209505372752,active_state
1704804446.852,2024-01-09 12:47:26.852,3,115.73,41711292,19.25000000046566,0,17.3145700067607,209506877295,active_state
1704804447.445,2024-01-09 12:47:27.445,3,142.7,41711364,19.25000000046566,0,17.3145700067607,209508341309,active_state
1704804448.048,2024-01-09 12:47:28.048,3,141.37,41711436,26.93749999962165,0,17.406793496317583,209509802024,active_state
1704804448.633,2024-01-09 12:47:28.633,3,120.92,41711508,26.93749999962165,0,17.406793496317583,209511368598,active_state
1704804449.214,2024-01-09 12:47:29.214,3,112.87,41711580,19.749999999839915,0,17.30163384567928,209512923254,active_state
1704804449.798,2024-01-09 12:47:29.798,3,130.93,41711652,26.812499999869047,0,17.326542966404386,209514530258,active_state
1704804450.391,2024-01-09 12:47:30.391,3,135.09,41711760,26.812499999869047,0,17.326542966404386,209516096559,active_state
1704804451.03,2024-01-09 12:47:31.030,3,113.62,41711832,20.187500000247383,0,17.3319564023329,209517812983,active_state
1704804451.619,2024-01-09 12:47:31.619,3,126.75,41711904,20.187500000247383,0,17.3319564023329,209519095195,active_state
1704804452.209,2024-01-09 12:47:32.209,3,140.53,41711976,27.437499999723528,0,17.345392452768078,209520670006,active_state
1704804452.846,2024-01-09 12:47:32.846,3,133.45,41712048,19.50000000033471,0,17.413389597302547,209522333598,active_state
1704804453.434,2024-01-09 12:47:33.434,3,114.92,41712120,19.50000000033471,0,17.413389597302547,209523763005,active_state
1704804454.027,2024-01-09 12:47:34.027,3,118.82,41712192,26.81249999877764,0,17.41430402904723,209525361672,active_state
1704804454.615,2024-01-09 12:47:34.615,3,137.84,41712300,26.81249999877764,0,17.41430402904723,209526912488,active_state
1704804455.202,2024-01-09 12:47:35.202,3,113.06,41712372,19.68750000050933,0,17.412219124669356,209528344940,active_state
1704804455.803,2024-01-09 12:47:35.803,3,131.73,41712444,27.300995024499144,0,17.369984570488363,209529877458,active_state
1704804456.391,2024-01-09 12:47:36.391,3,146.45,41712516,27.300995024499144,0,17.369984570488363,209531288522,active_state
1704804456.973,2024-01-09 12:47:36.973,3,136.57,41712588,19.409547739322335,0,17.369057946320417,209532889314,active_state
1704804457.556,2024-01-09 12:47:37.556,3,128.14,41712660,19.409547739322335,0,17.369057946320417,209534472896,active_state
1704804458.149,2024-01-09 12:47:38.149,3,113.45,41712732,27.37500000002909,0,17.393942682199,209535931538,active_state
1704804458.733,2024-01-09 12:47:38.733,3,112.98,41712804,27.37500000002909,0,17.393942682199,209537500260,active_state
1704804762.138,2024-01-09 12:52:42.138,3,61.52,41743512,9.125000000130967,0,8.552582568614387,210322680148,warm_cpu_to_warm_disk_process
1704804762.502,2024-01-09 12:52:42.502,3,68.84,41743512,9.125000000130967,0,8.552582568614387,210323068330,warm_cpu_to_warm_disk_process
1704804762.901,2024-01-09 12:52:42.901,3,80.67,41743548,0.43750000004365575,0,8.567579249227153,210323435699,warm_cpu_to_warm_disk_process
1704804763.414,2024-01-09 12:52:43.414,3,79.81,41743584,0.43750000004365575,0,8.567579249227153,210324387855,warm_cpu_to_warm_disk_process
1704804763.983,2024-01-09 12:52:43.983,3,76.29,41743656,8.375000000523869,0,8.547815331118782,210325021481,warm_cpu_to_warm_disk_process
1704804764.345,2024-01-09 12:52:44.345,3,75.04,41743656,8.375000000523869,0,8.547815331118782,210325547508,warm_cpu_to_warm_disk_process
1704804764.697,2024-01-09 12:52:44.697,3,56.19,41743692,8.375000000523869,0,8.547815331118782,210326212251,warm_cpu_to_warm_disk_process
1704804765.057,2024-01-09 12:52:45.057,3,84.2,41743728,1.7499999994470272,0,6.523434142320937,210326565819,warm_cpu_to_warm_disk_process
1704804765.408,2024-01-09 12:52:45.408,3,80.68,41743728,1.7499999994470272,0,6.523434142320937,210326941659,warm_cpu_to_warm_disk_process
1704804765.759,2024-01-09 12:52:45.759,3,99.53,41743800,8.437500000218279,0,6.532761346116684,210327784198,warm_cpu_to_warm_disk_process
1704804766.105,2024-01-09 12:52:46.105,3,65.93,41743800,8.437500000218279,0,6.532761346116684,210328119251,warm_cpu_to_warm_disk_process
1704804766.462,2024-01-09 12:52:46.462,3,67.72,41743836,8.437500000218279,0,6.532761346116684,210328489094,warm_cpu_to_warm_disk_process
1704804766.846,2024-01-09 12:52:46.846,3,56.94,41743836,0.8125000000291038,0,6.563522830007748,210329167713,warm_cpu_to_warm_disk_process
1704804767.242,2024-01-09 12:52:47.242,3,85.83,41743872,0.8125000000291038,0,6.563522830007748,210329647991,warm_cpu_to_warm_disk_process
1704804767.587,2024-01-09 12:52:47.587,3,112.04,41743908,0.8125000000291038,0,6.563522830007748,210329986452,warm_cpu_to_warm_disk_process
1704804767.936,2024-01-09 12:52:47.936,3,73.16,41743944,8.12499999992724,0,6.534431708103633,210330368120,warm_cpu_to_warm_disk_process
1704804768.289,2024-01-09 12:52:48.289,3,56.52,41743980,8.12499999992724,0,6.534431708103633,210331156731,warm_cpu_to_warm_disk_process
1704804768.639,2024-01-09 12:52:48.639,3,67.11,41743980,8.12499999992724,0,6.534431708103633,210331510980,warm_cpu_to_warm_disk_process
1704804768.991,2024-01-09 12:52:48.991,3,72.62,41744016,0.1874999998108251,0,6.545124463304769,210331864559,warm_cpu_to_warm_disk_process
1704804769.339,2024-01-09 12:52:49.339,3,80.24,41744052,0.1874999998108251,0,6.545124463304769,210332645868,warm_cpu_to_warm_disk_process
1704804769.69,2024-01-09 12:52:49.690,3,107.74,41744088,0.1874999998108251,0,6.545124463304769,210333029854,warm_cpu_to_warm_disk_process
1704804770.047,2024-01-09 12:52:50.047,3,83.62,41744124,7.750000000305604,0,6.524933810382214,210333419532,warm_cpu_to_warm_disk_process
1704804770.397,2024-01-09 12:52:50.397,3,57.63,41744124,7.750000000305604,0,6.524933810382214,210333761320,warm_cpu_to_warm_disk_process
1704804770.762,2024-01-09 12:52:50.762,3,56.93,41744160,0.7499999996071125,0,6.53011559026874,210334589455,warm_cpu_to_warm_disk_process
1704804771.108,2024-01-09 12:52:51.108,3,87.77,41744196,0.7499999996071125,0,6.53011559026874,210334948563,warm_cpu_to_warm_disk_process
1704804771.457,2024-01-09 12:52:51.457,3,112.85,41744232,0.7499999996071125,0,6.53011559026874,210335293998,warm_cpu_to_warm_disk_process
1704804771.808,2024-01-09 12:52:51.808,3,101.59,41744268,8.687500000087297,0,6.557950892576827,210335958382,warm_cpu_to_warm_disk_process
1704804772.155,2024-01-09 12:52:52.155,3,66.28,41744268,8.687500000087297,0,6.557950892576827,210336442089,warm_cpu_to_warm_disk_process
1704804772.498,2024-01-09 12:52:52.498,3,67.61,41744304,8.687500000087297,0,6.557950892576827,210336780973,warm_cpu_to_warm_disk_process
1704804772.876,2024-01-09 12:52:52.876,3,71.27,41744340,0.8749999997235136,0,6.578751166662501,210337148293,warm_cpu_to_warm_disk_process
1704804773.241,2024-01-09 12:52:53.241,3,86.65,41744340,0.8749999997235136,0,6.578751166662501,210337965658,warm_cpu_to_warm_disk_process
1704804773.594,2024-01-09 12:52:53.594,3,110.62,41744376,0.8749999997235136,0,6.578751166662501,210338402628,warm_cpu_to_warm_disk_process
1704804773.942,2024-01-09 12:52:53.942,3,70.92,41744412,7.187500000145519,0,6.550464744693706,210338762563,warm_cpu_to_warm_disk_process
1704804774.29,2024-01-09 12:52:54.290,3,58.56,41744448,7.187500000145519,0,6.550464744693706,210339551252,warm_cpu_to_warm_disk_process
1704804774.641,2024-01-09 12:52:54.641,3,69.2,41744448,7.187500000145519,0,6.550464744693706,210339911663,warm_cpu_to_warm_disk_process
1704804774.986,2024-01-09 12:52:54.986,3,69.24,41744484,1.187500000014552,0,6.569033805322358,210340275962,warm_cpu_to_warm_disk_process
1704804775.352,2024-01-09 12:52:55.352,3,80.41,41744520,1.187500000014552,0,6.569033805322358,210340772193,warm_cpu_to_warm_disk_process
1704804775.706,2024-01-09 12:52:55.706,3,103.81,41744556,1.187500000014552,0,6.569033805322358,210341466262,warm_cpu_to_warm_disk_process
1704804776.061,2024-01-09 12:52:56.061,3,66.92,41744592,7.875000000058222,0,6.5206055001240575,210341810810,warm_cpu_to_warm_disk_process
1704804776.405,2024-01-09 12:52:56.405,3,62.75,41744592,7.875000000058222,0,6.5206055001240575,210342187580,warm_cpu_to_warm_disk_process
1704804776.755,2024-01-09 12:52:56.755,3,59.52,41744628,7.875000000058222,0,6.5642909526732796,210343034560,warm_cpu_to_warm_disk_process
1704804777.1,2024-01-09 12:52:57.100,3,101.82,41744664,0.5000000001018492,0,6.5642909526732796,210343353040,warm_cpu_to_warm_disk_process
1704804777.447,2024-01-09 12:52:57.447,3,91.37,41744700,0.5000000001018492,0,6.5642909526732796,210343692399,warm_cpu_to_warm_disk_process
1704804777.804,2024-01-09 12:52:57.804,3,106.94,41744736,9.687500000654836,0,6.539235522869023,210344218825,warm_cpu_to_warm_disk_process
1704804778.158,2024-01-09 12:52:58.158,3,56.76,41744772,9.687500000654836,0,6.539235522869023,210344862631,warm_cpu_to_warm_disk_process
1704804778.507,2024-01-09 12:52:58.507,3,69.15,41744772,9.687500000654836,0,6.539235522869023,210345200741,warm_cpu_to_warm_disk_process
1704804778.86,2024-01-09 12:52:58.860,3,67.78,41744808,1.0625000002619487,0,6.543807681592428,210345550945,warm_cpu_to_warm_disk_process
1704804779.206,2024-01-09 12:52:59.206,3,82.42,41744844,1.0625000002619487,0,6.543807681592428,210346353282,warm_cpu_to_warm_disk_process
1704804779.55,2024-01-09 12:52:59.550,3,111.81,41744880,1.0625000002619487,0,6.543807681592428,210346700196,warm_cpu_to_warm_disk_process
1704804779.923,2024-01-09 12:52:59.923,3,71.25,41744916,7.874999998966814,0,6.520983465245192,210347076046,warm_cpu_to_warm_disk_process
1704804780.291,2024-01-09 12:53:00.291,3,66.81,41744916,7.874999998966814,0,6.520983465245192,210347561167,warm_cpu_to_warm_disk_process
1704804780.643,2024-01-09 12:53:00.643,3,67.62,41744952,7.874999998966814,0,6.520983465245192,210348217071,warm_cpu_to_warm_disk_process
1704804781.03,2024-01-09 12:53:01.030,3,65.08,41744952,0.4375000004074536,0,6.520081225923774,210348598507,warm_cpu_to_warm_disk_process
1704804781.379,2024-01-09 12:53:01.379,3,85.26,41744988,0.4375000004074536,0,6.520081225923774,210348968770,warm_cpu_to_warm_disk_process
1704804781.727,2024-01-09 12:53:01.727,3,109.49,41745060,0.4375000004074536,0,6.520081225923774,210349809926,warm_cpu_to_warm_disk_process
1704804782.078,2024-01-09 12:53:02.078,3,55.69,41745060,8.875000000261934,0,6.516264997442639,210350160130,warm_cpu_to_warm_disk_process
1704804782.428,2024-01-09 12:53:02.428,3,62.02,41745096,8.875000000261934,0,6.516264997442639,210350515351,warm_cpu_to_warm_disk_process
1704804782.788,2024-01-09 12:53:02.788,3,56.71,41745096,0.25000000023281643,0,6.51025413277427,210351172676,warm_cpu_to_warm_disk_process
1704804783.141,2024-01-09 12:53:03.141,3,79.58,41745132,0.25000000023281643,0,6.51025413277427,210351650228,warm_cpu_to_warm_disk_process
1704804783.494,2024-01-09 12:53:03.494,3,110.77,41745168,0.25000000023281643,0,6.51025413277427,210352125500,warm_cpu_to_warm_disk_process
1704804783.847,2024-01-09 12:53:03.847,3,108.82,41745204,8.687499999723514,0,6.512265882612568,210352491743,warm_cpu_to_warm_disk_process
1704804784.216,2024-01-09 12:53:04.216,3,55.51,41745240,8.687499999723514,0,6.512265882612568,210353280398,warm_cpu_to_warm_disk_process
1704804784.568,2024-01-09 12:53:04.568,3,66.96,41745240,8.687499999723514,0,6.512265882612568,210353623695,warm_cpu_to_warm_disk_process
1704804784.969,2024-01-09 12:53:04.969,3,62.48,41745276,0.12499999975260323,0,6.494416174956397,210354097509,warm_cpu_to_warm_disk_process
1704804785.38,2024-01-09 12:53:05.380,3,83.45,41745312,0.12499999975260323,0,6.494416174956397,210354905136,warm_cpu_to_warm_disk_process
1704804785.726,2024-01-09 12:53:05.726,3,108.37,41745348,0.12499999975260323,0,6.494416174956397,210355271423,warm_cpu_to_warm_disk_process
1704804786.078,2024-01-09 12:53:06.078,3,59.53,41745384,8.12499999992724,0,6.458887453569728,210355631123,warm_cpu_to_warm_disk_process
1704804786.452,2024-01-09 12:53:06.452,3,60.87,41745384,8.12499999992724,0,6.458887453569728,210356763104,warm_cpu_to_warm_disk_process
1704804786.834,2024-01-09 12:53:06.834,3,58.21,41745420,0.9999999991123332,0,6.46799519374675,210357151897,warm_cpu_to_warm_disk_process
1704804787.191,2024-01-09 12:53:07.191,3,84.77,41745456,0.9999999991123332,0,6.46799519374675,210357576749,warm_cpu_to_warm_disk_process
1704804787.543,2024-01-09 12:53:07.543,3,112.87,41745492,0.9999999991123332,0,6.46799519374675,210358070236,warm_cpu_to_warm_disk_process
1704804787.899,2024-01-09 12:53:07.899,3,89.91,41745528,8.125000000291038,0,6.51222930534278,210358760105,warm_cpu_to_warm_disk_process
1704804788.25,2024-01-09 12:53:08.250,3,56.65,41745564,8.125000000291038,0,6.51222930534278,210359092016,warm_cpu_to_warm_disk_process
1704804788.599,2024-01-09 12:53:08.599,3,71.25,41745564,8.125000000291038,0,6.51222930534278,210359437137,warm_cpu_to_warm_disk_process
1704804788.958,2024-01-09 12:53:08.958,3,58.39,41745600,0.6249999998544666,0,6.545551198118953,210360243756,warm_cpu_to_warm_disk_process
1704804789.32,2024-01-09 12:53:09.320,3,77.41,41745636,0.6249999998544666,0,6.545551198118953,210360885457,warm_cpu_to_warm_disk_process
1704804789.679,2024-01-09 12:53:09.679,3,110.76,41745672,0.6249999998544666,0,6.545551198118953,210361557088,warm_cpu_to_warm_disk_process
1704804790.982,2024-01-09 12:53:10.982,3,63.46,41745744,2.500000000873129,0,6.491209567638383,210362324774,warm_cpu_to_warm_disk_process
1704804796.555,2024-01-09 12:53:16.555,2,66.51,41746176,6.136528684787393,0,6.423053921601499,210364406236,warm_cpu_to_warm_disk_process
1704804796.902,2024-01-09 12:53:16.902,0,90.78,41746212,0.6821829859041486,0,6.406874575932278,210366094643,warm_cpu_to_warm_disk_process
1704804822.394,2024-01-09 12:53:42.394,3,54.63,41748264,7.74999999957798,0,10.821629115019054,210434075149,active_to_warm_disk_process
1704804822.883,2024-01-09 12:53:42.883,3,59.94,41748336,0.43750000040746784,0,10.821885155907564,210435635411,active_to_warm_disk_process
1704804823.553,2024-01-09 12:53:43.553,3,111.59,41748372,0.43750000040746784,0,10.821885155907564,210438939762,active_to_warm_disk_process
1704804824.016,2024-01-09 12:53:44.016,3,84.88,41748408,7.77666998973973,0,10.81316757327494,210440787144,active_to_warm_disk_process
1704804824.468,2024-01-09 12:53:44.468,3,68.46,41748444,7.77666998973973,0,10.81316757327494,210443586526,active_to_warm_disk_process
1704804824.891,2024-01-09 12:53:44.891,3,66.07,41748480,1.9558676019910592,0,10.758289476170823,210446476426,active_to_warm_disk_process
1704804825.318,2024-01-09 12:53:45.318,3,87.93,41748516,1.9558676019910592,0,10.758289476170823,210448097003,active_to_warm_disk_process
1704804825.993,2024-01-09 12:53:45.993,3,90.59,41748588,7.875000000058208,0,10.787161134456214,210452742337,active_to_warm_disk_process
1704804832.591,2024-01-09 12:53:52.591,3,71.55,41749092,9.18749999946158,0,10.728149805866142,210456523502,active_to_warm_disk_process
1704804833.087,2024-01-09 12:53:53.087,3,93.17,41749128,0.6249999998544666,0,10.787368405651677,210456975468,active_to_warm_disk_process
1704804833.471,2024-01-09 12:53:53.471,3,116.15,41749164,0.6249999998544666,0,10.787368405651677,210457808015,active_to_warm_disk_process
1704804833.827,2024-01-09 12:53:53.827,3,109.5,41749200,12.68750000053842,0,6.533870856633563,210458155716,active_to_warm_disk_process
1704804834.175,2024-01-09 12:53:54.175,3,55.88,41749236,12.68750000053842,0,6.533870856633563,210458471298,active_to_warm_disk_process
1704804834.531,2024-01-09 12:53:54.531,3,66.56,41749236,12.68750000053842,0,6.533870856633563,210459143673,active_to_warm_disk_process
1704804834.882,2024-01-09 12:53:54.882,3,59.64,41749272,0.9999999998399289,0,6.558645860702783,210459672876,active_to_warm_disk_process
1704804835.23,2024-01-09 12:53:55.230,3,53.7,41749272,0.9999999998399289,0,6.558645860702783,210459990014,active_to_warm_disk_process
1704804835.586,2024-01-09 12:53:55.586,3,112.31,41749344,0.9999999998399289,0,6.558645860702783,210460368204,active_to_warm_disk_process
1704804835.942,2024-01-09 12:53:55.942,3,90.94,41749380,7.875000000058208,0,6.516021148977391,210461170144,active_to_warm_disk_process
1704804836.288,2024-01-09 12:53:56.288,3,62.04,41749380,7.875000000058208,0,6.516021148977391,210461495397,active_to_warm_disk_process
1704804836.648,2024-01-09 12:53:56.648,3,66.85,41749416,7.875000000058208,0,6.516021148977391,210461886908,active_to_warm_disk_process
1704804836.996,2024-01-09 12:53:56.996,3,60.31,41749416,1.1249999995925464,0,6.525128889154412,210462678676,active_to_warm_disk_process
1704804837.341,2024-01-09 12:53:57.341,3,104.03,41749452,1.1249999995925464,0,6.525128889154412,210462996117,active_to_warm_disk_process
1704804837.747,2024-01-09 12:53:57.747,3,109.71,41749524,1.1249999995925464,0,6.525128889154412,210463365300,active_to_warm_disk_process
1704804838.097,2024-01-09 12:53:58.097,3,56.2,41749524,9.750000000349246,0,6.5057795134369645,210463861273,active_to_warm_disk_process
1704804838.809,2024-01-09 12:53:58.809,3,59.42,41749560,1.1250000003201421,0,6.529798587263917,210464556005,active_to_warm_disk_process
1704804842.689,2024-01-09 12:54:02.689,3,59.43,41749884,7.812499999999986,0,6.523458527167462,210465628209,active_to_warm_disk_process
1704804844.66,2024-01-09 12:54:04.660,3,59.47,41750028,8.437500000218279,0,6.567302481219096,210466419008,active_to_warm_disk_process
1704804845.016,2024-01-09 12:54:05.016,3,59.3,41750064,0.12500000011641532,0,6.547989682771435,210466864778,active_to_warm_disk_process
1704804845.386,2024-01-09 12:54:05.386,3,71.97,41750064,0.12500000011641532,0,6.547989682771435,210467220804,active_to_warm_disk_process
1704804845.759,2024-01-09 12:54:05.759,3,93.05,41750100,7.875000000058208,0,6.554854017068173,210468058933,active_to_warm_disk_process
1704804846.104,2024-01-09 12:54:06.104,3,59.66,41750136,7.875000000058208,0,6.554854017068173,210468376787,active_to_warm_disk_process
1704804846.452,2024-01-09 12:54:06.452,3,70.52,41750172,7.875000000058208,0,6.554854017068173,210468762405,active_to_warm_disk_process
1704804846.814,2024-01-09 12:54:06.814,3,61.59,41750172,0.6874999999126885,0,6.533383159703066,210469411730,active_to_warm_disk_process
1704804847.215,2024-01-09 12:54:07.215,3,84.27,41750208,0.6874999999126885,0,6.533383159703066,210469937900,active_to_warm_disk_process
1704804847.564,2024-01-09 12:54:07.564,3,115.2,41750244,0.6874999999126885,0,6.533383159703066,210470348406,active_to_warm_disk_process
1704804847.92,2024-01-09 12:54:07.920,3,92.15,41750280,7.812500000363812,0,6.527957531351293,210470862003,active_to_warm_disk_process
1704804848.274,2024-01-09 12:54:08.274,3,55.09,41750316,7.812500000363812,0,6.527957531351293,210471493057,active_to_warm_disk_process
1704804848.626,2024-01-09 12:54:08.626,3,69.54,41750316,7.812500000363812,0,6.527957531351293,210471864632,active_to_warm_disk_process
1704804848.982,2024-01-09 12:54:08.982,3,58.47,41750352,0.750000000334694,0,6.532371188572285,210472679320,active_to_warm_disk_process
1704804849.33,2024-01-09 12:54:09.330,3,72.37,41750388,0.750000000334694,0,6.532371188572285,210473701183,active_to_warm_disk_process
1704804849.681,2024-01-09 12:54:09.681,3,109.64,41750424,0.750000000334694,0,6.532371188572285,210474055880,active_to_warm_disk_process
1704804850.031,2024-01-09 12:54:10.031,3,90.44,41750424,8.06250000023283,0,6.476724968802637,210474405168,active_to_warm_disk_process
1704804850.395,2024-01-09 12:54:10.395,3,54.23,41750460,8.06250000023283,0,6.476724968802637,210474912451,active_to_warm_disk_process
1704804850.744,2024-01-09 12:54:10.744,3,58.51,41750496,8.06250000023283,0,6.476724968802637,210475584869,active_to_warm_disk_process
1704804851.142,2024-01-09 12:54:11.142,3,52.35,41750496,0.9374999997817071,0,6.448048389289444,210475938284,active_to_warm_disk_process
1704804851.486,2024-01-09 12:54:11.486,3,111.35,41750532,0.9374999997817071,0,6.448048389289444,210476284034,active_to_warm_disk_process
1704804851.834,2024-01-09 12:54:11.834,3,110.93,41750568,8.37499999943249,0,6.433600367723486,210477101111,active_to_warm_disk_process
1704804852.187,2024-01-09 12:54:12.187,3,58.14,41750604,8.37499999943249,0,6.433600367723486,210477450792,active_to_warm_disk_process
1704804852.534,2024-01-09 12:54:12.534,3,70.51,41750640,8.37499999943249,0,6.433600367723486,210477833235,active_to_warm_disk_process
1704804852.888,2024-01-09 12:54:12.888,3,80.28,41750640,1.1250000003201563,0,6.444232160808309,210478495297,active_to_warm_disk_process
1704804853.242,2024-01-09 12:54:13.242,3,84.17,41750676,1.1250000003201563,0,6.444232160808309,210478981973,active_to_warm_disk_process
1704804853.592,2024-01-09 12:54:13.592,3,112.11,41750712,1.1250000003201563,0,6.444232160808309,210479325580,active_to_warm_disk_process
1704804853.946,2024-01-09 12:54:13.946,3,93.26,41750748,7.687499999155989,0,6.515752915665618,210479679205,active_to_warm_disk_process
1704804854.31,2024-01-09 12:54:14.310,3,55.84,41750784,7.687499999155989,0,6.515752915665618,210480479789,active_to_warm_disk_process
1704804854.708,2024-01-09 12:54:14.708,3,64.13,41750784,7.687499999155989,0,6.515752915665618,210481066369,active_to_warm_disk_process
1704804855.059,2024-01-09 12:54:15.059,3,68.12,41750820,1.0625000002619345,0,6.534980367150442,210481438548,active_to_warm_disk_process
1704804855.458,2024-01-09 12:54:15.458,3,113.08,41750856,1.0625000002619345,0,6.534980367150442,210482510765,active_to_warm_disk_process
1704804855.785,2024-01-09 12:54:15.785,2,115.26,41750892,10.437500000261949,0,6.515167679349022,210483217244,active_to_warm_disk_process
1704804856.098,2024-01-09 12:54:16.098,2,89.78,41750928,10.437500000261949,0,6.515167679349022,210483439111,active_to_warm_disk_process
1704804856.427,2024-01-09 12:54:16.427,2,59.64,41750928,10.437500000261949,0,6.515167679349022,210483869397,active_to_warm_disk_process
