1691423332.437,2023-08-07 15:48:52.437,0,2.932,0,14.499999999679858,0,30.055522451669418,583916179408,cold_to_warm_disk_process
1691423334.712,2023-08-07 15:48:54.712,1,2.135,0,20.816733067903016,0,29.893729948581555,583922362915,cold_to_warm_disk_process
1691423335.798,2023-08-07 15:48:55.798,1,1.512,0,35.74297188760863,0,30.0563116833918,583924522767,cold_to_warm_disk_process
1691423336.878,2023-08-07 15:48:56.878,1,2.046,0,19.249999999738066,0,30.090051339523537,583926401422,cold_to_warm_disk_process
1691423337.956,2023-08-07 15:48:57.956,1,1.523,0,14.249999999447027,0,30.097351732955552,583928630553,cold_to_warm_disk_process
1691423339.039,2023-08-07 15:48:59.039,1,2.583,0,23.000000000320142,0,30.223431500605734,583930690961,cold_to_warm_disk_process
1691423340.119,2023-08-07 15:49:00.119,1,2.615,0,32.74999999994179,0,30.199754548934337,583932951425,cold_to_warm_disk_process
1691423341.205,2023-08-07 15:49:01.205,1,2.641,0,29.750000000785803,0,30.20054378065672,583934906154,cold_to_warm_disk_process
1691423342.302,2023-08-07 15:49:02.302,1,3.525,0,43.999999999505235,0,30.228561506801206,583937167701,cold_to_warm_disk_process
1691423343.375,2023-08-07 15:49:03.375,1,4.624,0,58.500000000640284,0,30.48091835003216,583939387601,cold_to_warm_disk_process
1691423344.448,2023-08-07 15:49:04.448,1,3.047,0,44.75000000020373,0,30.610352352502456,583941627163,cold_to_warm_disk_process
1691423345.518,2023-08-07 15:49:05.518,1,3.417,0,46.74999999915599,0,30.606011578029367,583943697659,cold_to_warm_disk_process
1691423346.651,2023-08-07 15:49:06.651,1,2.5,0,46.00000000136788,0,30.938278133151282,583945846371,cold_to_warm_disk_process
1691423347.724,2023-08-07 15:49:07.724,1,2.621,0,51.74999999944703,0,30.911641562520963,583947988689,cold_to_warm_disk_process
1691423348.796,2023-08-07 15:49:08.796,1,2.604,0,48.24999999982538,0,30.93255620316403,583950200819,cold_to_warm_disk_process
1691423349.868,2023-08-07 15:49:09.868,1,2.584,0,62.24999999976717,0,30.86527419883115,583953013069,cold_to_warm_disk_process
1691423350.941,2023-08-07 15:49:10.941,1,2.531,0,63.50000000020373,0,30.891713461530873,583955185968,cold_to_warm_disk_process
1691423352.043,2023-08-07 15:49:12.043,1,2.579,0,67.25000000005821,0,30.8633011195252,583957252497,cold_to_warm_disk_process
1691423353.115,2023-08-07 15:49:13.115,1,2.088,0,56.000000000494765,0,30.719069022260282,583959468102,cold_to_warm_disk_process
1691423354.19,2023-08-07 15:49:14.190,1,3.541,0,43.24999999953434,0,30.63106968521493,583961546400,cold_to_warm_disk_process
1691423355.269,2023-08-07 15:49:15.269,1,2.15,0,45.50000000017462,0,31.693178275607607,583963503199,cold_to_warm_disk_process
1691423356.375,2023-08-07 15:49:16.375,1,2.688,0,43.000000000029104,0,30.69124860404639,583965638605,cold_to_warm_disk_process
1691423357.456,2023-08-07 15:49:17.456,1,2.537,0,56.249999999272404,0,30.637186231063374,583967793970,cold_to_warm_disk_process
1691423358.527,2023-08-07 15:49:18.527,1,2.14,0,51.00000000020373,0,30.646459703801334,583970045731,cold_to_warm_disk_process
1691423359.604,2023-08-07 15:49:19.604,1,2.067,0,44.74999999947613,0,30.637186231063374,583972314730,cold_to_warm_disk_process
1691423360.675,2023-08-07 15:49:20.675,1,1.988,0,45.50000000090222,0,30.56516883639621,583974399840,cold_to_warm_disk_process
1691423361.761,2023-08-07 15:49:21.761,1,1.973,0,29.49999999909778,0,30.568523071216326,583976568554,cold_to_warm_disk_process
1691423362.838,2023-08-07 15:49:22.838,1,2.098,0,39.25000000090222,0,30.572469229828226,583978699706,cold_to_warm_disk_process
1691423363.917,2023-08-07 15:49:23.917,1,2.051,0,39.49999999967986,0,30.639948542091698,583980997704,cold_to_warm_disk_process
1691423364.999,2023-08-07 15:49:24.999,1,4.609,0,36.25000000029104,0,30.625347755227672,583983114358,cold_to_warm_disk_process
1691423366.075,2023-08-07 15:49:26.075,1,2.098,0,56.749999999738066,0,30.68414551854497,583985325676,cold_to_warm_disk_process
1691423367.162,2023-08-07 15:49:27.162,1,2.391,0,39.25000000017462,0,30.669544731680947,583987467850,cold_to_warm_disk_process
1691423368.253,2023-08-07 15:49:28.253,1,2.077,0,35.499999999592546,0,30.68236974716962,583989749654,cold_to_warm_disk_process
1691423369.328,2023-08-07 15:49:29.328,1,2.004,0,46.50000000037835,0,30.664612033416073,583991946299,cold_to_warm_disk_process
1691423370.404,2023-08-07 15:49:30.404,1,3.036,0,35.74999999909778,0,30.651589709996802,583994079028,cold_to_warm_disk_process
1691423371.487,2023-08-07 15:49:31.487,1,3.93,0,63.50000000093132,0,30.548200354365047,583996282477,cold_to_warm_disk_process
1691423372.575,2023-08-07 15:49:32.575,1,3.915,0,74.9999999992724,0,30.758925224240464,583998297232,cold_to_warm_disk_process
1691423373.659,2023-08-07 15:49:33.659,1,2.838,0,80.24999999979627,0,30.912430794243345,584000521760,cold_to_warm_disk_process
1691423374.732,2023-08-07 15:49:34.732,1,2.282,0,82.50000000043656,0,31.061792897703732,584002837986,cold_to_warm_disk_process
1691423375.804,2023-08-07 15:49:35.804,1,4.577,0,70.2499999992142,0,31.256930441062146,584005023231,cold_to_warm_disk_process
1691423376.879,2023-08-07 15:49:36.879,1,2.495,0,81.00000000049477,0,31.03278863190627,584007246804,cold_to_warm_disk_process
1691423377.957,2023-08-07 15:49:37.957,1,3.073,0,78.25000000084401,0,30.8907269218779,584009262798,cold_to_warm_disk_process
1691423379.04,2023-08-07 15:49:39.040,1,2.177,0,79.49999999909778,0,31.0160174578057,584011437114,cold_to_warm_disk_process
1691423380.11,2023-08-07 15:49:40.110,1,2.198,0,68.50000000122236,0,30.963533548267442,584013669681,cold_to_warm_disk_process
1691423381.183,2023-08-07 15:49:41.183,1,2.51,0,73.74999999956344,0,30.979712798576227,584015845676,cold_to_warm_disk_process
1691423382.255,2023-08-07 15:49:42.255,1,2.15,0,68.49999999903957,0,30.941237752110208,584017942285,cold_to_warm_disk_process
1691423383.328,2023-08-07 15:49:43.328,1,2.328,0,62.75000000023283,0,30.951892380362334,584020024826,cold_to_warm_disk_process
1691423384.401,2023-08-07 15:49:44.401,1,2.464,0,71.75000000061118,0,30.85619803402378,584022075846,cold_to_warm_disk_process
1691423385.476,2023-08-07 15:49:45.476,1,2.271,0,80.74999999953434,0,30.921309651120115,584024290305,cold_to_warm_disk_process
1691423386.558,2023-08-07 15:49:46.558,1,4.675,0,60.25000000008731,0,31.495278421220863,584026472488,cold_to_warm_disk_process
1691423387.647,2023-08-07 15:49:47.647,1,2.579,0,93.25000000026193,0,30.989578195105977,584028624667,cold_to_warm_disk_process
1691423388.729,2023-08-07 15:49:48.729,1,3.089,0,72.24999999962165,0,30.987605115800026,584030780014,cold_to_warm_disk_process
1691423389.809,2023-08-07 15:49:49.809,1,2.166,0,73.50000000005821,0,31.05626827564707,584033083276,cold_to_warm_disk_process
1691423390.882,2023-08-07 15:49:50.882,1,2.479,0,84.99999999985448,0,30.925650425593204,584035218875,cold_to_warm_disk_process
1691423391.953,2023-08-07 15:49:51.953,1,2.417,0,83.25000000113505,0,30.96215239275327,584037377387,cold_to_warm_disk_process
1691423393.046,2023-08-07 15:49:53.046,1,2.302,0,67.49999999956344,0,30.98385626511872,584039571748,cold_to_warm_disk_process
1691423394.123,2023-08-07 15:49:54.123,1,2.051,0,87.75000000023283,0,30.93571313005355,584041868905,cold_to_warm_disk_process
1691423395.195,2023-08-07 15:49:55.195,1,2.046,0,72.00000000011642,0,30.93176697144165,584044034153,cold_to_warm_disk_process
1691423396.269,2023-08-07 15:49:56.269,1,2.328,0,85.24999999935972,0,30.953470843807096,584046152546,cold_to_warm_disk_process
1691423397.342,2023-08-07 15:49:57.342,1,4.701,0,72.25000000034925,0,30.955838538974234,584048310916,cold_to_warm_disk_process
1691423398.417,2023-08-07 15:49:58.417,1,2.969,0,83.49999999991269,0,30.762871382852364,584050438291,cold_to_warm_disk_process
1691423399.507,2023-08-07 15:49:59.507,1,3.681,0,79.25000000032014,0,30.836072625103096,584052645962,cold_to_warm_disk_process
1691423400.591,2023-08-07 15:50:00.591,1,2.375,0,67.24999999933061,0,30.772934087312702,584054795902,cold_to_warm_disk_process
1691423401.67,2023-08-07 15:50:01.670,1,2.568,0,72.25000000034925,0,30.788521413829706,584057022448,cold_to_warm_disk_process
1691423402.741,2023-08-07 15:50:02.741,1,2.589,0,73.00000000032014,0,30.80489797206909,584059250714,cold_to_warm_disk_process
1691423403.848,2023-08-07 15:50:03.848,1,2.819,0,75.25000000023283,0,30.717293250884925,584061454136,cold_to_warm_disk_process
1691423404.932,2023-08-07 15:50:04.932,1,2.672,0,67.49999999956344,0,30.840610707506777,584063727327,cold_to_warm_disk_process
1691423406.005,2023-08-07 15:50:06.005,1,2.035,0,58.750000000873115,0,30.829166847532267,584065894000,cold_to_warm_disk_process
1691423407.076,2023-08-07 15:50:07.076,1,3.146,0,53.74999999985448,0,30.86191996401103,584068023368,cold_to_warm_disk_process
1691423408.154,2023-08-07 15:50:08.154,1,2.547,0,65.00000000014552,0,30.932161587302843,584070209064,cold_to_warm_disk_process
1691423409.227,2023-08-07 15:50:09.227,1,2.552,0,64.99999999941792,0,31.04877057428446,584072395681,cold_to_warm_disk_process
1691423410.304,2023-08-07 15:50:10.304,1,3.723,0,74.50000000026193,0,31.22200693734684,584074597996,cold_to_warm_disk_process
1691423411.378,2023-08-07 15:50:11.378,1,4.272,0,86.25000000029104,0,31.61405779543903,584076771633,cold_to_warm_disk_process
1691423412.452,2023-08-07 15:50:12.452,1,3.474,0,73.99999999979627,0,31.613663179577838,584078798760,cold_to_warm_disk_process
1691423413.542,2023-08-07 15:50:13.542,1,2.693,0,81.2499999992724,0,31.684694034592027,584080983713,cold_to_warm_disk_process
1691423414.615,2023-08-07 15:50:14.615,1,3.447,0,89.75000000064028,0,31.662200930504202,584083061131,cold_to_warm_disk_process
1691423415.686,2023-08-07 15:50:15.686,1,2.255,0,92.25000000005821,0,31.19339728741057,584085169066,cold_to_warm_disk_process
1691423416.763,2023-08-07 15:50:16.763,1,2.051,0,70.99999999918509,0,31.305665499919105,584087396661,cold_to_warm_disk_process
1691423417.836,2023-08-07 15:50:17.836,1,2.114,0,78.00000000061118,0,31.24173773040634,584089611768,cold_to_warm_disk_process
1691423418.917,2023-08-07 15:50:18.917,1,3.447,0,92.49999999956344,0,31.405700620730748,584091755971,cold_to_warm_disk_process
1691423419.997,2023-08-07 15:50:19.997,1,2.751,0,79.75000000005821,0,31.57676659655658,584094049538,cold_to_warm_disk_process
1691423421.087,2023-08-07 15:50:21.087,1,2.834,0,79.50000000055297,0,31.625304347482942,584096139347,cold_to_warm_disk_process
1691423422.159,2023-08-07 15:50:22.159,1,2.067,0,93.0000000000291,0,31.632012817123172,584098332674,cold_to_warm_disk_process
1691423423.231,2023-08-07 15:50:23.231,1,2.453,0,76.25000000043656,0,31.62609357920532,584100498939,cold_to_warm_disk_process
1691423424.305,2023-08-07 15:50:24.305,1,2.411,0,76.74999999944703,0,32.208743898252244,584102657832,cold_to_warm_disk_process
1691423425.386,2023-08-07 15:50:25.386,1,2.458,0,83.25000000113505,0,32.30226785735426,584104663066,cold_to_warm_disk_process
1691423426.457,2023-08-07 15:50:26.457,1,2.453,0,73.24999999982538,0,32.34922714483586,584106873398,cold_to_warm_disk_process
1691423427.528,2023-08-07 15:50:27.528,1,2.704,0,84.74999999962165,0,32.30917363492508,584109105517,cold_to_warm_disk_process
1691423428.601,2023-08-07 15:50:28.601,1,3.157,0,93.75,0,32.45281380839821,584111294540,cold_to_warm_disk_process
1691423429.68,2023-08-07 15:50:29.680,1,2.145,0,80.00000000029104,0,32.56784433193508,584113378991,cold_to_warm_disk_process
1691423430.769,2023-08-07 15:50:30.769,1,2.25,0,91.99999999982538,0,32.65051635485437,584115648081,cold_to_warm_disk_process
1691423431.841,2023-08-07 15:50:31.841,1,2.198,0,82.24999999947613,0,32.60040014048325,584117841184,cold_to_warm_disk_process
1691423432.93,2023-08-07 15:50:32.930,1,2.704,0,86.25000000029104,0,32.759824948403974,584119968687,cold_to_warm_disk_process
1691423434.025,2023-08-07 15:50:34.025,1,2.323,0,89.74999999991269,0,32.87426354814905,584122284966,cold_to_warm_disk_process
1691423435.11,2023-08-07 15:50:35.110,1,2.381,0,100,0,32.90109742670997,584124443041,cold_to_warm_disk_process
1691423436.2,2023-08-07 15:50:36.200,1,2.464,0,96.74999999988358,0,32.64380788521414,584126709088,cold_to_warm_disk_process
1691423437.272,2023-08-07 15:50:37.272,1,2.396,0,90.49999999988358,0,32.372904096507256,584128939964,cold_to_warm_disk_process
1691423438.347,2023-08-07 15:50:38.347,1,3.089,0,94.24999999973807,0,32.43683186602002,584130859597,cold_to_warm_disk_process
1691423439.42,2023-08-07 15:50:39.420,1,2.662,0,98.24999999982538,0,32.12547995154117,584133100275,cold_to_warm_disk_process
1691423440.492,2023-08-07 15:50:40.492,1,2.641,0,84.24999999988358,0,32.18368579106669,584135268784,cold_to_warm_disk_process
1691423441.563,2023-08-07 15:50:41.563,1,2.844,0,89.25000000017462,0,32.16237653456243,584137349778,cold_to_warm_disk_process
1691423442.636,2023-08-07 15:50:42.636,1,3.734,0,98.50000000005821,0,32.592310515328855,584139334257,cold_to_warm_disk_process
1691423443.721,2023-08-07 15:50:43.721,1,2.349,0,92.75000000052387,0,31.366436342542354,584141534812,cold_to_warm_disk_process
1691423444.796,2023-08-07 15:50:44.796,1,2.443,0,81.25,0,31.397610995576358,584143818162,cold_to_warm_disk_process
1691423445.871,2023-08-07 15:50:45.871,1,2.114,0,71.49999999965075,0,31.409646779342648,584146058649,cold_to_warm_disk_process
1691423446.944,2023-08-07 15:50:46.944,1,2.266,0,81.50000000023283,0,31.147227231651346,584148077824,cold_to_warm_disk_process
1691423448.034,2023-08-07 15:50:48.034,1,2.505,0,67.25000000005821,0,31.269163532759038,584150265840,cold_to_warm_disk_process
1691423449.111,2023-08-07 15:50:49.111,1,2.344,0,62.5,0,31.22082308976327,584152455794,cold_to_warm_disk_process
1691423450.262,2023-08-07 15:50:50.262,1,2.213,0,57.74999999994179,0,31.04877057428446,584154682147,cold_to_warm_disk_process
1691423451.336,2023-08-07 15:50:51.336,1,2.213,0,38.50000000093132,0,31.038707869824115,584156917955,cold_to_warm_disk_process
1691423452.411,2023-08-07 15:50:52.411,1,2.604,0,42.99999999930151,0,31.019963616417602,584159097887,cold_to_warm_disk_process
1691423453.486,2023-08-07 15:50:53.486,1,3.672,0,77.75000000037835,0,31.896602752051017,584161309262,cold_to_warm_disk_process
1691423454.559,2023-08-07 15:50:54.559,1,2.808,0,69.75000000020373,0,30.825417996850966,584163535100,cold_to_warm_disk_process
1691423455.644,2023-08-07 15:50:55.644,1,2.26,0,67.50000000029104,0,30.857579189537944,584165597209,cold_to_warm_disk_process
1691423456.726,2023-08-07 15:50:56.726,1,2.411,0,66.74999999886495,0,30.826207228573345,584167739917,cold_to_warm_disk_process
1691423457.804,2023-08-07 15:50:57.804,1,2.297,0,60.50000000104774,0,30.769382544561996,584169837218,cold_to_warm_disk_process
1691423458.877,2023-08-07 15:50:58.877,1,2.891,0,70.24999999994179,0,30.799176042081832,584172029307,cold_to_warm_disk_process
1691423459.952,2023-08-07 15:50:59.952,1,2.344,0,71.50000000037835,0,30.684342826475568,584174290148,cold_to_warm_disk_process
1691423461.054,2023-08-07 15:51:01.054,1,2.234,0,55.24999999906868,0,30.664809341346665,584176390508,cold_to_warm_disk_process
1691423462.133,2023-08-07 15:51:02.133,1,2.505,0,60.00000000058208,0,30.6713205030563,584178626783,cold_to_warm_disk_process
1691423463.207,2023-08-07 15:51:03.207,1,2.427,0,63.99999999994179,0,30.698548997478404,584180826460,cold_to_warm_disk_process
1691423464.283,2023-08-07 15:51:04.283,1,2.584,0,59.74999999962165,0,30.68355359475319,584182918222,cold_to_warm_disk_process
1691423465.366,2023-08-07 15:51:05.366,1,2.777,0,81.9999999999709,0,30.863103811594605,584185347738,cold_to_warm_disk_process
1691423466.509,2023-08-07 15:51:06.509,1,2.907,0,70.99999999918509,0,30.931175047649866,584187416923,cold_to_warm_disk_process
1691423467.6,2023-08-07 15:51:07.600,1,2.563,0,71.25000000087311,0,30.944986602791513,584189655635,cold_to_warm_disk_process
1691423468.672,2023-08-07 15:51:08.672,1,3.026,0,80.5000000000291,0,31.014241686430346,584191827911,cold_to_warm_disk_process
1691423469.748,2023-08-07 15:51:09.748,1,2.422,0,80.5000000000291,0,30.966098551365175,584194036269,cold_to_warm_disk_process
1691423470.83,2023-08-07 15:51:10.830,1,2.437,0,61.99999999953434,0,31.03121016846151,584196231103,cold_to_warm_disk_process
1691423471.906,2023-08-07 15:51:11.906,1,2.485,0,92.25000000005821,0,31.01364976263856,584198169150,cold_to_warm_disk_process
1691423472.979,2023-08-07 15:51:12.979,1,2.974,0,74.74999999976717,0,31.100070636239153,584200273612,cold_to_warm_disk_process
1691423474.066,2023-08-07 15:51:14.066,1,3.411,0,85.25000000008731,0,31.235029260766105,584202534055,cold_to_warm_disk_process
1691423475.15,2023-08-07 15:51:15.150,1,2.119,0,80.00000000101863,0,31.290867405124484,584204719850,cold_to_warm_disk_process
1691423476.237,2023-08-07 15:51:16.237,1,2.437,0,84.49999999866122,0,31.084877925583342,584206884459,cold_to_warm_disk_process
1691423477.325,2023-08-07 15:51:17.325,1,2.114,0,71.25000000014552,0,31.10835756932414,584209107032,cold_to_warm_disk_process
1691423478.404,2023-08-07 15:51:18.404,1,4.2,0,75.49999999973807,0,31.60853317338237,584211360858,cold_to_warm_disk_process
1691423479.477,2023-08-07 15:51:19.477,1,2.448,0,71.25000000014552,0,31.134402216162677,584213768357,cold_to_warm_disk_process
1691423480.546,2023-08-07 15:51:20.546,1,3.396,0,46.499999999650754,0,30.3775289944004,584215980090,cold_to_warm_disk_process
1691423481.627,2023-08-07 15:51:21.627,1,2.088,0,51.99999999967986,0,30.419752891547724,584218061342,cold_to_warm_disk_process
1691423482.71,2023-08-07 15:51:22.710,1,2.709,0,57.75000000066939,0,30.41876635189475,584220232084,cold_to_warm_disk_process
1691423483.794,2023-08-07 15:51:23.794,1,2.02,0,54.7500000007858,0,30.392721705056214,584222388827,cold_to_warm_disk_process
1691423484.867,2023-08-07 15:51:24.867,1,2.009,0,38.499999998748535,0,30.354838582381984,584224608099,cold_to_warm_disk_process
1691423485.938,2023-08-07 15:51:25.938,1,2.015,0,42.2500000007858,0,30.385026695763013,584226806543,cold_to_warm_disk_process
1691423487.024,2023-08-07 15:51:27.024,1,2.119,0,35.999999998603016,0,30.40140325400239,584228940289,cold_to_warm_disk_process
1691423488.104,2023-08-07 15:51:28.104,1,2.213,0,31.999999999970896,0,30.40140325400239,584231211229,cold_to_warm_disk_process
1691423489.177,2023-08-07 15:51:29.177,1,2.766,0,40.500000001338776,0,30.410676726740355,584233338511,cold_to_warm_disk_process
1691423490.251,2023-08-07 15:51:30.251,1,4.065,0,41.499999999359716,0,30.389959394027883,584235595241,cold_to_warm_disk_process
1691423491.322,2023-08-07 15:51:31.322,1,2.771,0,58.500000000640284,0,31.273898923093313,584237755376,cold_to_warm_disk_process
1691423492.417,2023-08-07 15:51:32.417,1,3.718,0,50.749999999970896,0,30.589043095998203,584239800734,cold_to_warm_disk_process
1691423493.491,2023-08-07 15:51:33.491,1,2.526,0,36.25000000029104,0,30.51742031719223,584242118561,cold_to_warm_disk_process
1691423494.56,2023-08-07 15:51:34.560,1,2.381,0,34.99999999985448,0,30.49394067345143,584244420627,cold_to_warm_disk_process
1691423495.632,2023-08-07 15:51:35.632,1,4.143,0,33.24999999967986,0,30.55550074779706,584246649928,cold_to_warm_disk_process
1691423496.702,2023-08-07 15:51:36.702,1,3.802,0,67.74999999979627,0,30.602657343209255,584248827637,cold_to_warm_disk_process
1691423497.775,2023-08-07 15:51:37.775,1,2.062,0,56.000000000494765,0,30.588845788067605,584250879380,cold_to_warm_disk_process
1691423498.899,2023-08-07 15:51:38.899,1,3.338,0,33.49999999991269,0,30.60127618769509,584253162262,cold_to_warm_disk_process
1691423499.975,2023-08-07 15:51:39.975,1,3.24,0,35.50000000032014,0,30.730710190165382,584255294290,cold_to_warm_disk_process
1691423501.053,2023-08-07 15:51:41.053,1,3.047,0,61.49999999906868,0,30.689867448532226,584257467070,cold_to_warm_disk_process
1691423502.136,2023-08-07 15:51:42.136,1,2.714,0,53.50000000107684,0,30.843964942326892,584259455131,cold_to_warm_disk_process
1691423503.232,2023-08-07 15:51:43.232,1,3.178,0,54.25000000032014,0,30.94617045037508,584261565590,cold_to_warm_disk_process
1691423504.315,2023-08-07 15:51:44.315,1,2.667,0,74.49999999953434,0,31.07323675767824,584263908284,cold_to_warm_disk_process
1691423505.387,2023-08-07 15:51:45.387,1,2.969,0,74.2500000000291,0,31.00496821369238,584266091799,cold_to_warm_disk_process
1691423506.47,2023-08-07 15:51:46.470,1,2.948,0,67.74999999979627,0,31.033380555698052,584268237846,cold_to_warm_disk_process
1691423507.565,2023-08-07 15:51:47.565,1,2.631,0,46.749999999883585,0,31.05824135495302,584270405671,cold_to_warm_disk_process
1691423508.643,2023-08-07 15:51:48.643,1,3.068,0,68.0000000000291,0,31.228123483195287,584272542569,cold_to_warm_disk_process
1691423509.712,2023-08-07 15:51:49.712,1,2.854,0,68.0000000000291,0,31.228123483195287,584274707636,cold_to_warm_disk_process
1691423511.892,2023-08-07 15:51:51.892,1,2.662,0,92.95774647890252,0,31.369790577362465,584279258824,cold_to_warm_disk_process
1691423512.995,2023-08-07 15:51:52.995,1,3.23,0,73.00000000032014,0,31.46449838404805,584281423466,cold_to_warm_disk_process
1691423514.087,2023-08-07 15:51:54.087,1,2.787,0,81.25,0,31.417144480705257,584283632188,cold_to_warm_disk_process
1691423515.161,2023-08-07 15:51:55.161,1,3.593,0,76.49999999994179,0,31.730272166559466,584285827697,cold_to_warm_disk_process
1691423516.232,2023-08-07 15:51:56.232,1,2.531,0,80.74999999953434,0,31.844908074235136,584287976039,cold_to_warm_disk_process
1691423517.303,2023-08-07 15:51:57.303,1,3.395,0,69.75000000020373,0,31.873715032102,584290064725,cold_to_warm_disk_process
1691423518.385,2023-08-07 15:51:58.385,1,2.844,0,72.75000000008731,0,30.931569663511056,584292017919,cold_to_warm_disk_process
1691423519.468,2023-08-07 15:51:59.468,1,3.447,0,62.749999999505235,0,30.730710190165382,584294286056,cold_to_warm_disk_process
1691423520.547,2023-08-07 15:52:00.547,1,2.756,0,60.00000000058208,0,30.66619049686083,584296450350,cold_to_warm_disk_process
1691423521.623,2023-08-07 15:52:01.623,1,2.605,0,58.49999999991269,0,30.657508947914653,584298690257,cold_to_warm_disk_process
1691423522.696,2023-08-07 15:52:02.696,1,2.558,0,50.499999999738066,0,30.709006317799936,584300845581,cold_to_warm_disk_process
1691423523.791,2023-08-07 15:52:03.791,1,2.161,0,53.24999999938882,0,30.94360544727735,584302908936,cold_to_warm_disk_process
1691423524.87,2023-08-07 15:52:04.870,1,1.994,0,33.750000000873115,0,30.627518142464215,584305377584,cold_to_warm_disk_process
1691423525.944,2023-08-07 15:52:05.944,1,1.983,0,31.50000000023283,0,30.689867448532226,584307411159,cold_to_warm_disk_process
1691423527.031,2023-08-07 15:52:07.031,1,1.994,0,30.74999999953434,0,30.654746636886323,584309631914,cold_to_warm_disk_process
1691423528.109,2023-08-07 15:52:08.109,1,1.983,0,29.750000000058208,0,30.656325100331085,584311800760,cold_to_warm_disk_process
1691423529.194,2023-08-07 15:52:09.194,1,2.151,0,47.75000000008731,0,30.713347092273025,584313896148,cold_to_warm_disk_process
1691423530.285,2023-08-07 15:52:10.285,1,3.282,0,68.75,0,30.639553926230512,584316814655,cold_to_warm_disk_process
1691423531.366,2023-08-07 15:52:11.366,1,2.396,0,43.999999999505235,0,30.677239740974148,584318757977,cold_to_warm_disk_process
1691423532.439,2023-08-07 15:52:12.439,1,2.255,0,41.000000000349246,0,30.692235143699364,584320931843,cold_to_warm_disk_process
1691423533.522,2023-08-07 15:52:13.522,1,2.526,0,41.24999999985448,0,30.690459372324014,584323136860,cold_to_warm_disk_process
1691423534.643,2023-08-07 15:52:14.643,1,2.156,0,34.249999999883585,0,30.690459372324014,584324700274,cold_to_warm_disk_process
1691423538.06,2023-08-07 15:52:18.060,1,2.093,0,27.99999999915599,0,30.655141252747516,584325378726,cold_to_warm_disk_process
1691423540.531,2023-08-07 15:52:20.531,1,2.621,0,50.749999999970896,0,30.67802897269653,584327812749,cold_to_warm_disk_process
1691423541.6,2023-08-07 15:52:21.600,1,2.563,0,34.750000000349246,0,30.68631590578152,584329985074,cold_to_warm_disk_process
1691423542.671,2023-08-07 15:52:22.671,1,4.206,0,45.99999999918509,0,30.791283724858037,584332179878,cold_to_warm_disk_process
1691423543.743,2023-08-07 15:52:23.743,1,4.055,0,62.500000000727596,0,30.738602507389185,584334414662,cold_to_warm_disk_process
1691423544.854,2023-08-07 15:52:24.854,1,3.646,0,69.99999999970896,0,31.137559143052197,584336608190,cold_to_warm_disk_process
1691423545.955,2023-08-07 15:52:25.955,1,3.997,0,74.74999999976717,0,31.173666494351078,584339076877,cold_to_warm_disk_process
1691423547.039,2023-08-07 15:52:27.039,1,2.688,0,81.49999999950523,0,31.23009656250123,584341293454,cold_to_warm_disk_process
1691423548.111,2023-08-07 15:52:28.111,1,3.666,0,65.75000000011642,0,31.425036797929057,584343372814,cold_to_warm_disk_process
1691423549.184,2023-08-07 15:52:29.184,1,2.584,0,57.50000000043656,0,31.144464920623022,584345588079,cold_to_warm_disk_process
1691423550.265,2023-08-07 15:52:30.265,1,2.39,0,74.49999999953434,0,31.111119880352472,584347747282,cold_to_warm_disk_process
1691423551.348,2023-08-07 15:52:31.348,1,2.891,0,73.82851445692027,0,31.274885462746287,584349890487,cold_to_warm_disk_process
1691423552.42,2023-08-07 15:52:32.420,1,3.057,0,81.9999999999709,0,31.401951770049447,584352072170,cold_to_warm_disk_process
1691423553.492,2023-08-07 15:52:33.492,1,3.224,0,79.75000000005821,0,31.531977696311525,584354200313,cold_to_warm_disk_process
1691423554.562,2023-08-07 15:52:34.562,1,2.412,0,83.74999999941792,0,31.110922572421877,584356411282,cold_to_warm_disk_process
1691423555.646,2023-08-07 15:52:35.646,1,2.72,0,81.00000000049477,0,31.247854276254778,584358535409,cold_to_warm_disk_process
1691423556.725,2023-08-07 15:52:36.725,1,3.229,0,84.99999999912689,0,31.680550568049533,584360763534,cold_to_warm_disk_process
1691423557.81,2023-08-07 15:52:37.810,1,2.349,0,83.75000000014552,0,31.425628721720837,584362982428,cold_to_warm_disk_process
1691423558.885,2023-08-07 15:52:38.885,1,3.178,0,66.25000000058208,0,31.637734747110425,584365212378,cold_to_warm_disk_process
1691423559.966,2023-08-07 15:52:39.966,1,2.589,0,83.49999999991269,0,31.797554170892344,584367450000,cold_to_warm_disk_process
1691423561.055,2023-08-07 15:52:41.055,1,2.917,0,75.25000000023283,0,30.987013192008238,584369626566,cold_to_warm_disk_process
1691423562.128,2023-08-07 15:52:42.128,1,2.146,0,51.75000000017462,0,30.930583123858078,584371735896,cold_to_warm_disk_process
1691423563.203,2023-08-07 15:52:43.203,1,2.224,0,43.24999999953434,0,30.725185568108728,584373907116,cold_to_warm_disk_process
1691423564.295,2023-08-07 15:52:44.295,1,2.078,0,40.25000000037835,0,30.62219082833815,584376113408,cold_to_warm_disk_process
1691423565.393,2023-08-07 15:52:45.393,1,2.334,0,28.999999999359716,0,30.604433114584605,584378115763,cold_to_warm_disk_process
1691423566.473,2023-08-07 15:52:46.473,1,2.463,0,33.75000000014552,0,30.499662603438683,584380207574,cold_to_warm_disk_process
1691423567.544,2023-08-07 15:52:47.544,1,2.531,0,31.25,0,30.46296332834802,584382384853,cold_to_warm_disk_process
1691423568.616,2023-08-07 15:52:48.616,1,2.051,0,43.75,0,30.430012903938664,584384572375,cold_to_warm_disk_process
1691423569.696,2023-08-07 15:52:49.696,1,2.009,0,50.50000000119326,0,30.435734833925913,584386585692,cold_to_warm_disk_process
1691423570.772,2023-08-07 15:52:50.772,1,4.541,0,56.24999999854481,0,30.595159641846642,584388800337,cold_to_warm_disk_process
1691423571.928,2023-08-07 15:52:51.928,1,2.067,0,72.00000000011642,0,30.496702984479757,584390975684,cold_to_warm_disk_process
1691423573.003,2023-08-07 15:52:53.003,1,2.662,0,57.74999999994179,0,30.493348749659642,584393142522,cold_to_warm_disk_process
1691423574.078,2023-08-07 15:52:54.078,1,1.994,0,60.25000000008731,0,30.479537194518,584395276322,cold_to_warm_disk_process
1691423575.152,2023-08-07 15:52:55.152,1,2.083,0,56.25,0,30.488613359325367,584397436659,cold_to_warm_disk_process
1691423576.231,2023-08-07 15:52:56.231,1,2.093,0,49.750000000494765,0,30.366479750287084,584399634701,cold_to_warm_disk_process
1691423577.313,2023-08-07 15:52:57.313,1,2.067,0,32.74999999994179,0,30.46217409662564,584401722337,cold_to_warm_disk_process
1691423578.397,2023-08-07 15:52:58.397,1,3.167,0,45.2499999992142,0,30.315376996262987,584403893961,cold_to_warm_disk_process
1691423579.475,2023-08-07 15:52:59.475,1,3.24,0,42.50000000029104,0,30.338462024142597,584405993933,cold_to_warm_disk_process
1691423580.55,2023-08-07 15:53:00.550,1,3.37,0,50.99999999947613,0,30.6829616709614,584408157153,cold_to_warm_disk_process
1691423581.629,2023-08-07 15:53:01.629,1,3.698,0,57.25000000020373,0,31.154330317152766,584410238116,cold_to_warm_disk_process
1691423582.707,2023-08-07 15:53:02.707,1,3.12,0,71.74999999988358,0,31.13854568270517,584412409216,cold_to_warm_disk_process
1691423583.776,2023-08-07 15:53:03.776,1,2.803,0,79.49999999982538,0,31.247656968324183,584414593220,cold_to_warm_disk_process
1691423584.847,2023-08-07 15:53:04.847,1,3.468,0,81.50000000023283,0,31.398005611437547,584416593019,cold_to_warm_disk_process
1691423585.92,2023-08-07 15:53:05.920,1,2.579,0,85.25000000008731,0,31.62037164921807,584418869420,cold_to_warm_disk_process
1691423586.996,2023-08-07 15:53:06.996,1,2.751,0,85.74999999982538,0,31.446740670294503,584421065120,cold_to_warm_disk_process
1691423588.07,2023-08-07 15:53:08.070,1,2.375,0,80.5000000000291,0,32.02426098314596,584422989182,cold_to_warm_disk_process
1691423589.144,2023-08-07 15:53:09.144,1,3.099,0,74.50000000026193,0,31.528031537699626,584425180569,cold_to_warm_disk_process
1691423590.215,2023-08-07 15:53:10.215,1,2.688,0,72.25000000034925,0,30.78437794728721,584427357538,cold_to_warm_disk_process
1691423591.339,2023-08-07 15:53:11.339,1,2.396,0,57.25000000020373,0,30.671912426848085,584429579000,cold_to_warm_disk_process
1691423592.429,2023-08-07 15:53:12.429,1,2.838,0,65.75000000084401,0,30.415214809144036,584431773717,cold_to_warm_disk_process
1691423593.519,2023-08-07 15:53:13.519,1,2.964,0,69.74999999947613,0,30.393510936778593,584433949410,cold_to_warm_disk_process
1691423594.591,2023-08-07 15:53:14.591,1,2.282,0,68.7499999992724,0,30.395089400223352,584436011146,cold_to_warm_disk_process
1691423595.664,2023-08-07 15:53:15.664,1,2.219,0,67.50000000029104,0,30.345367801713426,584438229743,cold_to_warm_disk_process
1691423596.778,2023-08-07 15:53:16.778,1,2.349,0,73.00000000032014,0,30.37634514681683,584440312007,cold_to_warm_disk_process
1691423597.873,2023-08-07 15:53:17.873,1,2.584,0,62.75000000023283,0,30.356614353757333,584442532446,cold_to_warm_disk_process
1691423598.95,2023-08-07 15:53:18.950,1,2.516,0,71.25000000014552,0,30.348327420672344,584444607220,cold_to_warm_disk_process
1691423600.057,2023-08-07 15:53:20.057,1,2.49,0,72.00000000011642,0,30.52136647580413,584446955019,cold_to_warm_disk_process
1691423601.134,2023-08-07 15:53:21.134,1,2.531,0,69.99999999970896,0,30.56911499500811,584449154904,cold_to_warm_disk_process
1691423602.214,2023-08-07 15:53:22.214,1,2.255,0,70.99999999991269,0,30.629096605908977,584451321308,cold_to_warm_disk_process
1691423603.292,2023-08-07 15:53:23.292,1,2.662,0,68.75,0,30.66619049686083,584453490841,cold_to_warm_disk_process
1691423604.374,2023-08-07 15:53:24.374,1,2.698,0,80.99999999976717,0,30.798189502428862,584455695828,cold_to_warm_disk_process
1691423605.448,2023-08-07 15:53:25.448,1,3.157,0,78.74999999985448,0,30.98582934442467,584457879199,cold_to_warm_disk_process
1691423606.57,2023-08-07 15:53:26.570,1,3.417,0,80.24999999979627,0,31.351638247747733,584460164143,cold_to_warm_disk_process
1691423607.661,2023-08-07 15:53:27.661,1,2.594,0,72.50000000058208,0,31.26738776138368,584462177824,cold_to_warm_disk_process
1691423608.748,2023-08-07 15:53:28.748,1,2.813,0,59.999999999126885,0,31.01917438469522,584464459868,cold_to_warm_disk_process
1691423609.824,2023-08-07 15:53:29.824,1,2.453,0,52.50000000014552,0,31.17031225953096,584466690172,cold_to_warm_disk_process
1691423610.897,2023-08-07 15:53:30.897,1,2.505,0,65.25000000037835,0,30.41482019328285,584468862328,cold_to_warm_disk_process
1691423611.969,2023-08-07 15:53:31.969,1,2.568,0,61.00000000005821,0,30.446981385969828,584471073860,cold_to_warm_disk_process
1691423613.055,2023-08-07 15:53:33.055,1,2.6,0,66.74999999959255,0,30.495321828965594,584473005416,cold_to_warm_disk_process
1691423614.136,2023-08-07 15:53:34.136,1,2.495,0,64.49999999967986,0,30.37831822612278,584475170320,cold_to_warm_disk_process
1691423615.217,2023-08-07 15:53:35.217,1,2.505,0,62.250000000494765,0,30.392129781264426,584477224701,cold_to_warm_disk_process
1691423616.289,2023-08-07 15:53:36.289,1,2.735,0,57.00000000069849,0,30.37871284198397,584479375422,cold_to_warm_disk_process
1691423617.361,2023-08-07 15:53:37.361,1,1.973,0,62.24999999976717,0,30.38423746404063,584481618545,cold_to_warm_disk_process
1691423618.439,2023-08-07 15:53:38.439,1,2.563,0,64.99999999941792,0,30.347143573088776,584483778644,cold_to_warm_disk_process
1691423619.513,2023-08-07 15:53:39.513,1,2.537,0,88.75000000043656,0,30.370228600968385,584485927589,cold_to_warm_disk_process
1691423620.582,2023-08-07 15:53:40.582,1,2.563,0,79.49999999909778,0,30.59535694977724,584488162809,cold_to_warm_disk_process
1691423621.674,2023-08-07 15:53:41.674,1,2.922,0,78.75000000058208,0,30.668360884097375,584490203417,cold_to_warm_disk_process
1691423622.754,2023-08-07 15:53:42.754,1,2.61,0,73.49999999933061,0,30.69953553713138,584492425232,cold_to_warm_disk_process
1691423623.842,2023-08-07 15:53:43.842,1,3.292,0,67.6938369784205,0,30.752611370461423,584494447942,cold_to_warm_disk_process
1691423624.912,2023-08-07 15:53:44.912,1,2.548,0,67.30382293791855,0,30.802135661040758,584496557330,cold_to_warm_disk_process
1691423625.984,2023-08-07 15:53:45.984,1,3.443,0,72.75000000008731,0,30.7810237124671,584498795099,cold_to_warm_disk_process
1691423627.069,2023-08-07 15:53:47.069,1,2.542,0,79.24999999886495,0,30.99924628370513,584501083556,cold_to_warm_disk_process
1691423628.145,2023-08-07 15:53:48.145,1,3.349,0,85.00000000058208,0,31.0864563890281,584503228929,cold_to_warm_disk_process
1691423629.247,2023-08-07 15:53:49.247,1,2.88,0,83.50000000064028,0,31.153541085430387,584505509255,cold_to_warm_disk_process
1691423630.317,2023-08-07 15:53:50.317,1,2.344,0,80.24999999979627,0,31.330328991243473,584507723652,cold_to_warm_disk_process
1691423631.388,2023-08-07 15:53:51.388,1,3.126,0,71.25000000014552,0,30.43159136738342,584509892973,cold_to_warm_disk_process
1691423632.459,2023-08-07 15:53:52.459,1,3.505,0,74.50000000026193,0,30.44895446527578,584512065429,cold_to_warm_disk_process
1691423633.537,2023-08-07 15:53:53.537,1,2.907,0,69.24999999901047,0,30.316363535915965,584514105712,cold_to_warm_disk_process
1691423634.62,2023-08-07 15:53:54.620,1,1.999,0,76.50000000066939,0,30.31241737730406,584516309691,cold_to_warm_disk_process
1691423635.695,2023-08-07 15:53:55.695,1,1.978,0,67.74999999979627,0,30.335107789322485,584518520671,cold_to_warm_disk_process
1691423636.767,2023-08-07 15:53:56.767,1,1.999,0,60.75000000055297,0,30.322874697625597,584520804999,cold_to_warm_disk_process
1691423637.841,2023-08-07 15:53:57.841,1,2.004,0,72.99999999959255,0,30.336686252767244,584522922592,cold_to_warm_disk_process
1691423638.926,2023-08-07 15:53:58.926,1,1.968,0,68.25000000026193,0,30.310641605928705,584524986820,cold_to_warm_disk_process
1691423640.013,2023-08-07 15:54:00.013,1,2.161,0,77.99999999915599,0,30.310641605928705,584527246771,cold_to_warm_disk_process
1691423641.092,2023-08-07 15:54:01.092,1,4.583,0,77.00000000040745,0,30.32899124347404,584529573075,cold_to_warm_disk_process
1691423642.164,2023-08-07 15:54:02.164,1,2.678,0,77.75000000037835,0,30.372201680274337,584531653756,cold_to_warm_disk_process
1691423643.24,2023-08-07 15:54:03.240,1,2.84,0,73.25000000055297,0,30.334713173461292,584533886771,cold_to_warm_disk_process
1691423644.366,2023-08-07 15:54:04.366,1,2.328,0,73.74999999956344,0,30.35562781410436,584535855708,cold_to_warm_disk_process
1691423645.54,2023-08-07 15:54:05.540,1,2.699,0,72.50000000058208,0,30.345762417574612,584538093486,cold_to_warm_disk_process
1691423646.614,2023-08-07 15:54:06.614,1,3.079,0,68.75,0,30.426855977049144,584540342130,cold_to_warm_disk_process
1691423647.685,2023-08-07 15:54:07.685,1,2.959,0,70.00000000043656,0,30.518406856845203,584542466768,cold_to_warm_disk_process
1691423648.76,2023-08-07 15:54:08.760,1,2.531,0,67.49999999956344,0,30.598119260805568,584544737049,cold_to_warm_disk_process
1691423649.838,2023-08-07 15:54:09.838,1,2.015,0,48.25000000055297,0,30.58174270256619,584546847827,cold_to_warm_disk_process
1691423650.927,2023-08-07 15:54:10.927,1,2.401,0,38.2499999992433,0,30.587859248414627,584548980929,cold_to_warm_disk_process
1691423651.998,2023-08-07 15:54:11.998,1,4.407,0,59.25000000061118,0,30.468290642474084,584551162286,cold_to_warm_disk_process
1691423653.079,2023-08-07 15:54:13.079,1,2.135,0,75.49999999901047,0,30.43356444668937,584553360780,cold_to_warm_disk_process
1691423654.166,2023-08-07 15:54:14.166,1,2.699,0,55.5000000007567,0,30.521563783734724,584555486527,cold_to_warm_disk_process
1691423655.242,2023-08-07 15:54:15.242,1,2.198,0,57.50000000043656,0,30.43790522116246,584557613422,cold_to_warm_disk_process
1691423656.369,2023-08-07 15:54:16.369,1,2.266,0,61.24999999883585,0,30.4598064014585,584559872167,cold_to_warm_disk_process
1691423657.444,2023-08-07 15:54:17.444,1,2.489,0,53.500000000349246,0,30.421134047061887,584562053156,cold_to_warm_disk_process
1691423658.516,2023-08-07 15:54:18.516,1,2.375,0,65.24999999965075,0,30.42902636428569,584564211188,cold_to_warm_disk_process
1691423659.596,2023-08-07 15:54:19.596,1,2.219,0,72.50000000130967,0,30.81910414307193,584566389338,cold_to_warm_disk_process
1691423660.688,2023-08-07 15:54:20.688,1,2.109,0,61.99999999880674,0,30.804503356207903,584568593697,cold_to_warm_disk_process
1691423661.815,2023-08-07 15:54:21.815,1,3.479,0,61.50000000052387,0,30.89802731530991,584570807734,cold_to_warm_disk_process
1691423662.891,2023-08-07 15:54:22.891,1,3.976,0,68.49999999976717,0,30.918744648022383,584572872888,cold_to_warm_disk_process
1691423663.964,2023-08-07 15:54:23.964,1,3.776,0,79.00000000081491,0,31.110133340699498,584574974537,cold_to_warm_disk_process
1691423665.082,2023-08-07 15:54:25.082,1,3.411,0,73.99999999906868,0,30.938278133151282,584577089866,cold_to_warm_disk_process
1691423666.177,2023-08-07 15:54:26.177,1,2.813,0,67.74999999979627,0,30.905919632533713,584579267890,cold_to_warm_disk_process
1691423667.251,2023-08-07 15:54:27.251,1,4.206,0,68.75,0,31.07501252905359,584581369102,cold_to_warm_disk_process
1691423668.337,2023-08-07 15:54:28.337,1,2.678,0,87.25000000049477,0,31.428588340679763,584583527937,cold_to_warm_disk_process
1691423669.413,2023-08-07 15:54:29.413,1,3.437,0,66.74999999959255,0,30.75438714183678,584585751530,cold_to_warm_disk_process
1691423670.489,2023-08-07 15:54:30.489,1,3.121,0,66.50000000081491,0,30.581940010496783,584587916162,cold_to_warm_disk_process
1691423671.561,2023-08-07 15:54:31.561,1,2.844,0,67.25000000005821,0,30.486442972088817,584590023318,cold_to_warm_disk_process
1691423672.633,2023-08-07 15:54:32.633,1,1.988,0,66.75000000032014,0,30.50854146031546,584592236424,cold_to_warm_disk_process
1691423673.714,2023-08-07 15:54:33.714,1,2.307,0,63.749999998981366,0,30.54011072921065,584594372920,cold_to_warm_disk_process
1691423674.79,2023-08-07 15:54:34.790,1,2.777,0,64.75000000064028,0,30.70170592436792,584596468522,cold_to_warm_disk_process
1691423675.864,2023-08-07 15:54:35.864,1,2.297,0,72.24999999889405,0,30.705849390910416,584598360597,cold_to_warm_disk_process
1691423676.939,2023-08-07 15:54:36.939,1,2.646,0,70.50000000090222,0,30.738010583597397,584600358157,cold_to_warm_disk_process
1691423678.028,2023-08-07 15:54:38.028,1,2.73,0,69.74999999947613,0,30.719463638121468,584602583124,cold_to_warm_disk_process
1691423679.105,2023-08-07 15:54:39.105,1,2.458,0,73.25000000055297,0,30.78240486798126,584604837022,cold_to_warm_disk_process
1691423680.182,2023-08-07 15:54:40.182,1,2.37,0,63.2499999992433,0,30.69519476265829,584607023035,cold_to_warm_disk_process
1691423681.264,2023-08-07 15:54:41.264,1,2.474,0,51.99999999967986,0,30.71314978434243,584609089604,cold_to_warm_disk_process
1691423682.341,2023-08-07 15:54:42.341,1,2.458,0,59.250000001338776,0,30.76760677318664,584611202641,cold_to_warm_disk_process
1691423683.417,2023-08-07 15:54:43.417,1,3.173,0,77.50000000014552,0,30.901973473921814,584613401409,cold_to_warm_disk_process
1691423684.491,2023-08-07 15:54:44.491,1,2.901,0,54.00000000008731,0,30.926242349384992,584615525522,cold_to_warm_disk_process
1691423685.571,2023-08-07 15:54:45.571,1,2.792,0,71.00000000064028,0,31.20444653152389,584617706084,cold_to_warm_disk_process
1691423686.645,2023-08-07 15:54:46.645,1,2.62,0,81.2499999992724,0,31.551905797301615,584619880284,cold_to_warm_disk_process
1691423687.718,2023-08-07 15:54:47.718,1,2.667,0,89.24999999944703,0,31.696137894566533,584622057507,cold_to_warm_disk_process
1691423688.792,2023-08-07 15:54:48.792,1,3.141,0,84.00000000037835,0,32.42913685672682,584624323879,cold_to_warm_disk_process
1691423689.866,2023-08-07 15:54:49.866,1,2.432,0,74.2500000007567,0,31.083891385930368,584626535589,cold_to_warm_disk_process
1691423690.953,2023-08-07 15:54:50.953,1,2.803,0,73.99999999979627,0,31.09316485866833,584628508441,cold_to_warm_disk_process
1691423692.05,2023-08-07 15:54:52.050,1,2.859,0,54.47761194061705,0,30.91835003216119,584630695564,cold_to_warm_disk_process
1691423693.123,2023-08-07 15:54:53.123,1,2.474,0,57.5376884414213,0,30.848108408869386,584632853752,cold_to_warm_disk_process
1691423694.198,2023-08-07 15:54:54.198,1,2.725,0,63.75000000043656,0,30.92466388594023,584635059613,cold_to_warm_disk_process
1691423695.269,2023-08-07 15:54:55.269,1,3.011,0,68.0000000000291,0,30.82679915236513,584637249611,cold_to_warm_disk_process
1691423696.373,2023-08-07 15:54:56.373,1,3.37,0,61.00000000005821,0,30.809238746542178,584639396214,cold_to_warm_disk_process
1691423697.487,2023-08-07 15:54:57.487,1,3.079,0,71.24999999941792,0,30.872771900193758,584641714676,cold_to_warm_disk_process
1691423698.562,2023-08-07 15:54:58.562,1,3.494,0,74.2500000007567,0,30.970044709977074,584643897775,cold_to_warm_disk_process
1691423699.636,2023-08-07 15:54:59.636,1,2.688,0,75.49999999828287,0,31.405108696938967,584646009664,cold_to_warm_disk_process
1691423700.706,2023-08-07 15:55:00.706,1,2.953,0,75.25000000023283,0,31.521520375989994,584648217694,cold_to_warm_disk_process
1691423701.803,2023-08-07 15:55:01.803,1,2.667,0,74.2500000000291,0,31.8228095860085,584650322334,cold_to_warm_disk_process
1691423702.897,2023-08-07 15:55:02.897,1,2.568,0,63.50000000020373,0,31.818074195674225,584652494068,cold_to_warm_disk_process
1691423703.967,2023-08-07 15:55:03.967,1,2.72,0,67.25000000005821,0,31.725142160363994,584654694316,cold_to_warm_disk_process
1691423705.064,2023-08-07 15:55:05.064,1,2.948,0,89.75000000064028,0,31.96467398810628,584656923496,cold_to_warm_disk_process
1691423706.135,2023-08-07 15:55:06.135,1,2.109,0,84.49999999938882,0,31.808998030866853,584658975438,cold_to_warm_disk_process
1691423707.211,2023-08-07 15:55:07.211,1,2.824,0,82.49999999970896,0,31.795581091586396,584660870902,cold_to_warm_disk_process
1691423708.294,2023-08-07 15:55:08.294,1,3.567,0,86.00000000005821,0,31.753554502369667,584663045132,cold_to_warm_disk_process
1691423709.368,2023-08-07 15:55:09.368,1,2.636,0,95.75000000040745,0,31.45542221924068,584665340379,cold_to_warm_disk_process
1691423710.443,2023-08-07 15:55:10.443,1,2.87,0,75,0,30.67980474407188,584668050184,cold_to_warm_disk_process
1691423711.519,2023-08-07 15:55:11.519,1,2.777,0,73.75000000029104,0,30.757938684587486,584670199536,cold_to_warm_disk_process
1691423712.596,2023-08-07 15:55:12.596,1,2.828,0,66.74999999959255,0,30.76642292560307,584672295499,cold_to_warm_disk_process
1691423713.671,2023-08-07 15:55:13.671,1,3.982,0,69.24999999973807,0,30.769974468353784,584674543847,cold_to_warm_disk_process
1691423714.899,2023-08-07 15:55:14.899,1,2.177,0,66.00000000034925,0,30.775301782479847,584675212094,cold_to_warm_disk_process
1691423718.859,2023-08-07 15:55:18.859,1,2.203,0,66.99999999982538,0,30.595159641846642,584676110009,cold_to_warm_disk_process
1691423720.259,2023-08-07 15:55:20.259,1,3.011,0,54.00000000008731,0,30.575626156717746,584677629838,cold_to_warm_disk_process
1691423721.376,2023-08-07 15:55:21.376,1,2.046,0,56.50000000023283,0,30.763463306644145,584679705677,cold_to_warm_disk_process
1691423722.45,2023-08-07 15:55:22.450,1,2.818,0,50.250000000960426,0,30.808252206889204,584681573977,cold_to_warm_disk_process
1691423723.527,2023-08-07 15:55:23.527,1,2.437,0,80.99999999976717,0,30.836072625103096,584683835280,cold_to_warm_disk_process
1691423724.596,2023-08-07 15:55:24.596,1,2.891,0,76.00000000020373,0,30.745310977029412,584685895724,cold_to_warm_disk_process
1691423725.666,2023-08-07 15:55:25.666,1,2.454,0,76.74999999944703,0,30.866063430553524,584688066475,cold_to_warm_disk_process
1691423726.738,2023-08-07 15:55:26.738,1,2.323,0,77.50000000014552,0,30.865668814692338,584690212714,cold_to_warm_disk_process
1691423727.826,2023-08-07 15:55:27.826,1,2.714,0,84.50000000011642,0,30.984448188910505,584692305787,cold_to_warm_disk_process
1691423728.913,2023-08-07 15:55:28.913,1,2.437,0,83.25000000040745,0,31.373539428043774,584694709963,cold_to_warm_disk_process
1691423730.018,2023-08-07 15:55:30.018,1,3.677,0,80.24999999979627,0,31.26146852346583,584696862566,cold_to_warm_disk_process
1691423731.089,2023-08-07 15:55:31.089,1,2.699,0,81.49999999950523,0,31.67857748874358,584699082320,cold_to_warm_disk_process
1691423732.16,2023-08-07 15:55:32.160,1,2.985,0,80.25000000052387,0,31.77032567647024,584701307421,cold_to_warm_disk_process
1691423733.239,2023-08-07 15:55:33.239,1,2.703,0,76.4999999992142,0,31.693770199399395,584703253147,cold_to_warm_disk_process
1691423734.338,2023-08-07 15:55:34.338,1,2.959,0,73.75000000029104,0,31.012268607124394,584705511439,cold_to_warm_disk_process
1691423735.418,2023-08-07 15:55:35.418,1,2.573,0,75.75000000069849,0,30.96708509101815,584707703481,cold_to_warm_disk_process
1691423736.495,2023-08-07 15:55:36.495,1,2.922,0,86.99999999953434,0,30.953076227945907,584709936450,cold_to_warm_disk_process
1691423737.577,2023-08-07 15:55:37.577,1,2.751,0,79.49999999982538,0,30.57385038534239,584712148400,cold_to_warm_disk_process
1691423738.681,2023-08-07 15:55:38.681,1,2.266,0,65.75000000084401,0,30.599105800458542,584714265951,cold_to_warm_disk_process
1691423739.758,2023-08-07 15:55:39.758,1,2.282,0,49.250000000029104,0,30.574442309134177,584716536060,cold_to_warm_disk_process
1691423740.835,2023-08-07 15:55:40.835,1,2.255,0,48.24999999982538,0,30.548200354365047,584718777419,cold_to_warm_disk_process
1691423741.908,2023-08-07 15:55:41.908,1,2.051,0,46.24999999869033,0,30.509527999968434,584720713663,cold_to_warm_disk_process
1691423742.989,2023-08-07 15:55:42.989,1,2.213,0,55.500000000029104,0,30.410282110879166,584722868497,cold_to_warm_disk_process
1691423744.085,2023-08-07 15:55:44.085,1,2.453,0,57.50000000043656,0,30.431394059452828,584725044660,cold_to_warm_disk_process
1691423745.166,2023-08-07 15:55:45.166,1,2.557,0,65.00000000087311,0,30.375358607163854,584727229163,cold_to_warm_disk_process
1691423746.237,2023-08-07 15:55:46.237,1,2.381,0,57.74999999994179,0,30.372201680274337,584729454363,cold_to_warm_disk_process
1691423747.309,2023-08-07 15:55:47.309,1,2.411,0,51.24999999970896,0,30.401600561932984,584731610557,cold_to_warm_disk_process
1691423748.394,2023-08-07 15:55:48.394,1,2.682,0,71.24999999941792,0,30.740970202556323,584733716107,cold_to_warm_disk_process
1691423749.475,2023-08-07 15:55:49.475,1,3.282,0,79.7500000007858,0,30.513868774441523,584736014557,cold_to_warm_disk_process
1691423750.586,2023-08-07 15:55:50.586,1,2.604,0,70.99999999991269,0,30.439878300468408,584738314164,cold_to_warm_disk_process
1691423751.657,2023-08-07 15:55:51.657,1,2.333,0,62.999999999738066,0,30.4598064014585,584740521890,cold_to_warm_disk_process
1691423752.731,2023-08-07 15:55:52.731,1,2.427,0,70.00000000043656,0,30.442048687704954,584742704284,cold_to_warm_disk_process
1691423753.815,2023-08-07 15:55:53.815,1,1.957,0,58.24999999967986,0,30.431788675314014,584744723043,cold_to_warm_disk_process
1691423754.889,2023-08-07 15:55:54.889,1,2.166,0,66.24999999985448,0,30.435734833925913,584746966025,cold_to_warm_disk_process
1691423755.962,2023-08-07 15:55:55.962,1,2.135,0,71.49999999965075,0,30.33491048139189,584749097495,cold_to_warm_disk_process
1691423757.052,2023-08-07 15:55:57.052,1,2.182,0,50.75000000069849,0,30.323072005556188,584751298661,cold_to_warm_disk_process
1691423758.122,2023-08-07 15:55:58.122,1,2.015,0,41.99999999909778,0,30.296632742856467,584753354307,cold_to_warm_disk_process
1691423759.202,2023-08-07 15:55:59.202,1,2.349,0,37.75000000023283,0,30.287359270118504,584755424144,cold_to_warm_disk_process
1691423760.294,2023-08-07 15:56:00.294,1,2.072,0,36.24999999956344,0,30.31222006937347,584757785111,cold_to_warm_disk_process
1691423761.397,2023-08-07 15:56:01.397,1,2.297,0,65.00000000014552,0,30.81594721618241,584760113888,cold_to_warm_disk_process
1691423762.474,2023-08-07 15:56:02.474,1,3.39,0,74.50000000026193,0,30.96156046896149,584762265292,cold_to_warm_disk_process
1691423763.602,2023-08-07 15:56:03.602,1,2.281,0,67.99999999930151,0,30.843964942326892,584764540010,cold_to_warm_disk_process
1691423764.694,2023-08-07 15:56:04.694,1,1.968,0,87.25000000049477,0,30.896054236003963,584766680322,cold_to_warm_disk_process
1691423765.777,2023-08-07 15:56:05.777,1,2.974,0,68.49999999976717,0,30.859552268843892,584768879036,cold_to_warm_disk_process
1691423766.853,2023-08-07 15:56:06.853,1,2.355,0,67.99999999930151,0,31.09474332211309,584770972971,cold_to_warm_disk_process
1691423767.923,2023-08-07 15:56:07.923,1,2.63,0,75,0,30.91716618457762,584773173127,cold_to_warm_disk_process
1691423769.059,2023-08-07 15:56:09.059,1,2.187,0,61.7500000007567,0,30.983264341326933,584775433481,cold_to_warm_disk_process
1691423770.172,2023-08-07 15:56:10.172,1,2.172,0,63.2499999992433,0,31.0120712991938,584777547529,cold_to_warm_disk_process
1691423771.244,2023-08-07 15:56:11.244,1,2.265,0,59.50000000084401,0,30.290318889077426,584779913551,cold_to_warm_disk_process
1691423772.422,2023-08-07 15:56:12.422,1,2.558,0,36.49999999979627,0,30.29485697148111,584782023568,cold_to_warm_disk_process
1691423773.504,2023-08-07 15:56:13.504,1,2.657,0,47.999999999592546,0,30.312614685234657,584784231128,cold_to_warm_disk_process
1691423774.595,2023-08-07 15:56:14.595,1,2.025,0,45.750000000407454,0,30.28795119391029,584786374352,cold_to_warm_disk_process
1691423775.675,2023-08-07 15:56:15.675,1,2.14,0,29.250000000320142,0,30.286372730465526,584788516265,cold_to_warm_disk_process
1691423776.752,2023-08-07 15:56:16.752,1,2.077,0,33.49999999918509,0,30.286372730465526,584790772719,cold_to_warm_disk_process
1691423777.827,2023-08-07 15:56:17.827,1,2.077,0,31.000000000494765,0,30.286372730465526,584793034322,cold_to_warm_disk_process
1691423778.897,2023-08-07 15:56:18.897,1,2.041,0,34.99999999985448,0,30.31340391695704,584795268033,cold_to_warm_disk_process
1691423779.981,2023-08-07 15:56:19.981,1,2.458,0,39.74999999991269,0,30.58983232772058,584797445923,cold_to_warm_disk_process
1691423781.065,2023-08-07 15:56:21.065,1,2.683,0,38.249999999970896,0,30.803319508624327,584799578090,cold_to_warm_disk_process
1691423782.137,2023-08-07 15:56:22.137,1,2.292,0,58.75000000014552,0,31.44614874650272,584801774081,cold_to_warm_disk_process
1691423783.206,2023-08-07 15:56:23.206,1,2.584,0,58.75000000014552,0,30.665203957207854,584803953827,cold_to_warm_disk_process
1691423784.282,2023-08-07 15:56:24.282,1,3.547,0,39.24999999944703,0,30.762871382852364,584806172343,cold_to_warm_disk_process
1691423785.419,2023-08-07 15:56:25.419,1,3.026,0,39.56870611826749,0,31.48738610399706,584808746171,cold_to_warm_disk_process
1691423786.535,2023-08-07 15:56:26.535,1,2.761,0,30.99999999976717,0,32.035310227259274,584811100335,cold_to_warm_disk_process
1691423787.638,2023-08-07 15:56:27.638,1,2.871,0,30.249999999796273,0,34.0551515127599,584813403605,cold_to_warm_disk_process
1691423788.754,2023-08-07 15:56:28.754,1,2.844,0,34.249999999883585,0,48.29447024793714,584815724074,cold_to_warm_disk_process
1691423789.89,2023-08-07 15:56:29.890,1,2.792,0,29.250000001047738,0,53.270773565472695,584818059731,cold_to_warm_disk_process
1691423791,2023-08-07 15:56:31.000,1,2.73,0,29.999999999563443,0,58.34020622624906,584820411608,cold_to_warm_disk_process
1691423792.111,2023-08-07 15:56:32.111,1,3.758,0,33.49999999918509,0,63.01009032757062,584822794205,cold_to_warm_disk_process
1691423793.215,2023-08-07 15:56:33.215,1,5.037,0,53.00000000061118,0,73.10811290749021,584824992662,cold_to_warm_disk_process
1691423794.319,2023-08-07 15:56:34.319,1,3.047,0,88.2499999999709,0,77.94689259740106,584827250907,cold_to_warm_disk_process
1691423795.448,2023-08-07 15:56:35.448,1,2.933,0,53.75000000058208,0,82.7785692018105,584829503493,cold_to_warm_disk_process
1691423796.566,2023-08-07 15:56:36.566,1,3.718,0,58.49999999918509,0,82.78212074456121,584831897989,cold_to_warm_disk_process
1691423797.669,2023-08-07 15:56:37.669,1,1.24,0,41.50000000081491,0,82.70221103267025,584834241052,cold_to_warm_disk_process
1691423798.777,2023-08-07 15:56:38.777,1,2.803,0,20.49999999871943,0,82.69372679165467,584836514364,cold_to_warm_disk_process
1691423799.885,2023-08-07 15:56:39.885,1,1.282,0,27.000000000407454,0,82.74542146947054,584838880377,cold_to_warm_disk_process
1691423801.035,2023-08-07 15:56:41.035,1,2.766,0,11.499999999796273,0,82.73062337467593,584840717920,cold_to_warm_disk_process
1691423802.144,2023-08-07 15:56:42.144,1,1.146,0,22.000000000116415,0,82.67478523031755,584842969675,cold_to_warm_disk_process
1691423803.249,2023-08-07 15:56:43.249,1,1.382,0,9.000000001105946,0,82.67123368756684,584845271617,cold_to_warm_disk_process
1691423804.405,2023-08-07 15:56:44.405,1,4.2,0,48.00000000032014,0,83.72742304004167,584847664315,cold_to_warm_disk_process
