1691103004.709,2023-08-03 22:50:04.709,0,83.65,4699044,1.000000000203741,0,11.206217986013947,242228123741,null_state
1691103005.239,2023-08-03 22:50:05.239,0,72.6,4699080,2.4374999986320915,0,11.2093270277902,242228398393,null_state
1691103005.774,2023-08-03 22:50:05.774,0,61.85,4699116,0.7499999992433004,0,11.223713966205812,242228676478,null_state
1691103006.307,2023-08-03 22:50:06.307,0,94.11,4699152,0.7499999992433004,0,11.223713966205812,242228935443,null_state
1691103006.84,2023-08-03 22:50:06.840,0,80.96,4699224,1.1250000003201563,0,11.237674173397235,242229233963,null_state
1691103007.37,2023-08-03 22:50:07.370,0,68.35,4699260,1.1250000003201563,0,11.237674173397235,242229483841,null_state
1691103007.902,2023-08-03 22:50:07.902,0,64.29,4699296,1.3124999990395736,0,11.246501413577661,242229787823,null_state
1691103008.447,2023-08-03 22:50:08.447,0,99.31,4699332,1.3124999990395736,0,11.246501413577661,242230139793,null_state
1691103008.976,2023-08-03 22:50:08.976,0,83.8,4699368,1.2500000011641248,0,11.235747786728025,242230401723,null_state
1691103009.516,2023-08-03 22:50:09.516,0,78.69,4699404,1.2500000011641248,0,11.235747786728025,242230819362,null_state
1691103010.047,2023-08-03 22:50:10.047,0,58.55,4699440,1.1874999989231583,0,11.248013261343369,242231101903,null_state
1691103010.581,2023-08-03 22:50:10.581,0,102.12,4699476,1.1874999989231583,0,11.248013261343369,242231387687,null_state
1691103011.108,2023-08-03 22:50:11.108,0,76.13,4699548,0.7499999999708962,0,11.270044784832363,242231662721,null_state
1691103011.636,2023-08-03 22:50:11.636,0,63.66,4699584,0.7499999999708962,0,11.270044784832363,242231924283,null_state
1691103012.165,2023-08-03 22:50:12.165,0,56.19,4699620,1.0625000009895302,0,11.260705467182905,242232240731,null_state
1691103012.697,2023-08-03 22:50:12.697,0,90.01,4699656,1.0625000009895302,0,11.260705467182905,242232589092,null_state
1691103013.23,2023-08-03 22:50:13.230,0,78.43,4699728,1.249999998981366,0,11.207449410403756,242232886153,null_state
1691103013.759,2023-08-03 22:50:13.759,0,66.41,4699728,1.249999998981366,0,11.212521415811294,242233156896,null_state
1691103014.286,2023-08-03 22:50:14.286,0,94.13,4699800,0.5625000012514505,0,11.212521415811294,242233437260,null_state
1691103014.815,2023-08-03 22:50:14.815,0,94.52,4699836,2.0000000004074536,0,11.21798357548095,242233746920,null_state
1691103015.365,2023-08-03 22:50:15.365,0,78.69,4699872,2.0000000004074536,0,11.21798357548095,242234005637,null_state
1691103015.894,2023-08-03 22:50:15.894,0,60.13,4699908,0.49999999901046976,0,11.220921924767529,242234302783,null_state
1691103016.43,2023-08-03 22:50:16.430,0,56.44,4699944,0.49999999901046976,0,11.220921924767529,242234567543,null_state
1691103016.96,2023-08-03 22:50:16.960,0,77.66,4699980,1.687500001571621,0,11.220739039957161,242234830371,null_state
1691103017.488,2023-08-03 22:50:17.488,0,84.37,4700016,1.687500001571621,0,11.220739039957161,242235090090,null_state
1691103018.023,2023-08-03 22:50:18.023,0,72.3,4700052,1.1249999995925606,0,11.2458917975431,242235370607,null_state
1691103018.552,2023-08-03 22:50:18.552,0,64.76,4700088,1.1249999995925606,0,11.2458917975431,242235744595,null_state
1691103019.08,2023-08-03 22:50:19.080,0,82.75,4700160,0.9374999986903418,0,11.229541895496206,242235997043,null_state
1691103019.616,2023-08-03 22:50:19.616,0,87.1,4700196,0.9374999986903418,0,11.229541895496206,242236393724,null_state
1691103020.145,2023-08-03 22:50:20.145,0,59.61,4700232,0.6250000005820908,0,11.198719708788857,242236671041,null_state
1691103020.673,2023-08-03 22:50:20.673,0,61.08,4700268,0.6250000005820908,0,11.198719708788857,242236967212,null_state
1691103021.199,2023-08-03 22:50:21.199,0,87.93,4700304,1.187500000378364,0,11.222689811267752,242237231623,null_state
1691103021.726,2023-08-03 22:50:21.726,0,81.73,4700340,1.187500000378364,0,11.222689811267752,242237490739,null_state
1691103022.255,2023-08-03 22:50:22.255,0,59.59,4700412,1.2500000011641532,0,11.2188858072121,242237756561,null_state
1691103022.788,2023-08-03 22:50:22.788,0,64.15,4700412,1.249999998981366,0,11.294551349421669,242238072887,null_state
1691103023.316,2023-08-03 22:50:23.316,0,74.89,4700448,1.249999998981366,0,11.294551349421669,242238347257,null_state
1691103023.845,2023-08-03 22:50:23.845,0,85.27,4700520,0.6874999999126743,0,11.244306795853246,242238621741,null_state
1691103024.373,2023-08-03 22:50:24.373,0,80.59,4700556,0.6874999999126743,0,11.244306795853246,242238882485,null_state
1691103024.9,2023-08-03 22:50:24.900,0,64.57,4700592,1.5624999992724042,0,11.222421580212547,242239157103,null_state
1691103025.439,2023-08-03 22:50:25.439,0,94.89,4700628,1.5624999992724042,0,11.222421580212547,242239433176,null_state
1691103025.976,2023-08-03 22:50:25.976,0,82.26,4700664,1.5000000006694023,0,11.228383625030542,242239716227,null_state
1691103026.504,2023-08-03 22:50:26.504,0,77.46,4700700,1.5000000006694023,0,11.228383625030542,242239985084,null_state
1691103027.033,2023-08-03 22:50:27.033,0,65.82,4700772,1.0624999995343387,0,11.267411243563066,242240280189,null_state
1691103027.559,2023-08-03 22:50:27.559,0,96.28,4700772,1.0624999995343387,0,11.267411243563066,242240536852,null_state
1691103028.085,2023-08-03 22:50:28.085,0,90.44,4700844,1.1875000011059456,0,11.268984052932229,242240809794,null_state
1691103028.616,2023-08-03 22:50:28.616,0,67.0,4700880,1.1875000011059456,0,11.268984052932229,242241149412,null_state
1691103029.144,2023-08-03 22:50:29.144,0,63.93,4700916,0.8749999986321058,0,11.261351660179539,242241416923,null_state
1691103029.673,2023-08-03 22:50:29.673,0,94.7,4700952,0.8749999986321058,0,11.261351660179539,242241846455,null_state
1691103030.199,2023-08-03 22:50:30.199,0,84.08,4700988,1.437499999155989,0,11.239015328673267,242242126763,null_state
1691103030.729,2023-08-03 22:50:30.729,0,79.15,4701060,1.437499999155989,0,11.239015328673267,242242414210,null_state
1691103031.258,2023-08-03 22:50:31.258,0,70.96,4701096,0.5738522957577317,0,11.231078127903297,242242691468,null_state
1691103031.795,2023-08-03 22:50:31.795,0,60.0,4701132,1.3026052110915742,0,11.215264687966814,242242962032,null_state
1691103032.322,2023-08-03 22:50:32.322,0,93.2,4701168,1.3026052110915742,0,11.215264687966814,242243219021,null_state
1691103032.851,2023-08-03 22:50:32.851,0,77.01,4701204,0.6874999999126885,0,11.204706138248238,242243528988,null_state
1691103033.378,2023-08-03 22:50:33.378,0,70.46,4701240,0.6874999999126885,0,11.204706138248238,242243798913,null_state
1691103033.905,2023-08-03 22:50:33.905,0,69.13,4701276,1.8125000002328306,0,11.212838416149266,242244037324,null_state
1691103034.442,2023-08-03 22:50:34.442,0,91.88,4701348,1.8125000002328306,0,11.212838416149266,242244289480,null_state
1691103034.981,2023-08-03 22:50:34.981,0,83.91,4701384,1.8124999987776391,0,11.226603546209626,242244592373,null_state
1691103035.507,2023-08-03 22:50:35.507,0,76.58,4701420,1.8124999987776391,0,11.226603546209626,242244863469,null_state
1691103036.035,2023-08-03 22:50:36.035,0,59.6,4701456,1.125000001047738,0,11.209863489900613,242245142704,null_state
1691103036.563,2023-08-03 22:50:36.563,0,96.93,4701492,1.125000001047738,0,11.209863489900613,242245401275,null_state
1691103037.095,2023-08-03 22:50:37.095,0,77.57,4701528,0.0624999993306119,0,11.217459305691229,242245675430,null_state
1691103037.624,2023-08-03 22:50:37.624,0,64.05,4701564,0.0624999993306119,0,11.217459305691229,242245949429,null_state
1691103038.15,2023-08-03 22:50:38.150,0,59.63,4701600,0.875000000814893,0,11.218751691684496,242246225222,null_state
1691103038.678,2023-08-03 22:50:38.678,0,89.98,4701672,0.875000000814893,0,11.218751691684496,242246568330,null_state
1691103039.206,2023-08-03 22:50:39.206,0,82.38,4701672,1.875000001018634,0,11.214594110328797,242246854581,null_state
1691103039.747,2023-08-03 22:50:39.747,0,71.15,4701744,1.875000001018634,0,11.214594110328797,242247233697,null_state
1691103040.279,2023-08-03 22:50:40.279,0,62.09,4701780,1.4375000006111947,0,11.253024305147452,242247588642,null_state
1691103040.808,2023-08-03 22:50:40.808,0,95.65,4701816,1.1249999995925464,0,11.25931554262411,242247903332,null_state
1691103041.338,2023-08-03 22:50:41.338,0,77.44,4701852,1.1249999995925464,0,11.25931554262411,242248177650,null_state
1691103041.866,2023-08-03 22:50:41.866,0,59.98,4701888,0.6249999991268709,0,11.246269759484528,242248437788,null_state
1691103042.393,2023-08-03 22:50:42.393,0,60.36,4701924,0.6249999991268709,0,11.246269759484528,242248751792,null_state
1691103042.92,2023-08-03 22:50:42.920,0,87.75,4701996,1.2500000004365575,0,11.217142305353258,242249125107,null_state
1691103043.45,2023-08-03 22:50:43.450,0,93.79,4702032,1.2500000004365575,0,11.217142305353258,242249401745,null_state
1691103043.978,2023-08-03 22:50:43.978,0,66.78,4702068,2.9375000012805685,0,11.260681082541524,242249682238,null_state
1691103044.507,2023-08-03 22:50:44.507,0,103.19,4702104,2.9375000012805685,0,11.260681082541524,242249944898,null_state
1691103045.036,2023-08-03 22:50:45.036,0,84.19,4702176,0.749999999970882,0,11.249573878391843,242250249254,null_state
1691103045.565,2023-08-03 22:50:45.565,0,88.12,4702212,0.749999999970882,0,11.249573878391843,242250522106,null_state
1691103046.091,2023-08-03 22:50:46.091,0,62.98,4702248,1.687499997933628,0,11.275506944502018,242250789636,null_state
1691103046.623,2023-08-03 22:50:46.623,0,60.18,4702284,1.687499997933628,0,11.275506944502018,242251058148,null_state
1691103047.149,2023-08-03 22:50:47.149,0,86.38,4702320,0.5624999983410817,0,11.274763212939856,242251343659,null_state
1691103047.678,2023-08-03 22:50:47.678,0,81.24,4702356,0.5624999983410817,0,11.274763212939856,242251609326,null_state
1691103048.211,2023-08-03 22:50:48.211,0,59.3,4702392,2.000000000407468,0,11.27204432542572,242251897448,null_state
1691103048.739,2023-08-03 22:50:48.739,0,64.0,4702428,2.000000000407468,0,11.27204432542572,242252199691,null_state
1691103049.268,2023-08-03 22:50:49.268,0,84.83,4702500,1.0625000002619203,0,11.267740436221727,242252517043,null_state
1691103049.794,2023-08-03 22:50:49.794,0,85.68,4702536,0.5000000004656755,0,11.285382724261888,242252901493,null_state
1691103050.322,2023-08-03 22:50:50.322,0,59.13,4702572,0.5000000004656755,0,11.285382724261888,242253162437,null_state
1691103050.85,2023-08-03 22:50:50.850,0,59.97,4702608,1.3125000004947651,0,11.272032133105029,242253483440,null_state
1691103051.379,2023-08-03 22:50:51.379,0,87.05,4702644,1.3125000004947651,0,11.272032133105029,242253906697,null_state
1691103051.916,2023-08-03 22:50:51.916,0,82.71,4702680,0.4375000004074536,0,11.251902611643862,242254195679,null_state
1691103052.442,2023-08-03 22:50:52.442,0,69.05,4702752,0.4375000004074536,0,11.251902611643862,242254450212,null_state
1691103052.97,2023-08-03 22:50:52.970,0,62.67,4702752,0.9999999994761168,0,11.236272056517747,242254765118,null_state
1691103053.498,2023-08-03 22:50:53.498,0,87.42,4702788,0.9999999994761168,0,11.236272056517747,242255043919,null_state
1691103054.031,2023-08-03 22:50:54.031,0,90.12,4702860,2.062500001193243,0,11.216179112018654,242255328968,null_state
1691103054.558,2023-08-03 22:50:54.558,0,70.62,4702896,2.062500001193243,0,11.216179112018654,242255582885,null_state
1691103055.089,2023-08-03 22:50:55.089,0,65.68,4702932,1.5625000000000142,0,11.19761020760596,242255859665,null_state
1691103055.616,2023-08-03 22:50:55.616,0,89.65,4702968,1.5625000000000142,0,11.19761020760596,242256162178,null_state
1691103056.143,2023-08-03 22:50:56.143,0,81.95,4703004,0.43749999967985786,0,11.200499787609774,242256424290,null_state
1691103056.681,2023-08-03 22:50:56.681,0,65.19,4703040,0.43749999967985786,0,11.200499787609774,242256657416,null_state
1691103057.207,2023-08-03 22:50:57.207,0,66.35,4703076,1.1874999996507682,0,11.229822318872102,242256948457,null_state
1691103057.736,2023-08-03 22:50:57.736,0,86.11,4703112,1.1874999996507682,0,11.229822318872102,242257197358,null_state
1691103058.292,2023-08-03 22:50:58.292,0,77.02,4703184,1.0000000009313226,0,11.255987039075412,242257517905,null_state
1691103058.824,2023-08-03 22:50:58.824,0,59.72,4703220,1.1875000003783356,0,11.272751480025809,242257814491,null_state
1691103059.351,2023-08-03 22:50:59.351,0,64.53,4703256,1.1875000003783356,0,11.272751480025809,242258135604,null_state
1691103059.879,2023-08-03 22:50:59.879,0,87.44,4703292,0.87499999863212,0,11.256462539582369,242258518732,null_state
1691103060.412,2023-08-03 22:51:00.412,0,80.16,4703328,0.87499999863212,0,11.256462539582369,242258786444,null_state
1691103060.946,2023-08-03 22:51:00.946,0,62.41,4703364,1.1874999996507398,0,11.258071925913606,242259082686,null_state
1691103061.474,2023-08-03 22:51:01.474,0,91.64,4703400,1.1874999996507398,0,11.258071925913606,242259384118,null_state
1691103062.014,2023-08-03 22:51:02.014,0,85.13,4703472,1.1875000003783356,0,11.268240321370065,242259650686,null_state
1691103062.545,2023-08-03 22:51:02.545,0,91.57,4703508,1.1875000003783356,0,11.268240321370065,242259923131,null_state
1691103063.075,2023-08-03 22:51:03.075,0,65.2,4703544,1.0625000002619203,0,11.235674632803878,242260216250,null_state
1691103063.605,2023-08-03 22:51:03.605,0,91.73,4703580,1.0625000002619203,0,11.235674632803878,242260494487,null_state
1691103064.138,2023-08-03 22:51:04.138,0,85.63,4703616,1.0000000002037268,0,11.22551842966811,242260782194,null_state
1691103064.669,2023-08-03 22:51:04.669,0,76.65,4703688,1.0000000002037268,0,11.22551842966811,242261051673,null_state
1691103065.197,2023-08-03 22:51:05.197,0,57.94,4703724,1.2500000004365575,0,11.257718348613563,242261327165,null_state
1691103065.731,2023-08-03 22:51:05.731,0,98.77,4703760,1.2500000004365575,0,11.257718348613563,242261608056,null_state
1691103066.257,2023-08-03 22:51:06.257,0,80.68,4703796,0.9374999994179234,0,11.242258485977125,242261865698,null_state
1691103066.788,2023-08-03 22:51:06.788,0,81.6,4703832,2.0624999997380797,0,11.232004744275827,242262143776,null_state
1691103067.316,2023-08-03 22:51:07.316,0,55.54,4703868,2.0624999997380797,0,11.232004744275827,242262432143,null_state
1691103067.879,2023-08-03 22:51:07.879,0,92.94,4703940,0.9375000001455049,0,11.23355316900361,242262724106,null_to_cold_process
1691103068.147,2023-08-03 22:51:08.147,0,86.77,4703940,0.9375000001455049,0,11.23355316900361,242262847187,null_to_cold_process
1691103068.4,2023-08-03 22:51:08.400,0,81.35,4703976,0.9375000001455049,0,11.23355316900361,242263027326,null_to_cold_process
1691103068.678,2023-08-03 22:51:08.678,0,92.91,4704012,0.9375000001455049,0,11.23355316900361,242263170056,null_to_cold_process
1691103068.919,2023-08-03 22:51:08.919,0,75.25,4704012,0.7500000006984919,0,11.246733067670792,242263286503,null_to_cold_process
1691103074.506,2023-08-03 22:51:14.506,0,95.33,4704444,1.6874999993888053,0,11.246757452312176,242264161943,null_to_cold_process
1691103074.791,2023-08-03 22:51:14.791,0,92.53,4704444,0.7500000006984919,0,11.22865185608575,242265253861,null_to_cold_process
1691103090.154,2023-08-03 22:51:30.154,1,68.11,4705668,1.7500000016298003,0,11.275604483067548,242299424252,cold_state
1691103090.701,2023-08-03 22:51:30.701,1,67.91,4705704,1.7500000016298003,0,11.275604483067548,242300555593,cold_state
1691103091.259,2023-08-03 22:51:31.259,1,88.05,4705776,1.5625,0,11.262071007100321,242301626639,cold_state
1691103091.808,2023-08-03 22:51:31.808,1,86.84,4705812,0.4375000004074536,0,11.28826011194501,242302750485,cold_state
1691103092.361,2023-08-03 22:51:32.361,1,65.28,4705848,0.4375000004074536,0,11.28826011194501,242303817337,cold_state
1691103092.933,2023-08-03 22:51:32.933,1,63.8,4705884,1.3124999997671694,0,11.289540305617587,242305045629,cold_state
1691103093.48,2023-08-03 22:51:33.480,1,88.59,4705956,1.3124999997671694,0,11.289540305617587,242306116831,cold_state
1691103094.037,2023-08-03 22:51:34.037,1,66.1,4705992,1.8125000009604122,0,11.273239172853456,242307161342,cold_state
1691103094.59,2023-08-03 22:51:34.590,1,69.27,4706028,1.8125000009604122,0,11.273239172853456,242308366022,cold_state
1691103095.145,2023-08-03 22:51:35.145,1,91.68,4706064,0.812500000029118,0,11.27022766964273,242309537348,cold_state
1691103095.691,2023-08-03 22:51:35.691,1,89.67,4706100,0.812500000029118,0,11.27022766964273,242310705439,cold_state
1691103096.243,2023-08-03 22:51:36.243,1,61.99,4706172,1.8750000002910383,0,11.268471975463198,242311812494,cold_state
1691103096.798,2023-08-03 22:51:36.798,1,98.65,4706208,1.187499999650754,0,11.258705926589549,242313031601,cold_state
1691103097.352,2023-08-03 22:51:37.352,1,87.5,4706244,1.187499999650754,0,11.258705926589549,242314133544,cold_state
1691103097.967,2023-08-03 22:51:37.967,1,93.07,4706280,0.4999999997380513,0,11.236808518628159,242315375577,cold_state
1691103098.537,2023-08-03 22:51:38.537,1,68.76,4706352,0.4999999997380513,0,11.236808518628159,242316470728,cold_state
1691103099.085,2023-08-03 22:51:39.085,1,60.72,4706388,2.0624999990104698,0,11.246952529443236,242317561478,cold_state
1691103099.634,2023-08-03 22:51:39.634,1,89.55,4706424,2.0624999990104698,0,11.246952529443236,242318721299,cold_state
1691103100.191,2023-08-03 22:51:40.191,1,71.93,4706496,0.8125000000290896,0,11.273617134794883,242319749309,cold_state
1691103100.742,2023-08-03 22:51:40.742,1,66.9,4706496,0.8125000000290896,0,11.273617134794883,242320929517,cold_state
1691103101.329,2023-08-03 22:51:41.329,1,78.25,4706532,0.8750000000873257,0,11.279859602988777,242322111398,cold_state
1691103101.891,2023-08-03 22:51:41.891,1,86.96,4706604,0.5000000004656613,0,11.281444604678633,242323315252,cold_state
1691103102.447,2023-08-03 22:51:42.447,1,74.98,4706640,0.5000000004656613,0,11.281444604678633,242324450297,cold_state
1691103102.998,2023-08-03 22:51:42.998,1,75.04,4706712,2.0625000004656613,0,11.268984052932229,242325573620,cold_state
1691103103.547,2023-08-03 22:51:43.547,1,63.58,4706712,2.0625000004656613,0,11.268984052932229,242326758561,cold_state
1691103104.097,2023-08-03 22:51:44.097,1,97.53,4706784,1.9374999988940687,0,11.289491536334822,242327839822,cold_state
1691103104.651,2023-08-03 22:51:44.651,1,78.69,4706820,1.9374999988940687,0,11.289491536334822,242329042722,cold_state
1691103105.218,2023-08-03 22:51:45.218,1,64.25,4706856,2.0000000018626594,0,11.288272304265703,242330229739,cold_state
1691103105.777,2023-08-03 22:51:45.777,1,77.41,4706892,0.8750000000873115,0,11.281005681133749,242331377551,cold_state
1691103106.325,2023-08-03 22:51:46.325,1,90.88,4706964,0.8750000000873115,0,11.281005681133749,242332520400,cold_state
1691103106.88,2023-08-03 22:51:46.880,1,82.92,4707000,2.2499999991850927,0,11.292393308659328,242333867358,cold_state
1691103107.431,2023-08-03 22:51:47.431,1,64.28,4707036,2.2499999991850927,0,11.292393308659328,242334866936,cold_state
1691103107.98,2023-08-03 22:51:47.980,1,62.09,4707072,0.7500000006984777,0,11.293393078956006,242335960763,cold_state
1691103108.558,2023-08-03 22:51:48.558,1,90.61,4707108,0.7500000006984777,0,11.293393078956006,242337182301,cold_state
1691103109.107,2023-08-03 22:51:49.107,1,86.08,4707180,1.4999999999418065,0,11.286309340634421,242338234051,cold_state
1691103109.662,2023-08-03 22:51:49.662,1,67.92,4707216,1.4999999999418065,0,11.286309340634421,242339417623,cold_state
1691103110.211,2023-08-03 22:51:50.211,1,77.22,4707252,1.1875000003783498,0,11.272983134118942,242340582828,cold_state
1691103110.761,2023-08-03 22:51:50.761,1,91.78,4707288,1.1875000003783498,0,11.257901233423931,242341780261,cold_state
1691103111.314,2023-08-03 22:51:51.314,1,81.96,4707324,1.249999998981366,0,11.257901233423931,242342881025,cold_state
1691103111.867,2023-08-03 22:51:51.867,1,61.81,4707396,0.6875000006402985,0,11.287053072196583,242343976381,cold_state
1691103112.423,2023-08-03 22:51:52.423,1,71.92,4707432,0.6875000006402985,0,11.287053072196583,242345168218,cold_state
1691103112.988,2023-08-03 22:51:52.988,1,93.67,4707468,1.1249999995925606,0,11.307743440409546,242346256790,cold_state
1691103113.561,2023-08-03 22:51:53.561,1,86.55,4707504,1.1249999995925606,0,11.307743440409546,242347471721,cold_state
1691103114.113,2023-08-03 22:51:54.113,1,64.32,4707540,0.8750000000873115,0,11.264704548369618,242348413063,cold_state
1691103114.661,2023-08-03 22:51:54.661,1,66.49,4707576,0.8750000000873115,0,11.264704548369618,242349628654,cold_state
1691103115.231,2023-08-03 22:51:55.231,1,95.36,4707648,1.8124999980500434,0,11.245123681339555,242350928722,cold_state
1691103115.778,2023-08-03 22:51:55.778,1,82.19,4707684,1.9374999996216502,0,11.243270448594494,242352091905,cold_state
1691103116.325,2023-08-03 22:51:56.325,1,77.32,4707720,1.9374999996216502,0,11.243270448594494,242353213442,cold_state
1691103116.874,2023-08-03 22:51:56.874,1,61.22,4707756,1.4375000006111804,0,11.259278965662036,242354368202,cold_state
1691103117.442,2023-08-03 22:51:57.442,1,95.54,4707828,1.4375000006111804,0,11.259278965662036,242355447398,cold_state
1691103117.999,2023-08-03 22:51:57.999,1,89.12,4707864,1.1250000003201563,0,11.260486005410463,242356815441,cold_state
1691103118.56,2023-08-03 22:51:58.560,1,74.97,4707936,1.1250000003201563,0,11.260486005410463,242358003781,cold_state
1691103119.108,2023-08-03 22:51:59.108,1,69.4,4707936,0.8125000000291038,0,11.243209486991038,242359153799,cold_state
1691103119.655,2023-08-03 22:51:59.655,1,71.44,4707972,0.8125000000291038,0,11.243209486991038,242360171386,cold_state
1691103120.216,2023-08-03 22:52:00.216,1,86.88,4708044,1.6250000015134134,0,11.257547656123885,242361308414,cold_state
1691103120.776,2023-08-03 22:52:00.776,1,83.13,4708080,1.4374999998835847,0,11.265094702631737,242362397154,cold_state
1691103121.339,2023-08-03 22:52:01.339,1,63.54,4708116,1.4374999998835847,0,11.265094702631737,242363625974,cold_state
1691103121.885,2023-08-03 22:52:01.885,1,72.02,4708152,0.3125000002910383,0,11.287357880213863,242364746378,cold_state
1691103122.442,2023-08-03 22:52:02.442,1,98.16,4708224,0.3125000002910383,0,11.287357880213863,242365862754,cold_state
1691103123,2023-08-03 22:52:03.000,1,95.96,4708296,1.5624999992724042,0,11.28528518569636,242366994399,cold_state
1691103123.553,2023-08-03 22:52:03.553,1,88.71,4708332,1.5624999992724042,0,11.28528518569636,242368122011,cold_state
1691103124.102,2023-08-03 22:52:04.102,1,64.72,4708368,1.4375000013387762,0,11.271776094370512,242369261940,cold_state
1691103124.652,2023-08-03 22:52:04.652,1,66.82,4708404,1.4375000013387762,0,11.271776094370512,242370435714,cold_state
1691103125.287,2023-08-03 22:52:05.287,1,97.02,4708440,1.7499999994470272,0,11.299672124111973,242371730718,cold_state
1691103125.835,2023-08-03 22:52:05.835,1,92.02,4708512,1.1249999995925606,0,11.265911588118046,242372870797,cold_state
1691103126.388,2023-08-03 22:52:06.388,1,84.17,4708548,1.1249999995925606,0,11.265911588118046,242373917275,cold_state
1691103126.936,2023-08-03 22:52:06.936,1,61.74,4708584,0.3125000002910241,0,11.370204699310548,242375089570,cold_state
1691103127.482,2023-08-03 22:52:07.482,1,64.29,4708620,0.3125000002910241,0,11.370204699310548,242376232673,cold_state
1691103128.028,2023-08-03 22:52:08.028,1,93.82,4708692,1.0625000002619203,0,11.2766408303263,242377358490,cold_state
1691103128.585,2023-08-03 22:52:08.585,1,70.03,4708728,1.0625000002619203,0,11.2766408303263,242378388221,cold_state
1691103129.169,2023-08-03 22:52:09.169,1,59.28,4708764,1.2499999982537702,0,11.266484627190533,242379512822,cold_state
1691103129.723,2023-08-03 22:52:09.723,1,68.37,4708800,1.2499999982537702,0,11.266484627190533,242380577474,cold_state
1691103130.289,2023-08-03 22:52:10.289,1,63.04,4708836,1.3125000004947793,0,11.25564565409606,242381765183,cold_state
1691103130.836,2023-08-03 22:52:10.836,1,62.01,4708872,1.4999999992141966,0,11.275897098764137,242382954879,cold_state
1691103131.446,2023-08-03 22:52:11.446,1,92.02,4708908,1.4999999992141966,0,11.275897098764137,242384213261,cold_state
1691103131.994,2023-08-03 22:52:11.994,1,86.79,4708980,1.5625,0,11.278042947205789,242385381268,cold_state
1691103132.547,2023-08-03 22:52:12.547,1,84.65,4709016,1.5625,0,11.278042947205789,242386564390,cold_state
1691103133.105,2023-08-03 22:52:13.105,1,67.79,4709052,0.6875000006402843,0,11.293600348407756,242387722577,cold_state
1691103133.678,2023-08-03 22:52:13.678,1,68.08,4709088,0.6875000006402843,0,11.293600348407756,242389041462,cold_state
1691103134.24,2023-08-03 22:52:14.240,1,101.27,4709160,1.6250000000582077,0,11.306426669774895,242390202192,cold_state
1691103134.792,2023-08-03 22:52:14.792,1,67.99,4709196,2.062500000465647,0,11.287699265193217,242391405830,cold_state
1691103135.346,2023-08-03 22:52:15.346,1,65.44,4709232,2.062500000465647,0,11.287699265193217,242392465502,cold_state
1691103135.893,2023-08-03 22:52:15.893,1,86.48,4709268,0.9374999994179234,0,11.293892964104344,242393649110,cold_state
1691103136.484,2023-08-03 22:52:16.484,1,89.1,4709340,0.9374999994179234,0,11.293892964104344,242394715748,cold_state
1691103137.094,2023-08-03 22:52:17.094,1,72.23,4709376,0.37500000034924597,0,11.301622895422565,242395856836,cold_state
1691103137.654,2023-08-03 22:52:17.654,1,65.01,4709412,0.37500000034924597,0,11.301622895422565,242396902822,cold_state
1691103138.208,2023-08-03 22:52:18.208,1,86.43,4709484,1.7500000001746372,0,11.271690748125675,242398028906,cold_state
1691103138.759,2023-08-03 22:52:18.759,1,66.08,4709520,1.7500000001746372,0,11.267496589807903,242399271526,cold_state
1691103139.316,2023-08-03 22:52:19.316,1,64.86,4709556,1.3750000012805543,0,11.267496589807903,242400415698,cold_state
1691103139.864,2023-08-03 22:52:19.864,1,85.87,4709592,0.8124999993015223,0,11.278823255730025,242401571301,cold_state
1691103140.412,2023-08-03 22:52:20.412,1,95.02,4709664,0.8124999993015223,0,11.278823255730025,242402760380,cold_state
1691103140.963,2023-08-03 22:52:20.963,1,72.25,4709700,1.3750000005529728,0,11.278993948219702,242403929709,cold_state
1691103141.515,2023-08-03 22:52:21.515,1,68.61,4709736,1.3750000005529728,0,11.278993948219702,242405099021,cold_state
1691103142.065,2023-08-03 22:52:22.065,1,96.26,4709772,1.1874999996507398,0,11.301464395253578,242406289844,cold_state
1691103142.619,2023-08-03 22:52:22.619,1,93.71,4709844,1.1874999996507398,0,11.301464395253578,242407415374,cold_state
1691103143.204,2023-08-03 22:52:23.204,1,62.5,4709880,1.2500000011641532,0,11.280664296154395,242408678454,cold_state
1691103143.761,2023-08-03 22:52:23.761,1,82.15,4709916,1.2500000011641532,0,11.290540075914265,242409669575,cold_state
1691103144.306,2023-08-03 22:52:24.306,1,98.73,4709952,1.624999999330612,0,11.290540075914265,242410618767,cold_state
1691103144.855,2023-08-03 22:52:24.855,1,83.61,4710024,0.7499999992433004,0,11.277811293112656,242411929511,cold_state
1691103145.433,2023-08-03 22:52:25.433,1,63.47,4710060,0.7499999992433004,0,11.277811293112656,242413030998,cold_state
1691103145.984,2023-08-03 22:52:25.984,1,96.27,4710096,1.7499999994470272,0,11.321106223887096,242414262565,cold_state
1691103146.544,2023-08-03 22:52:26.544,1,94.41,4710168,1.7499999994470272,0,11.321106223887096,242415442712,cold_state
1691103147.098,2023-08-03 22:52:27.098,1,77.34,4710204,1.3124999997671694,0,11.340918745010292,242416493620,cold_state
1691103147.649,2023-08-03 22:52:27.649,1,67.47,4710240,1.3124999997671694,0,11.340918745010292,242417592550,cold_state
1691103148.2,2023-08-03 22:52:28.200,1,85.47,4710276,0.9375000001455334,0,11.313217792399891,242418794716,cold_state
1691103148.75,2023-08-03 22:52:28.750,1,94.36,4710348,0.9375000001455334,0,11.313217792399891,242420123182,cold_state
1691103149.299,2023-08-03 22:52:29.299,1,61.38,4710348,1.1875000003783498,0,11.282273682485634,242421181961,cold_state
1691103149.856,2023-08-03 22:52:29.856,1,86.2,4710420,1.0625000002619487,0,11.279932756912924,242422404411,cold_state
1691103150.402,2023-08-03 22:52:30.402,1,87.84,4710456,1.0625000002619487,0,11.279932756912924,242423570084,cold_state
1691103150.956,2023-08-03 22:52:30.956,1,89.86,4710528,1.5625,0,11.285919186372302,242424757628,cold_state
1691103151.505,2023-08-03 22:52:31.505,1,67.55,4710564,1.5625,0,11.285919186372302,242425892928,cold_state
1691103152.057,2023-08-03 22:52:32.057,1,67.73,4710600,0.6249999998544808,0,11.267179589469931,242427017568,cold_state
1691103152.605,2023-08-03 22:52:32.605,1,97.74,4710636,0.6249999998544808,0,11.267179589469931,242428143023,cold_state
1691103153.164,2023-08-03 22:52:33.164,1,83.56,4710672,1.6874999993888338,0,11.304012590278038,242429197952,cold_state
1691103153.712,2023-08-03 22:52:33.712,1,84.92,4710708,1.6874999993888338,0,11.304012590278038,242430361106,cold_state
1691103154.277,2023-08-03 22:52:34.277,1,72.65,4710780,1.0000000002037268,0,11.318350759410887,242431496387,cold_state
1691103154.86,2023-08-03 22:52:34.860,1,71.32,4710816,1.6874999993888196,0,11.303476128167626,242432696888,cold_state
1691103155.44,2023-08-03 22:52:35.440,1,83.42,4710852,1.6874999993888196,0,11.303476128167626,242433879008,cold_state
1691103156.013,2023-08-03 22:52:36.013,1,74.43,4710924,0.8749999993597015,0,11.301744818629476,242434919079,cold_state
1691103156.559,2023-08-03 22:52:36.559,1,67.64,4710960,0.8749999993597015,0,11.301744818629476,242436087539,cold_state
1691103157.12,2023-08-03 22:52:37.120,1,95.88,4710996,0.500000001193257,0,11.316009833838176,242437199385,cold_to_null_process
1691103157.41,2023-08-03 22:52:37.410,1,84.24,4711032,0.500000001193257,0,11.316009833838176,242437758850,cold_to_null_process
1691103157.796,2023-08-03 22:52:37.796,1,85.82,4711032,1.6249999993305977,0,11.299221008246398,242439641928,cold_to_null_process
1691103288.685,2023-08-03 22:54:48.685,0,69.5,4721616,0.562499999796259,0,11.244379949777393,242544185450,warm_disk_state
1691103289.217,2023-08-03 22:54:49.217,0,59.24,4721652,1.2076693227381412,0,11.224750313464565,242544577593,warm_disk_state
1691103289.747,2023-08-03 22:54:49.747,0,91.65,4721688,1.2076693227381412,0,11.224750313464565,242544903556,warm_disk_state
1691103290.289,2023-08-03 22:54:50.289,0,85.42,4721760,1.041666665819264,0,11.226359699795802,242545181319,warm_disk_state
1691103290.82,2023-08-03 22:54:50.820,0,76.24,4721796,0.6874999991850927,0,11.203669790989485,242545496628,warm_disk_state
1691103291.348,2023-08-03 22:54:51.348,0,57.24,4721832,0.6874999991850927,0,11.203669790989485,242545751947,warm_disk_state
1691103291.904,2023-08-03 22:54:51.904,0,78.69,4721868,1.8750000002910383,0,11.205327946603488,242545980689,warm_disk_state
1691103292.447,2023-08-03 22:54:52.447,0,79.99,4721904,1.8750000002910383,0,11.205327946603488,242546298063,warm_disk_state
1691103292.976,2023-08-03 22:54:52.976,0,86.87,4721940,0.5625000005238547,0,11.221909502743516,242546554930,warm_disk_state
1691103293.51,2023-08-03 22:54:53.510,0,68.04,4721976,0.5625000005238547,0,11.221909502743516,242546855186,warm_disk_state
1691103294.039,2023-08-03 22:54:54.039,0,77.58,4722012,1.3750000012805685,0,11.233016706893197,242547129975,warm_disk_state
1691103294.566,2023-08-03 22:54:54.566,0,87.76,4722084,1.3750000012805685,0,11.233016706893197,242547427712,warm_disk_state
1691103295.095,2023-08-03 22:54:55.095,0,61.95,4722120,0.8125000007566854,0,11.23907629027672,242547692790,warm_disk_state
1691103295.623,2023-08-03 22:54:55.623,0,68.47,4722156,0.8125000007566854,0,11.23907629027672,242547909777,warm_disk_state
1691103296.184,2023-08-03 22:54:56.184,0,101.72,4722192,1.6699900297361552,0,11.228334855747777,242548177736,warm_disk_state
1691103296.725,2023-08-03 22:54:56.725,0,81.19,4722228,1.6699900297361552,0,11.228334855747777,242548472810,warm_disk_state
1691103297.252,2023-08-03 22:54:57.252,0,86.58,4722264,1.3289869594814547,0,11.254462998989013,242548741268,warm_disk_state
1691103297.778,2023-08-03 22:54:57.778,0,59.08,4722300,0.5624999997962732,0,11.235016247486552,242549027196,warm_disk_state
1691103298.31,2023-08-03 22:54:58.310,0,61.54,4722336,0.5624999997962732,0,11.235016247486552,242549312510,warm_disk_state
1691103298.851,2023-08-03 22:54:58.851,0,83.34,4722372,1.312500000494751,0,11.248903300753826,242549612506,warm_disk_state
1691103299.403,2023-08-03 22:54:59.403,0,80.78,4722444,1.312500000494751,0,11.248903300753826,242550056067,warm_disk_state
1691103299.945,2023-08-03 22:54:59.945,0,64.87,4722480,0.3750000003492602,0,11.193696472664087,242550364459,warm_disk_state
1691103300.476,2023-08-03 22:55:00.476,0,96.34,4722516,0.3750000003492602,0,11.193696472664087,242550678418,warm_disk_state
1691103301.007,2023-08-03 22:55:01.007,0,88.55,4722552,2.1250000019790463,0,11.21461849497018,242550956908,warm_disk_state
1691103301.539,2023-08-03 22:55:01.539,0,84.04,4722624,2.1250000019790463,0,11.21461849497018,242551238848,warm_disk_state
1691103302.071,2023-08-03 22:55:02.071,0,63.28,4722624,0.6249999976716936,0,11.228298278785703,242551493811,warm_disk_state
1691103302.599,2023-08-03 22:55:02.599,0,98.96,4722660,0.6249999976716936,0,11.228298278785703,242551780147,warm_disk_state
1691103303.127,2023-08-03 22:55:03.127,0,78.97,4722732,1.2500000004365575,0,11.2416001006598,242552042189,warm_disk_state
1691103303.658,2023-08-03 22:55:03.658,0,85.79,4722768,1.2500000004365575,0,11.2416001006598,242552314958,warm_disk_state
1691103304.191,2023-08-03 22:55:04.191,0,72.06,4722804,0.3125000002910383,0,11.244928604208496,242552621264,warm_disk_state
1691103304.724,2023-08-03 22:55:04.724,0,86.02,4722840,0.3125000002910383,0,11.244928604208496,242552895474,warm_disk_state
1691103305.252,2023-08-03 22:55:05.252,0,78.81,4722876,2.4375000000873115,0,11.22449427473005,242553162962,warm_disk_state
1691103305.782,2023-08-03 22:55:05.782,0,60.68,4722948,0.9374999994179092,0,11.237466903945483,242553443116,warm_disk_state
1691103306.316,2023-08-03 22:55:06.316,0,59.36,4722984,0.9374999994179092,0,11.237466903945483,242553694060,warm_disk_state
1691103306.846,2023-08-03 22:55:06.846,0,96.44,4723020,0.87499999863212,0,11.250037186578108,242553993872,warm_disk_state
1691103307.378,2023-08-03 22:55:07.378,0,85.69,4723056,0.87499999863212,0,11.250037186578108,242554258370,warm_disk_state
1691103307.907,2023-08-03 22:55:07.907,0,63.19,4723128,0.3125000002910241,0,11.239759060235428,242554514204,warm_disk_state
1691103308.442,2023-08-03 22:55:08.442,0,58.26,4723128,0.3125000002910241,0,11.239759060235428,242554808627,warm_disk_state
1691103308.979,2023-08-03 22:55:08.979,0,62.9,4723200,2.0000000004074536,0,11.253365690126806,242555098415,warm_disk_state
1691103309.513,2023-08-03 22:55:09.513,0,97.1,4723236,2.0000000004074536,0,11.253365690126806,242555571424,warm_disk_state
1691103310.048,2023-08-03 22:55:10.048,0,87.85,4723272,1.1875000003783498,0,11.26532635672487,242555845301,warm_disk_state
1691103310.583,2023-08-03 22:55:10.583,0,72.52,4723308,1.1875000003783498,0,11.26532635672487,242556106372,warm_disk_state
1691103311.112,2023-08-03 22:55:11.112,0,64.15,4723344,1.5625000000000142,0,11.29669719786332,242556391994,warm_disk_state
1691103311.645,2023-08-03 22:55:11.645,0,91.11,4723380,1.5625000000000142,0,11.29669719786332,242556677665,warm_disk_state
1691103312.172,2023-08-03 22:55:12.172,0,79.51,4723452,1.0625000002619203,0,11.258059733592916,242556937664,warm_disk_state
1691103312.699,2023-08-03 22:55:12.699,0,74.68,4723488,1.0625000002619203,0,11.258059733592916,242557276727,warm_disk_state
1691103313.225,2023-08-03 22:55:13.225,0,61.62,4723524,0.3125000002910241,0,11.255487153927074,242557594221,warm_disk_state
1691103313.763,2023-08-03 22:55:13.763,0,93.4,4723560,0.3125000002910241,0,11.29995254748787,242557867322,warm_disk_state
1691103314.298,2023-08-03 22:55:14.298,0,84.0,4723596,1.8749999995634425,0,11.29995254748787,242558225393,warm_disk_state
1691103314.875,2023-08-03 22:55:14.875,0,71.6,4723632,1.3125000004947651,0,11.238076519980043,242558517113,warm_disk_state
1691103315.425,2023-08-03 22:55:15.425,0,57.14,4723668,1.3125000004947651,0,11.238076519980043,242558766451,warm_disk_state
1691103315.955,2023-08-03 22:55:15.955,0,90.28,4723740,1.5625000000000142,0,11.238600789769764,242559025885,warm_disk_state
1691103316.482,2023-08-03 22:55:16.482,0,69.73,4723776,1.5625000000000142,0,11.238600789769764,242559305152,warm_disk_state
1691103317.011,2023-08-03 22:55:17.011,0,72.63,4723812,0.6249999991268993,0,11.25830358000674,242559580186,warm_disk_state
1691103317.54,2023-08-03 22:55:17.540,0,87.18,4723848,0.6249999991268993,0,11.25830358000674,242559828846,warm_disk_state
1691103318.075,2023-08-03 22:55:18.075,0,82.2,4723884,0.6875000006402701,0,11.253731459747542,242560114328,warm_disk_state
1691103318.603,2023-08-03 22:55:18.603,0,75.66,4723920,0.6875000006402701,0,11.253731459747542,242560399287,warm_disk_state
1691103319.134,2023-08-03 22:55:19.134,0,60.96,4723956,0.6249999998544666,0,11.275677636991697,242560702174,warm_disk_state
1691103319.661,2023-08-03 22:55:19.661,0,88.92,4723992,0.6249999998544666,0,11.275677636991697,242561157676,warm_disk_state
1691103320.193,2023-08-03 22:55:20.193,0,82.01,4724064,1.4374999998835847,0,11.265728703307678,242561429836,warm_disk_state
1691103320.732,2023-08-03 22:55:20.732,0,68.72,4724100,1.4374999998835847,0,11.265728703307678,242561710214,warm_disk_state
1691103321.273,2023-08-03 22:55:21.273,0,58.17,4724136,1.0625000009895444,0,11.223701773885123,242561998598,warm_disk_state
1691103321.804,2023-08-03 22:55:21.804,0,94.8,4724172,0.6874999991850785,0,11.216496112356625,242562296529,warm_disk_state
1691103322.333,2023-08-03 22:55:22.333,0,79.11,4724208,0.6874999991850785,0,11.216496112356625,242562536248,warm_disk_state
1691103322.858,2023-08-03 22:55:22.858,0,70.33,4724244,1.5625,0,11.234967478203789,242562839040,warm_disk_state
1691103323.384,2023-08-03 22:55:23.384,0,58.97,4724280,1.5625,0,11.234967478203789,242563095976,warm_disk_state
1691103323.913,2023-08-03 22:55:23.913,0,89.18,4724352,0.9999999987485495,0,11.267277128035461,242563381043,warm_disk_state
1691103324.444,2023-08-03 22:55:24.444,0,84.45,4724388,0.9999999987485495,0,11.267277128035461,242563676106,warm_disk_state
1691103324.971,2023-08-03 22:55:24.971,0,67.98,4724424,1.1875000011059456,0,11.229005433385792,242563943292,warm_disk_state
1691103325.497,2023-08-03 22:55:25.497,0,80.44,4724460,1.1875000011059456,0,11.229005433385792,242564215971,warm_disk_state
1691103326.021,2023-08-03 22:55:26.021,0,85.76,4724496,1.4999999999417923,0,11.232785052800063,242564350387,warm_disk_state
1691103327.204,2023-08-03 22:55:27.204,0,79.67,4724604,1.3749999990977813,0,11.23041974258597,242564515583,warm_disk_state
1691103328.289,2023-08-03 22:55:28.289,0,92.56,4724712,0.3125000002910383,0,11.195476551485001,242564690717,warm_disk_state
1691103329.218,2023-08-03 22:55:29.218,0,63.05,4724748,1.500000000669388,0,11.211753299607748,242564832365,warm_disk_state
1691103331.993,2023-08-03 22:55:31.993,0,66.06,4725000,0.4999999997380513,0,11.23020028081353,242565272183,warm_disk_state
1691103332.68,2023-08-03 22:55:32.680,0,73.95,4725036,0.4999999997380513,0,11.23020028081353,242565676265,warm_disk_state
1691103333.215,2023-08-03 22:55:33.215,0,94.54,4725072,1.9374999996216502,0,11.19975605604761,242565949610,warm_disk_state
1691103333.742,2023-08-03 22:55:33.742,0,97.86,4725144,1.9374999996216502,0,11.19975605604761,242566216065,warm_disk_state
1691103334.275,2023-08-03 22:55:34.275,0,100.6,4725216,0.25000000023283064,0,11.220348885695044,242566506148,warm_disk_state
1691103334.802,2023-08-03 22:55:34.802,0,97.53,4725252,1.8749999995634568,0,11.25993735097936,242566790403,warm_disk_state
1691103335.337,2023-08-03 22:55:35.337,0,86.93,4725324,1.8749999995634568,0,11.25993735097936,242567023890,warm_disk_state
1691103335.864,2023-08-03 22:55:35.864,0,81.01,4725360,0.6250000005820766,0,11.223506696754063,242567318348,warm_disk_state
1691103336.391,2023-08-03 22:55:36.391,0,61.14,4725396,0.6250000005820766,0,11.223506696754063,242567601609,warm_disk_state
1691103336.921,2023-08-03 22:55:36.921,0,65.18,4725432,1.874999998108251,0,11.247769414929545,242567882307,warm_disk_state
1691103337.457,2023-08-03 22:55:37.457,0,91.38,4725468,1.874999998108251,0,11.247769414929545,242568156025,warm_disk_state
1691103337.987,2023-08-03 22:55:37.987,0,86.35,4725504,0.5000000004656471,0,11.261522352669216,242568416049,warm_disk_state
1691103338.53,2023-08-03 22:55:38.530,0,69.87,4725540,0.5000000004656471,0,11.261522352669216,242568725457,warm_disk_state
1691103339.059,2023-08-03 22:55:39.059,0,65.56,4725576,0.5625000005238832,0,11.219641731094953,242568981024,warm_disk_state
1691103339.587,2023-08-03 22:55:39.587,0,94.7,4725648,0.5625000005238832,0,11.219641731094953,242569238474,warm_disk_state
1691103340.124,2023-08-03 22:55:40.124,0,82.41,4725684,1.062500000989516,0,11.232919168327667,242569505653,warm_disk_state
1691103340.654,2023-08-03 22:55:40.654,0,69.72,4725720,1.062500000989516,0,11.232919168327667,242569808972,warm_disk_state
1691103341.185,2023-08-03 22:55:41.185,0,60.62,4725756,1.8125000002328306,0,11.237479096266174,242570075389,warm_disk_state
1691103341.715,2023-08-03 22:55:41.715,0,74.34,4725792,1.8125000002328306,0,11.237479096266174,242570331221,warm_disk_state
1691103342.247,2023-08-03 22:55:42.247,0,77.4,4725828,0.8125000000290896,0,11.235918479217702,242570774311,warm_disk_state
1691103342.795,2023-08-03 22:55:42.795,0,61.67,4725864,1.0000000009313226,0,11.20341375225497,242571229799,warm_disk_state
1691103343.322,2023-08-03 22:55:43.322,0,92.51,4725936,1.0000000009313226,0,11.20341375225497,242571454690,warm_disk_state
1691103343.851,2023-08-03 22:55:43.851,0,89.75,4725972,1.8749999973806553,0,11.20758352593136,242571728236,warm_disk_state
1691103344.378,2023-08-03 22:55:44.378,0,87.69,4726008,1.8749999973806553,0,11.20758352593136,242572020671,warm_disk_state
1691103344.913,2023-08-03 22:55:44.913,0,74.56,4726044,2.312500000698506,0,11.201243519171937,242572327224,warm_disk_state
1691103345.444,2023-08-03 22:55:45.444,0,62.88,4726080,2.312500000698506,0,11.201243519171937,242572586623,warm_disk_state
1691103345.974,2023-08-03 22:55:45.974,0,95.85,4726116,1.2499999997089617,0,11.18172361374533,242572849963,warm_disk_state
1691103346.506,2023-08-03 22:55:46.506,0,87.71,4726188,1.2499999997089617,0,11.18172361374533,242573217697,warm_disk_state
1691103347.037,2023-08-03 22:55:47.037,0,72.73,4726224,1.0000000002037268,0,11.203255252085983,242573509224,warm_disk_state
1691103347.564,2023-08-03 22:55:47.564,0,65.77,4726260,1.0000000002037268,0,11.203255252085983,242573770438,warm_disk_state
1691103348.101,2023-08-03 22:55:48.101,0,92.17,4726296,0.9375000001455192,0,11.200426633685627,242574029028,warm_disk_state
1691103348.632,2023-08-03 22:55:48.632,0,87.17,4726332,0.9375000001455192,0,11.200426633685627,242574347800,warm_disk_state
1691103349.163,2023-08-03 22:55:49.163,0,68.68,4726368,1.26992031953678,0,11.180053265810635,242574611315,warm_disk_state
1691103349.691,2023-08-03 22:55:49.691,0,60.41,4726404,1.26992031953678,0,11.180053265810635,242574859048,warm_disk_state
1691103350.219,2023-08-03 22:55:50.219,0,70.61,4726440,0.3514056217302084,0,11.221616887046928,242575130499,warm_disk_state
1691103350.765,2023-08-03 22:55:50.765,0,85.02,4726512,0.3514056217302084,0,11.202145750903085,242575414610,warm_disk_state
1691103351.294,2023-08-03 22:55:51.294,0,60.12,4726548,1.5624999992724042,0,11.202145750903085,242575709160,warm_disk_state
1691103351.822,2023-08-03 22:55:51.822,0,62.17,4726584,1.374999999825377,0,11.209704989731629,242575987872,warm_disk_state
1691103352.35,2023-08-03 22:55:52.350,0,98.37,4726620,1.374999999825377,0,11.209704989731629,242576462803,warm_disk_state
1691103352.879,2023-08-03 22:55:52.879,0,86.42,4726692,0.9375000001455049,0,11.234735824110656,242576751327,warm_disk_state
1691103353.421,2023-08-03 22:55:53.421,0,88.82,4726728,0.9375000001455049,0,11.234735824110656,242577037436,warm_disk_state
1691103353.956,2023-08-03 22:55:53.956,0,66.52,4726764,0.7500000006984777,0,11.234857747317568,242577335040,warm_disk_state
1691103354.514,2023-08-03 22:55:54.514,0,64.93,4726800,0.7500000006984777,0,11.234857747317568,242577602159,warm_disk_state
1691103355.042,2023-08-03 22:55:55.042,0,99.39,4726836,1.937500000349246,0,11.231078127903297,242577917321,warm_disk_state
1691103355.57,2023-08-03 22:55:55.570,0,101.65,4726872,1.937500000349246,0,11.231078127903297,242578168327,warm_disk_state
1691103356.098,2023-08-03 22:55:56.098,0,97.65,4726944,0.7500000006984919,0,11.223409158188533,242578451573,warm_disk_state
1691103356.658,2023-08-03 22:55:56.658,0,103.83,4726980,0.7500000006984919,0,11.223409158188533,242578743232,warm_disk_to_warm_cpu_process
1691103356.912,2023-08-03 22:55:56.912,0,99.0,4727016,0.48604187382554187,0,11.206108255127724,242578878172,warm_disk_to_warm_cpu_process
1691103357.154,2023-08-03 22:55:57.154,0,90.07,4727052,0.48604187382554187,0,11.206108255127724,242578988206,warm_disk_to_warm_cpu_process
1691103357.409,2023-08-03 22:55:57.409,0,93.03,4727052,0.48604187382554187,0,11.206108255127724,242579108298,warm_disk_to_warm_cpu_process
1691103357.665,2023-08-03 22:55:57.665,0,82.21,4727088,0.48604187382554187,0,11.206108255127724,242579239064,warm_disk_to_warm_cpu_process
1691103357.902,2023-08-03 22:55:57.902,0,88.41,4727124,1.1409227689179318,0,11.218263998856848,242579424076,warm_disk_to_warm_cpu_process
1691103358.235,2023-08-03 22:55:58.235,0,68.4,4727124,1.1409227689179318,0,11.218263998856848,242580513805,warm_disk_to_warm_cpu_process
1691103358.74,2023-08-03 22:55:58.740,1,75.97,4727196,1.1409227689179318,0,11.218263998856848,242584168059,warm_disk_to_warm_cpu_process
1691103359.118,2023-08-03 22:55:59.118,1,87.67,4727232,3.687499999796273,0,11.370802123024419,242585363185,warm_disk_to_warm_cpu_process
1691103359.4,2023-08-03 22:55:59.400,1,129.14,4727232,3.687499999796273,0,11.370802123024419,242585800806,warm_disk_to_warm_cpu_process
1691103359.695,2023-08-03 22:55:59.695,1,105.59,4727304,3.687499999796273,0,11.370802123024419,242586395065,warm_disk_to_warm_cpu_process
1691103360.109,2023-08-03 22:56:00.109,1,101.94,4727340,16.62499999874855,0,12.401211721599575,242587498749,warm_disk_to_warm_cpu_process
1691103380.604,2023-08-03 22:56:20.604,1,96.94,4729140,1.1250000003201421,0,12.560297121978317,242629087448,warm_cpu_state
1691103381.154,2023-08-03 22:56:21.154,1,81.68,4729212,1.4999999984866008,0,12.56950232410017,242630217924,warm_cpu_state
1691103381.707,2023-08-03 22:56:21.707,1,74.09,4729248,1.4999999984866008,0,12.56950232410017,242631258921,warm_cpu_state
1691103382.29,2023-08-03 22:56:22.290,1,58.38,4729284,1.3749999983701997,0,12.577159101494242,242632408887,warm_cpu_state
1691103382.842,2023-08-03 22:56:22.842,1,75.04,4729320,1.875000001746244,0,12.560931122654258,242633590032,warm_cpu_state
1691103383.391,2023-08-03 22:56:23.391,1,62.7,4729356,1.875000001746244,0,12.560931122654258,242634565393,warm_cpu_state
1691103383.942,2023-08-03 22:56:23.942,1,75.78,4729392,0.2499999995052491,0,12.55687107986409,242635688877,warm_cpu_state
1691103384.49,2023-08-03 22:56:24.490,1,95.37,4729464,0.2499999995052491,0,12.55687107986409,242636785154,warm_cpu_state
1691103385.04,2023-08-03 22:56:25.040,1,95.99,4729500,1.8750000010186483,0,12.654482799317815,242637901295,warm_cpu_state
1691103385.599,2023-08-03 22:56:25.599,1,79.53,4729536,1.8750000010186483,0,12.654482799317815,242639002266,warm_cpu_state
1691103386.152,2023-08-03 22:56:26.152,1,70.59,4729572,1.3125000004947793,0,12.558431696912564,242640069113,warm_cpu_state
1691103386.7,2023-08-03 22:56:26.700,1,69.52,4729608,1.3125000004947793,0,12.558431696912564,242641209559,warm_cpu_state
1691103387.253,2023-08-03 22:56:27.253,1,81.93,4729680,1.7499999987194457,0,12.577354178625303,242642279266,warm_cpu_state
1691103387.807,2023-08-03 22:56:27.807,1,75.32,4729680,0.7499999999708962,0,12.5918996172099,242643384953,warm_cpu_state
1691103388.356,2023-08-03 22:56:28.356,1,62.96,4729752,0.7499999999708962,0,12.5918996172099,242644471594,warm_cpu_state
1691103388.902,2023-08-03 22:56:28.902,1,91.5,4729788,1.437500001338762,0,12.586864188764435,242645590723,warm_cpu_state
1691103389.456,2023-08-03 22:56:29.456,1,87.22,4729824,1.437500001338762,0,12.586864188764435,242646668358,warm_cpu_state
1691103390.019,2023-08-03 22:56:30.019,1,67.34,4729860,1.0625000002619345,0,12.599885587262632,242647778297,warm_cpu_state
1691103390.568,2023-08-03 22:56:30.568,1,70.46,4729896,1.0625000002619345,0,12.599885587262632,242648929822,warm_cpu_state
1691103391.142,2023-08-03 22:56:31.142,1,87.01,4729968,1.6875000001164153,0,12.58753476640245,242650095209,warm_cpu_state
1691103391.694,2023-08-03 22:56:31.694,1,83.61,4730004,1.6875000001164153,0,12.58753476640245,242651243703,warm_cpu_state
1691103392.242,2023-08-03 22:56:32.242,1,60.76,4730040,1.4374999998835847,0,12.568161168824139,242652191556,warm_cpu_state
1691103392.79,2023-08-03 22:56:32.790,1,71.6,4730076,1.1249999995925606,0,12.595813352151774,242653434267,warm_cpu_state
1691103393.346,2023-08-03 22:56:33.346,1,83.4,4730148,1.1249999995925606,0,12.595813352151774,242654492897,warm_cpu_state
1691103393.904,2023-08-03 22:56:33.904,1,82.22,4730184,0.5624999990686916,0,12.59116807796843,242655640740,warm_cpu_state
1691103394.462,2023-08-03 22:56:34.462,1,75.33,4730256,0.5624999990686916,0,12.59116807796843,242656816096,warm_cpu_state
1691103395.019,2023-08-03 22:56:35.019,1,98.34,4730256,1.7499999994470272,0,12.572660135159191,242657857852,warm_cpu_state
1691103395.566,2023-08-03 22:56:35.566,1,95.29,4730328,1.7499999994470272,0,12.572660135159191,242658943061,warm_cpu_state
1691103396.116,2023-08-03 22:56:36.116,1,79.31,4730364,2.1249999997962874,0,12.58426722445721,242660090188,warm_cpu_state
1691103396.664,2023-08-03 22:56:36.664,1,72.06,4730436,2.1249999997962874,0,12.58426722445721,242661178507,warm_cpu_state
1691103397.217,2023-08-03 22:56:37.217,1,56.68,4730436,1.4999999999417923,0,12.600531780259267,242662275111,warm_cpu_state
1691103397.774,2023-08-03 22:56:37.774,1,98.78,4730508,1.187499999650754,0,12.588144382437012,242663407520,warm_cpu_state
1691103398.327,2023-08-03 22:56:38.327,1,75.73,4730544,1.187499999650754,0,12.588144382437012,242664435575,warm_cpu_state
1691103398.88,2023-08-03 22:56:38.880,1,68.15,4730580,0.18749999944702722,0,12.589729384126866,242665596514,warm_cpu_state
1691103399.431,2023-08-03 22:56:39.431,1,60.4,4730616,0.18749999944702722,0,12.589729384126866,242666716656,warm_cpu_state
1691103399.993,2023-08-03 22:56:39.993,1,99.3,4730652,1.3750000005529728,0,12.5772200630977,242667816299,warm_cpu_state
1691103400.558,2023-08-03 22:56:40.558,1,90.4,4730724,1.3750000005529728,0,12.5772200630977,242668868992,warm_cpu_state
1691103401.104,2023-08-03 22:56:41.104,1,60.98,4730760,1.8750000002910525,0,12.572026134483247,242670029469,warm_cpu_state
1691103401.651,2023-08-03 22:56:41.651,1,61.43,4730796,1.8750000002910525,0,12.572026134483247,242671115549,warm_cpu_state
1691103402.201,2023-08-03 22:56:42.201,1,85.47,4730832,0.37500000034924597,0,12.558785274212608,242672199462,warm_cpu_state
1691103402.751,2023-08-03 22:56:42.751,1,67.6,4730868,0.37500000034924597,0,12.558785274212608,242673487675,warm_cpu_state
1691103403.304,2023-08-03 22:56:43.304,1,59.11,4730904,1.4375000006111662,0,12.588132190116319,242674511633,warm_cpu_state
1691103403.879,2023-08-03 22:56:43.879,1,87.85,4730976,2.0625000004656755,0,12.599666125490192,242675693849,warm_cpu_state
1691103404.444,2023-08-03 22:56:44.444,1,90.62,4731012,2.0625000004656755,0,12.599666125490192,242676818597,warm_cpu_state
1691103404.99,2023-08-03 22:56:44.990,1,70.48,4731048,2.8261952192104616,0,12.597239853672642,242677856067,warm_cpu_state
1691103405.544,2023-08-03 22:56:45.544,1,68.54,4731084,2.8261952192104616,0,12.597239853672642,242678973648,warm_cpu_state
1691103406.099,2023-08-03 22:56:46.099,1,91.14,4731156,2.1084337350858675,0,12.59720327671057,242680035752,warm_cpu_state
1691103406.65,2023-08-03 22:56:46.650,1,81.43,4731192,2.1084337350858675,0,12.59720327671057,242681240728,warm_cpu_state
1691103407.2,2023-08-03 22:56:47.200,1,61.38,4731228,1.3124999997671694,0,12.58110941339819,242682335261,warm_cpu_state
1691103407.754,2023-08-03 22:56:47.754,1,59.76,4731264,1.3124999997671694,0,12.56930724696911,242683471626,warm_cpu_state
1691103408.302,2023-08-03 22:56:48.302,1,96.24,4731336,0.3125000002910383,0,12.56930724696911,242684563785,warm_cpu_state
1691103408.848,2023-08-03 22:56:48.848,1,86.37,4731372,1.1875000003783498,0,12.57825641035645,242685684106,warm_cpu_state
1691103409.401,2023-08-03 22:56:49.401,1,65.31,4731408,1.1875000003783498,0,12.57825641035645,242686744106,warm_cpu_state
1691103410.032,2023-08-03 22:56:50.032,1,93.49,4731444,2.2499999991850927,0,12.566868782830873,242687869601,warm_cpu_state
1691103410.69,2023-08-03 22:56:50.690,1,82.8,4731516,2.2499999991850927,0,12.566868782830873,242688933466,warm_cpu_state
1691103411.238,2023-08-03 22:56:51.238,1,61.71,4731552,1.3749999990977813,0,12.597873854348588,242690083048,warm_cpu_state
1691103411.784,2023-08-03 22:56:51.784,1,60.14,4731588,1.3749999990977955,0,12.58518164850905,242691213833,warm_cpu_state
1691103412.339,2023-08-03 22:56:52.339,1,87.54,4731660,1.3749999990977955,0,12.58518164850905,242692196152,warm_cpu_state
1691103412.908,2023-08-03 22:56:52.908,1,85.78,4731696,1.1875000011059456,0,12.598446893421073,242693508825,warm_cpu_state
1691103413.458,2023-08-03 22:56:53.458,1,67.25,4731732,1.1875000011059456,0,12.598446893421073,242694636558,warm_cpu_state
1691103414.011,2023-08-03 22:56:54.011,1,63.47,4731768,1.0000000002037268,0,12.60678644077385,242695671379,warm_cpu_state
1691103414.56,2023-08-03 22:56:54.560,1,85.69,4731804,1.0000000002037268,0,12.60678644077385,242696817356,warm_cpu_state
1691103415.107,2023-08-03 22:56:55.107,1,82.72,4731876,1.8750000002910383,0,12.622221918768908,242697918966,warm_cpu_state
1691103415.654,2023-08-03 22:56:55.654,1,72.69,4731912,1.8750000002910383,0,12.622221918768908,242699028984,warm_cpu_state
1691103416.209,2023-08-03 22:56:56.209,1,60.03,4731948,1.5625000007275958,0,12.598056739158956,242700098528,warm_cpu_state
1691103416.766,2023-08-03 22:56:56.766,1,90.89,4731984,1.6874999993888338,0,12.587193381423099,242701270156,warm_cpu_state
1691103417.312,2023-08-03 22:56:57.312,1,80.62,4732056,1.6874999993888338,0,12.587193381423099,242702342430,warm_cpu_state
1691103417.862,2023-08-03 22:56:57.862,1,72.46,4732092,0.7499999985156904,0,12.590619423537325,242703355389,warm_cpu_state
1691103418.42,2023-08-03 22:56:58.420,1,58.44,4732128,0.7499999985156904,0,12.590619423537325,242704473991,warm_cpu_state
1691103418.968,2023-08-03 22:56:58.968,1,88.1,4732164,0.5000000004656329,0,12.58703488125411,242705577609,warm_cpu_state
1691103419.517,2023-08-03 22:56:59.517,1,86.43,4732200,0.5000000004656329,0,12.58703488125411,242706673114,warm_cpu_state
1691103420.067,2023-08-03 22:57:00.067,1,74.01,4732236,1.6250000007858034,0,12.584608609436563,242707761750,warm_cpu_state
1691103420.623,2023-08-03 22:57:00.623,1,71.87,4732272,1.6250000007858034,0,12.584608609436563,242708807857,warm_cpu_state
1691103421.173,2023-08-03 22:57:01.173,1,104.01,4732344,1.1875000003783498,0,12.595228120758598,242709924327,warm_cpu_state
1691103421.73,2023-08-03 22:57:01.730,1,84.38,4732380,1.1875000003783498,0,12.595228120758598,242711115143,warm_cpu_state
1691103422.281,2023-08-03 22:57:02.281,1,63.6,4732416,1.3125000012223609,0,12.596715583882922,242712215828,warm_cpu_state
1691103422.829,2023-08-03 22:57:02.829,1,66.14,4732452,1.3749999983701855,0,12.580219373987733,242713425138,warm_cpu_state
1691103423.376,2023-08-03 22:57:03.376,1,100.72,4732524,1.3749999983701855,0,12.580219373987733,242714502536,warm_cpu_state
1691103423.94,2023-08-03 22:57:03.940,1,85.77,4732560,1.3125000012223467,0,12.56043123750592,242715626601,warm_cpu_state
1691103424.491,2023-08-03 22:57:04.491,1,68.05,4732632,1.3125000012223467,0,12.56043123750592,242716678750,warm_cpu_state
1691103425.039,2023-08-03 22:57:05.039,1,59.48,4732668,2.062499998282874,0,12.569636439627773,242717769861,warm_cpu_state
1691103425.597,2023-08-03 22:57:05.597,1,77.33,4732668,2.062499998282874,0,12.569636439627773,242718945995,warm_cpu_state
1691103426.144,2023-08-03 22:57:06.144,1,80.53,4732740,0.8125000000291038,0,12.585303571715961,242720054553,warm_cpu_state
1691103426.694,2023-08-03 22:57:06.694,1,62.19,4732776,0.8125000000291038,0,12.585303571715961,242721098608,warm_cpu_state
1691103427.24,2023-08-03 22:57:07.240,1,54.76,4732812,1.0624999995343245,0,12.575574099804388,242722189580,warm_cpu_state
1691103427.791,2023-08-03 22:57:07.791,1,74.86,4732848,1.750000000174623,0,12.605494054780584,242723267659,warm_cpu_state
1691103428.351,2023-08-03 22:57:08.351,1,57.89,4732884,1.750000000174623,0,12.605494054780584,242724399972,warm_cpu_state
1691103428.906,2023-08-03 22:57:08.906,1,71.15,4732920,1.187500000378364,0,12.585559610450478,242725507882,warm_cpu_state
1691103429.481,2023-08-03 22:57:09.481,1,91.61,4732956,1.187500000378364,0,12.585559610450478,242726596110,warm_cpu_state
1691103430.027,2023-08-03 22:57:10.027,1,75.71,4732992,1.687500000844011,0,12.549921457070107,242727683002,warm_cpu_state
1691103430.573,2023-08-03 22:57:10.573,1,71.81,4733028,1.687500000844011,0,12.549921457070107,242728781904,warm_cpu_state
1691103431.125,2023-08-03 22:57:11.125,1,85.22,4733100,1.375000000552987,0,12.547397646687031,242729843774,warm_cpu_state
1691103431.673,2023-08-03 22:57:11.673,1,95.33,4733136,1.375000000552987,0,12.547397646687031,242730958609,warm_cpu_state
1691103432.223,2023-08-03 22:57:12.223,1,60.8,4733172,1.7500000001746372,0,12.564857049916824,242732109883,warm_cpu_state
1691103432.773,2023-08-03 22:57:12.773,1,74.06,4733208,1.062499998806743,0,12.540630908703415,242733370758,warm_cpu_state
1691103433.344,2023-08-03 22:57:13.344,1,87.79,4733280,1.062499998806743,0,12.540630908703415,242734563328,warm_cpu_state
1691103433.899,2023-08-03 22:57:13.899,1,97.63,4733316,1.2499999997089617,0,12.555871309567411,242735665230,warm_cpu_state
1691103434.451,2023-08-03 22:57:14.451,1,67.24,4733352,1.2499999997089617,0,12.555871309567411,242736762051,warm_cpu_state
1691103435.002,2023-08-03 22:57:15.002,1,73.05,4733388,1.0625000009895302,0,12.54975076458043,242737788497,warm_cpu_state
1691103435.548,2023-08-03 22:57:15.548,1,63.3,4733424,1.0625000009895302,0,12.54975076458043,242738897068,warm_cpu_state
1691103436.095,2023-08-03 22:57:16.095,1,101.51,4733496,1.8125000002328306,0,12.539387291992913,242740027924,warm_cpu_state
1691103436.668,2023-08-03 22:57:16.668,1,94.37,4733532,1.8125000002328306,0,12.539387291992913,242741193404,warm_cpu_state
1691103437.233,2023-08-03 22:57:17.233,1,109.31,4733604,0.8749999986321058,0,12.518123884707466,242742329469,warm_cpu_state
1691103437.78,2023-08-03 22:57:17.780,1,90.09,4733640,1.3124999997671694,0,12.547141607952513,242743407865,warm_cpu_state
1691103438.334,2023-08-03 22:57:18.334,1,81.39,4733712,1.3124999997671694,0,12.547141607952513,242744493751,warm_cpu_state
1691103438.895,2023-08-03 22:57:18.895,1,64.93,4733748,0.9375000008731007,0,12.574001290435222,242745391919,warm_cpu_state
1691103439.454,2023-08-03 22:57:19.454,1,66.75,4733784,0.9375000008731007,0,12.574001290435222,242746493962,warm_cpu_state
1691103440.005,2023-08-03 22:57:20.005,1,68.07,4733820,1.187499999650754,0,12.548056032004354,242747613847,warm_cpu_state
1691103440.557,2023-08-03 22:57:20.557,1,90.35,4733856,1.187499999650754,0,12.548056032004354,242748788508,warm_cpu_state
1691103441.129,2023-08-03 22:57:21.129,1,61.52,4733928,1.4375000013387762,0,12.5719529805591,242750000773,warm_cpu_state
1691103441.689,2023-08-03 22:57:21.689,1,62.22,4733964,1.4375000013387762,0,12.5719529805591,242751699159,warm_cpu_state
1691103442.257,2023-08-03 22:57:22.257,1,99.25,4734000,1.8750000002910383,0,12.56634451304115,242752820253,warm_cpu_state
1691103442.805,2023-08-03 22:57:22.805,1,87.59,4734036,0.5000000004656329,0,12.577183486135624,242754071288,warm_cpu_state
1691103443.357,2023-08-03 22:57:23.357,1,67.13,4734108,0.5000000004656329,0,12.577183486135624,242755164364,warm_cpu_state
1691103443.914,2023-08-03 22:57:23.914,1,65.56,4734144,1.249999999708976,0,12.606225594022055,242756204539,warm_cpu_state
1691103444.464,2023-08-03 22:57:24.464,1,100.75,4734180,1.249999999708976,0,12.606225594022055,242757294904,warm_cpu_state
1691103445.025,2023-08-03 22:57:25.025,1,83.49,4734216,2.5624999987485353,0,12.581304490529249,242758383646,warm_cpu_state
1691103445.577,2023-08-03 22:57:25.577,1,75.33,4734288,2.5624999987485353,0,12.581304490529249,242759468295,warm_cpu_state
1691103446.13,2023-08-03 22:57:26.130,1,96.27,4734324,1.1874999989231583,0,12.623806920458764,242760597180,warm_cpu_state
1691103446.679,2023-08-03 22:57:26.679,1,91.02,4734360,1.1874999989231583,0,12.623806920458764,242761663781,warm_cpu_state
1691103478.06,2023-08-03 22:57:58.060,1,139.0,4738356,9.500000000116401,0.39,15.294802998920737,242821642305,active_state
1691103478.626,2023-08-03 22:57:58.626,1,141.44,4738428,9.500000000116401,0.37,15.294802998920737,242822728809,active_state
1691103479.188,2023-08-03 22:57:59.188,1,134.04,4738500,8.74999999941791,0.37,15.306824627122257,242823874718,active_state
1691103479.741,2023-08-03 22:57:59.741,1,139.52,4738572,8.74999999941791,0.37,15.306824627122257,242824954981,active_state
1691103480.298,2023-08-03 22:58:00.298,1,135.5,4738680,8.562499999970896,0.37,15.299704311838596,242825989376,active_state
1691103480.846,2023-08-03 22:58:00.846,1,128.92,4738752,9.687499999563443,0.4,15.311189477929704,242827051229,active_state
1691103481.395,2023-08-03 22:58:01.395,1,130.51,4738788,9.687499999563443,0.35000000000000003,15.311189477929704,242828147187,active_state
1691103481.943,2023-08-03 22:58:01.943,1,138.72,4738896,8.375000001251465,0.35000000000000003,15.299972542893803,242829280636,active_state
1691103482.493,2023-08-03 22:58:02.493,1,140.16,4738968,8.375000001251465,0.37,15.299972542893803,242830124290,active_state
1691103483.053,2023-08-03 22:58:03.053,1,138.64,4739040,9.812499998952262,0.37,15.304349586021942,242831397363,active_state
1691103483.599,2023-08-03 22:58:03.599,1,134.4,4739112,9.812499998952262,0.37,15.304349586021942,242832509995,active_state
1691103484.156,2023-08-03 22:58:04.156,1,134.29,4739184,8.062499998777625,0.37,15.313615749747253,242833587290,active_state
1691103484.707,2023-08-03 22:58:04.707,1,129.74,4739256,8.062499998777625,0.34,15.313615749747253,242834698589,active_state
1691103485.284,2023-08-03 22:58:05.284,1,129.27,4739328,9.56250000235741,0.34,15.33395254066017,242835778783,active_state
1691103485.86,2023-08-03 22:58:05.860,1,144.56,4739436,8.874999999534339,0.38,15.35880049022883,242836939487,active_state
1691103486.413,2023-08-03 22:58:06.413,1,136.37,4739472,8.874999999534339,0.35000000000000003,15.35880049022883,242838036938,active_state
1691103486.977,2023-08-03 22:58:06.977,1,135.07,4739544,9.25000000061118,0.35000000000000003,15.376711009324199,242839146893,active_state
1691103487.53,2023-08-03 22:58:07.530,1,136.41,4739652,9.25000000061118,0.39,15.376711009324199,242840243551,active_state
1691103488.08,2023-08-03 22:58:08.080,1,140.94,4739724,8.937499998864936,0.39,15.343048011895805,242841341686,active_state
1691103488.63,2023-08-03 22:58:08.630,1,133.54,4739796,8.937499998864936,0.37,15.343048011895805,242842474509,active_state
1691103489.18,2023-08-03 22:58:09.180,1,145.37,4739868,8.374999999068663,0.37,15.307397666194742,242843516411,active_state
1691103489.732,2023-08-03 22:58:09.732,1,134.3,4739940,8.374999999068663,0.37,15.307397666194742,242844546034,active_state
1691103490.282,2023-08-03 22:58:10.282,1,132.25,4740012,10.062500000640284,0.37,15.310043399784732,242845663082,active_state
1691103490.862,2023-08-03 22:58:10.862,1,132.66,4740120,8.562500001426088,0.37,15.324637607652095,242846795936,active_state
1691103491.474,2023-08-03 22:58:11.474,1,140.58,4740192,8.562500001426088,0.38,15.324637607652095,242847965380,active_state
1691103492.024,2023-08-03 22:58:12.024,1,135.1,4740228,9.687500000291038,0.38,15.319175447982438,242849111633,active_state
1691103492.569,2023-08-03 22:58:12.569,1,140.41,4740336,9.687500000291038,0.37,15.319175447982438,242850254029,active_state
1691103493.119,2023-08-03 22:58:13.119,1,133.35,4740408,8.499999999185107,0.37,15.358824874870214,242851436147,active_state
1691103493.67,2023-08-03 22:58:13.670,1,130.6,4740480,8.499999999185107,0.37,15.358824874870214,242852533953,active_state
1691103494.228,2023-08-03 22:58:14.228,1,141.6,4740552,9.37499999927239,0.37,15.362226532343056,242853613288,active_state
1691103494.795,2023-08-03 22:58:14.795,1,132.48,4740624,9.062500000436557,0.37,15.353960138914424,242855019509,active_state
1691103495.348,2023-08-03 22:58:15.348,1,134.8,4740696,9.062500000436557,0.37,15.353960138914424,242856087302,active_state
1691103495.905,2023-08-03 22:58:15.905,1,135.04,4740804,9.937499999796259,0.37,15.316310252620008,242857060227,active_state
1691103496.451,2023-08-03 22:58:16.451,1,130.4,4740876,9.937499999796259,0.38,15.316310252620008,242858204320,active_state
1691103497.078,2023-08-03 22:58:17.078,1,136.83,4740948,8.874999998806729,0.38,15.316261483337243,242859347163,active_state
1691103497.63,2023-08-03 22:58:17.630,1,136.2,4740984,8.874999998806729,0.37,15.316261483337243,242860498417,active_state
1691103498.178,2023-08-03 22:58:18.178,1,128.76,4741092,8.874999999534339,0.37,15.316432175826918,242861577110,active_state
1691103498.725,2023-08-03 22:58:18.725,1,133.07,4741164,8.874999999534339,0.35000000000000003,15.316432175826918,242862619358,active_state
1691103499.278,2023-08-03 22:58:19.278,1,133.41,4741236,8.375000001251465,0.35000000000000003,15.348010286417122,242863710702,active_state
1691103499.831,2023-08-03 22:58:19.831,1,136.57,4741308,9.750000002532033,0.37,15.346717900423853,242864813299,active_state
1691103500.382,2023-08-03 22:58:20.382,1,136.8,4741380,9.750000002532033,0.37,15.346717900423853,242865947905,active_state
1691103500.936,2023-08-03 22:58:20.936,1,135.16,4741452,8.43749999839929,0.37,15.322613682417357,242867039187,active_state
1691103501.503,2023-08-03 22:58:21.503,1,129.06,4741560,8.43749999839929,0.38,15.322613682417357,242868142714,active_state
1691103502.054,2023-08-03 22:58:22.054,1,137.75,4741632,9.374999999272404,0.38,15.317419753802907,242869249758,active_state
1691103502.603,2023-08-03 22:58:22.603,1,135.01,4741668,9.374999999272404,0.37,15.317419753802907,242870379356,active_state
1691103503.161,2023-08-03 22:58:23.161,1,138.95,4741776,8.562499999970896,0.37,15.32090675752059,242871541615,active_state
1691103503.715,2023-08-03 22:58:23.715,1,130.36,4741848,8.562499999970896,0.38,15.32090675752059,242872671429,active_state
1691103504.264,2023-08-03 22:58:24.264,1,140.29,4741920,9.187500001280554,0.38,15.356508333938883,242873691995,active_state
1691103504.815,2023-08-03 22:58:24.815,1,130.11,4741992,9.562500000174609,0.38,15.362275301625822,242874749570,active_state
1691103505.362,2023-08-03 22:58:25.362,1,138.4,4742064,9.562500000174609,0.39,15.362275301625822,242875860815,active_state
1691103505.913,2023-08-03 22:58:25.913,1,133.45,4742136,9.187499999097781,0.39,15.3779546260347,242876923970,active_state
1691103506.468,2023-08-03 22:58:26.468,1,128.12,4742244,9.187499999097781,0.37,15.3779546260347,242878049045,active_state
1691103507.02,2023-08-03 22:58:27.020,1,132.9,4742280,9.00000000037835,0.37,15.372992351513384,242879050042,active_state
1691103507.584,2023-08-03 22:58:27.584,1,135.38,4742352,9.00000000037835,0.36,15.372992351513384,242880222021,active_state
1691103508.137,2023-08-03 22:58:28.137,1,132.22,4742460,8.624999998573927,0.36,15.358373759004637,242881364934,active_state
1691103508.694,2023-08-03 22:58:28.694,1,135.54,4742532,8.624999998573927,0.38,15.358373759004637,242882460580,active_state
1691103509.242,2023-08-03 22:58:29.242,1,134.52,4742568,8.375000001251465,0.38,15.339329354084988,242883604622,active_state
1691103509.789,2023-08-03 22:58:29.789,1,134.1,4742676,9.62499999877764,0.36,15.35830060508049,242884709849,active_state
1691103510.34,2023-08-03 22:58:30.340,1,127.26,4742748,9.62499999877764,0.36,15.35830060508049,242885788658,active_state
1691103510.885,2023-08-03 22:58:30.885,1,135.75,4742820,8.75000000160071,0.38,15.319260794227278,242886881145,active_state
1691103511.436,2023-08-03 22:58:31.436,1,135.49,4742892,8.75000000160071,0.39,15.319260794227278,242887977544,active_state
1691103511.998,2023-08-03 22:58:31.998,1,135.81,4742964,9.687499999563443,0.39,15.298875234031595,242889095594,active_state
1691103512.578,2023-08-03 22:58:32.578,1,143.62,4743036,9.687499999563443,0.39,15.298875234031595,242890166319,active_state
1691103513.201,2023-08-03 22:58:33.201,1,136.76,4743144,9.312500000669388,0.39,15.30727574298783,242890999676,active_state
1691103516.216,2023-08-03 22:58:36.216,1,138.41,4743540,9.562500000174609,0.38,15.330965422090829,242891477637,active_state
1691103519.229,2023-08-03 22:58:39.229,1,141.01,4743972,8.499999999912689,0.38,15.359275990735789,242892922299,active_state
1691103519.78,2023-08-03 22:58:39.780,1,136.56,4744044,8.437499999126885,0.37,15.319699717772162,242894022214,active_state
1691103520.331,2023-08-03 22:58:40.331,1,138.32,4744116,8.437499999126885,0.37,15.319699717772162,242895118421,active_state
1691103520.878,2023-08-03 22:58:40.878,1,140.77,4744224,10.374999998748535,0.36,15.289292069968313,242896257901,active_state
1691103521.437,2023-08-03 22:58:41.437,1,155.39,4744296,10.374999998748535,0.41000000000000003,15.289292069968313,242897252574,active_state
1691103522.025,2023-08-03 22:58:42.025,1,151.02,4744368,9.062500002619345,0.41000000000000003,15.33884166125734,242898396614,active_state
1691103522.575,2023-08-03 22:58:42.575,1,156.27,4744476,9.062500002619345,0.36,15.33884166125734,242899510786,active_state
1691103523.129,2023-08-03 22:58:43.129,1,140.79,4744548,8.687500000087326,0.36,15.327356495166233,242900767667,active_state
1691103523.683,2023-08-03 22:58:43.683,1,133.97,4744620,8.687500000087326,0.35000000000000003,15.327356495166233,242901841133,active_state
1691103524.249,2023-08-03 22:58:44.249,1,139.89,4744692,9.3124999984866,0.35000000000000003,15.355691448452575,242902969310,active_state
1691103524.801,2023-08-03 22:58:44.801,1,132.82,4744764,9.687499998835833,0.36,15.325137492800433,242904093777,active_state
1691103525.352,2023-08-03 22:58:45.352,1,138.7,4744872,9.687499998835833,0.37,15.325137492800433,242905212901,active_state
1691103525.899,2023-08-03 22:58:45.899,1,125.97,4744944,10.812500001338776,0.37,15.323857299127857,242906308506,active_state
1691103526.446,2023-08-03 22:58:46.446,1,140.9,4744980,10.812500001338776,0.37,15.323857299127857,242907414830,active_state
1691103526.995,2023-08-03 22:58:46.995,1,129.47,4745088,9.062499999708962,0.37,15.331355576352944,242908561720,active_state
1691103527.55,2023-08-03 22:58:47.550,1,140.19,4745160,9.062499999708962,0.37,15.331355576352944,242909552708,active_state
1691103528.12,2023-08-03 22:58:48.120,1,134.48,4745232,8.187499999621664,0.37,15.322894105793255,242910689507,active_state
1691103528.677,2023-08-03 22:58:48.677,1,127.5,4745304,8.187499999621664,0.37,15.322894105793255,242911791517,active_state
1691103529.264,2023-08-03 22:58:49.264,1,136.56,4745412,9.749999999621636,0.37,15.341609318054243,242912935502,active_state
1691103529.812,2023-08-03 22:58:49.812,1,139.21,4745448,8.812500001658918,0.37,15.361738839515409,242914035563,active_state
1691103530.359,2023-08-03 22:58:50.359,1,142.95,4745556,8.812500001658918,0.38,15.361738839515409,242915017479,active_state
1691103530.912,2023-08-03 22:58:50.912,1,134.21,4745628,8.999999999650754,0.38,15.326198224700569,242916155379,active_state
1691103531.467,2023-08-03 22:58:51.467,1,140.76,4745700,8.999999999650754,0.37,15.326198224700569,242917207751,active_state
1691103532.022,2023-08-03 22:58:52.022,1,126.57,4745772,9.06249999752616,0.37,15.320150833637737,242918351233,active_state
1691103532.579,2023-08-03 22:58:52.579,1,138.6,4745844,9.06249999752616,0.37,15.320150833637737,242919435790,active_state
1691103533.132,2023-08-03 22:58:53.132,1,138.94,4745916,8.875000001717126,0.37,15.370212502395791,242920639285,active_state
1691103533.693,2023-08-03 22:58:53.693,1,137.58,4746024,8.875000001717126,0.37,15.370212502395791,242921691060,active_state
1691103534.246,2023-08-03 22:58:54.246,1,142.27,4746060,8.75000000160071,0.37,15.375552738858536,242922772724,active_state
1691103534.793,2023-08-03 22:58:54.793,1,132.21,4746132,10.312499997962732,0.37,15.323540298789887,242923925137,active_state
1691103535.341,2023-08-03 22:58:55.341,1,129.46,4746240,10.312499997962732,0.37,15.323540298789887,242925069089,active_state
1691103535.886,2023-08-03 22:58:55.886,1,145.06,4746312,8.187500000349246,0.38,15.41734801418796,242926164362,active_state
1691103536.458,2023-08-03 22:58:56.458,1,135.53,4746348,8.187500000349246,0.37,15.41734801418796,242927179697,active_state
1691103537.012,2023-08-03 22:58:57.012,1,144.66,4746456,9.062499999708962,0.37,15.343108973499259,242928347635,active_state
1691103537.565,2023-08-03 22:58:57.565,1,131.39,4746528,9.062499999708962,0.37,15.343108973499259,242929437743,active_state
1691103538.115,2023-08-03 22:58:58.115,1,141.26,4746600,9.187500000552987,0.37,15.342316472654332,242930574262,active_state
1691103538.678,2023-08-03 22:58:58.678,1,135.33,4746708,9.187500000552987,0.38,15.342316472654332,242931614288,active_state
1691103539.257,2023-08-03 22:58:59.257,1,139.28,4746744,8.374999999796287,0.38,15.337963814167574,242932561931,active_state
1691103539.821,2023-08-03 22:58:59.821,1,136.33,4746816,9.937500000523869,0.4,15.35187525207623,242933666432,active_state
1691103540.369,2023-08-03 22:59:00.369,1,131.45,4746924,9.937500000523869,0.37,15.35187525207623,242934758592,active_state
1691103540.919,2023-08-03 22:59:00.919,1,135.17,4746996,9.062500000436557,0.37,15.350887674100244,242935891483,active_state
1691103541.475,2023-08-03 22:59:01.475,1,135.47,4747068,9.062500000436557,0.38,15.350887674100244,242936897158,active_state
1691103542.034,2023-08-03 22:59:02.034,1,135.01,4747140,8.249999999679858,0.38,15.322150374231091,242938082017,active_state
1691103542.58,2023-08-03 22:59:02.580,1,138.21,4747212,8.249999999679858,0.39,15.322150374231091,242939164902,active_state
1691103543.13,2023-08-03 22:59:03.130,1,135.44,4747284,9.562499998719446,0.39,15.33029484445281,242940356697,active_state
1691103543.684,2023-08-03 22:59:03.684,1,132.58,4747392,9.562499998719446,0.38,15.33029484445281,242941456157,active_state
1691103544.239,2023-08-03 22:59:04.239,1,139.48,4747428,8.812500001658918,0.38,15.33946346961259,242942596498,active_state
1691103544.785,2023-08-03 22:59:04.785,1,137.74,4747500,9.937499999796287,0.39,15.303313238763192,242943637153,active_state
1691103545.341,2023-08-03 22:59:05.341,1,132.37,4747608,9.937499999796287,0.39,15.303313238763192,242944718731,active_state
1691103545.901,2023-08-03 22:59:05.901,1,135.37,4747680,9.437500000058208,0.38,15.344462321095984,242945901153,active_state
1691103546.447,2023-08-03 22:59:06.447,1,135.58,4747716,9.437500000058208,0.39,15.344462321095984,242947013405,active_state
1691103546.998,2023-08-03 22:59:06.998,1,131.73,4747824,8.437499999126885,0.39,15.340304739740285,242948120226,active_state
1691103547.552,2023-08-03 22:59:07.552,1,137.97,4747896,8.437499999126885,0.39,15.340304739740285,242949136077,active_state
1691103548.101,2023-08-03 22:59:08.101,1,129.57,4747968,9.249999999883585,0.39,15.306263780370461,242950259046,active_state
1691103548.648,2023-08-03 22:59:08.648,1,136.19,4748040,9.249999999883585,0.39,15.306263780370461,242951418336,active_state
1691103549.206,2023-08-03 22:59:09.206,1,130.91,4748112,8.437500000582077,0.39,15.31153086290906,242952435730,active_state
